2026-04-22 17:16:22,786 - Peer 1006 makes a connection to Peer 1001.
2026-04-22 17:16:22,788 - Peer 1006 makes a connection to Peer 1002.
2026-04-22 17:16:22,796 - Peer 1006 makes a connection to Peer 1003.
2026-04-22 17:16:22,803 - Peer 1006 makes a connection to Peer 1004.
2026-04-22 17:16:22,804 - Peer 1006 makes a connection to Peer 1005.
2026-04-22 17:16:23,870 - Peer 1006 is unchoked by 1001.
2026-04-22 17:16:23,896 - Peer 1006 has downloaded the piece 1262 from 1001. Now the number of pieces it has is 1.
2026-04-22 17:16:23,898 - Peer 1006 received the 'not interested' message from 1002.
2026-04-22 17:16:23,899 - Peer 1006 received the 'not interested' message from 1005.
2026-04-22 17:16:23,899 - Peer 1006 received the 'not interested' message from 1001.
2026-04-22 17:16:23,901 - Peer 1006 has downloaded the piece 868 from 1001. Now the number of pieces it has is 2.
2026-04-22 17:16:23,902 - Peer 1006 received the 'not interested' message from 1002.
2026-04-22 17:16:23,902 - Peer 1006 received the 'not interested' message from 1005.
2026-04-22 17:16:23,903 - Peer 1006 received the 'not interested' message from 1001.
2026-04-22 17:16:23,904 - Peer 1006 has downloaded the piece 1226 from 1001. Now the number of pieces it has is 3.
2026-04-22 17:16:23,906 - Peer 1006 received the 'not interested' message from 1002.
2026-04-22 17:16:23,907 - Peer 1006 received the 'not interested' message from 1001.
2026-04-22 17:16:23,907 - Peer 1006 received the 'not interested' message from 1005.
2026-04-22 17:16:23,908 - Peer 1006 has downloaded the piece 279 from 1001. Now the number of pieces it has is 4.
2026-04-22 17:16:23,909 - Peer 1006 received the 'not interested' message from 1002.
2026-04-22 17:16:23,910 - Peer 1006 received the 'not interested' message from 1005.
2026-04-22 17:16:23,910 - Peer 1006 received the 'not interested' message from 1001.
2026-04-22 17:16:23,913 - Peer 1006 has downloaded the piece 320 from 1001. Now the number of pieces it has is 5.
2026-04-22 17:16:23,913 - Peer 1006 received the 'not interested' message from 1002.
2026-04-22 17:16:23,915 - Peer 1006 received the 'not interested' message from 1005.
2026-04-22 17:16:23,915 - Peer 1006 received the 'not interested' message from 1001.
2026-04-22 17:16:23,915 - Peer 1006 has downloaded the piece 621 from 1001. Now the number of pieces it has is 6.
2026-04-22 17:16:23,917 - Peer 1006 received the 'not interested' message from 1002.
2026-04-22 17:16:23,917 - Peer 1006 received the 'not interested' message from 1001.
2026-04-22 17:16:23,919 - Peer 1006 received the 'not interested' message from 1005.
2026-04-22 17:16:23,920 - Peer 1006 has downloaded the piece 282 from 1001. Now the number of pieces it has is 7.
2026-04-22 17:16:23,921 - Peer 1006 received the 'not interested' message from 1002.
2026-04-22 17:16:23,922 - Peer 1006 received the 'not interested' message from 1005.
2026-04-22 17:16:23,922 - Peer 1006 received the 'not interested' message from 1001.
2026-04-22 17:16:23,924 - Peer 1006 has downloaded the piece 643 from 1001. Now the number of pieces it has is 8.
2026-04-22 17:16:23,925 - Peer 1006 received the 'not interested' message from 1002.
2026-04-22 17:16:23,925 - Peer 1006 received the 'not interested' message from 1005.
2026-04-22 17:16:23,925 - Peer 1006 received the 'not interested' message from 1001.
2026-04-22 17:16:23,926 - Peer 1006 has downloaded the piece 357 from 1001. Now the number of pieces it has is 9.
2026-04-22 17:16:23,927 - Peer 1006 received the 'not interested' message from 1002.
2026-04-22 17:16:23,927 - Peer 1006 received the 'not interested' message from 1005.
2026-04-22 17:16:23,929 - Peer 1006 received the 'not interested' message from 1001.
2026-04-22 17:16:23,929 - Peer 1006 has downloaded the piece 292 from 1001. Now the number of pieces it has is 10.
2026-04-22 17:16:23,932 - Peer 1006 received the 'not interested' message from 1002.
2026-04-22 17:16:23,932 - Peer 1006 received the 'not interested' message from 1001.
2026-04-22 17:16:23,933 - Peer 1006 received the 'not interested' message from 1005.
2026-04-22 17:16:23,934 - Peer 1006 has downloaded the piece 1066 from 1001. Now the number of pieces it has is 11.
2026-04-22 17:16:23,935 - Peer 1006 received the 'not interested' message from 1002.
2026-04-22 17:16:23,936 - Peer 1006 received the 'not interested' message from 1005.
2026-04-22 17:16:23,936 - Peer 1006 received the 'not interested' message from 1001.
2026-04-22 17:16:23,937 - Peer 1006 received the 'not interested' message from 1004.
2026-04-22 17:16:23,937 - Peer 1006 received the 'not interested' message from 1003.
2026-04-22 17:16:23,937 - Peer 1006 has downloaded the piece 1001 from 1001. Now the number of pieces it has is 12.
2026-04-22 17:16:23,939 - Peer 1006 received the 'not interested' message from 1002.
2026-04-22 17:16:23,941 - Peer 1006 received the 'not interested' message from 1001.
2026-04-22 17:16:23,941 - Peer 1006 received the 'not interested' message from 1005.
2026-04-22 17:16:23,941 - Peer 1006 has downloaded the piece 445 from 1001. Now the number of pieces it has is 13.
2026-04-22 17:16:23,942 - Peer 1006 received the 'not interested' message from 1002.
2026-04-22 17:16:23,943 - Peer 1006 received the 'not interested' message from 1001.
2026-04-22 17:16:23,943 - Peer 1006 received the 'not interested' message from 1005.
2026-04-22 17:16:23,944 - Peer 1006 has downloaded the piece 903 from 1001. Now the number of pieces it has is 14.
2026-04-22 17:16:23,945 - Peer 1006 received the 'not interested' message from 1002.
2026-04-22 17:16:23,946 - Peer 1006 received the 'not interested' message from 1005.
2026-04-22 17:16:23,946 - Peer 1006 received the 'not interested' message from 1001.
2026-04-22 17:16:23,947 - Peer 1006 has downloaded the piece 869 from 1001. Now the number of pieces it has is 15.
2026-04-22 17:16:23,949 - Peer 1006 received the 'not interested' message from 1002.
2026-04-22 17:16:23,949 - Peer 1006 received the 'not interested' message from 1005.
2026-04-22 17:16:23,950 - Peer 1006 received the 'not interested' message from 1004.
2026-04-22 17:16:23,950 - Peer 1006 received the 'not interested' message from 1001.
2026-04-22 17:16:23,951 - Peer 1006 received the 'not interested' message from 1003.
2026-04-22 17:16:23,952 - Peer 1006 has downloaded the piece 684 from 1001. Now the number of pieces it has is 16.
2026-04-22 17:16:23,954 - Peer 1006 received the 'not interested' message from 1002.
2026-04-22 17:16:23,955 - Peer 1006 received the 'not interested' message from 1005.
2026-04-22 17:16:23,955 - Peer 1006 received the 'not interested' message from 1004.
2026-04-22 17:16:23,955 - Peer 1006 received the 'not interested' message from 1003.
2026-04-22 17:16:23,955 - Peer 1006 received the 'not interested' message from 1001.
2026-04-22 17:16:23,955 - Peer 1006 received the 'not interested' message from 1004.
2026-04-22 17:16:23,955 - Peer 1006 received the 'not interested' message from 1003.
2026-04-22 17:16:23,957 - Peer 1006 received the 'not interested' message from 1004.
2026-04-22 17:16:23,957 - Peer 1006 received the 'not interested' message from 1003.
2026-04-22 17:16:23,957 - Peer 1006 received the 'not interested' message from 1004.
2026-04-22 17:16:23,957 - Peer 1006 received the 'not interested' message from 1003.
2026-04-22 17:16:23,958 - Peer 1006 has downloaded the piece 664 from 1001. Now the number of pieces it has is 17.
2026-04-22 17:16:23,958 - Peer 1006 received the 'not interested' message from 1004.
2026-04-22 17:16:23,958 - Peer 1006 received the 'not interested' message from 1003.
2026-04-22 17:16:23,958 - Peer 1006 received the 'not interested' message from 1003.
2026-04-22 17:16:23,959 - Peer 1006 received the 'not interested' message from 1003.
2026-04-22 17:16:23,959 - Peer 1006 received the 'not interested' message from 1002.
2026-04-22 17:16:23,959 - Peer 1006 received the 'not interested' message from 1003.
2026-04-22 17:16:23,959 - Peer 1006 received the 'not interested' message from 1004.
2026-04-22 17:16:23,961 - Peer 1006 received the 'not interested' message from 1005.
2026-04-22 17:16:23,961 - Peer 1006 received the 'not interested' message from 1003.
2026-04-22 17:16:23,961 - Peer 1006 received the 'not interested' message from 1004.
2026-04-22 17:16:23,962 - Peer 1006 received the 'not interested' message from 1001.
2026-04-22 17:16:23,962 - Peer 1006 received the 'not interested' message from 1003.
2026-04-22 17:16:23,963 - Peer 1006 received the 'not interested' message from 1004.
2026-04-22 17:16:23,963 - Peer 1006 received the 'not interested' message from 1003.
2026-04-22 17:16:23,963 - Peer 1006 received the 'not interested' message from 1004.
2026-04-22 17:16:23,963 - Peer 1006 received the 'not interested' message from 1003.
2026-04-22 17:16:23,965 - Peer 1006 has downloaded the piece 622 from 1001. Now the number of pieces it has is 18.
2026-04-22 17:16:23,966 - Peer 1006 received the 'not interested' message from 1002.
2026-04-22 17:16:23,967 - Peer 1006 received the 'not interested' message from 1005.
2026-04-22 17:16:23,967 - Peer 1006 received the 'not interested' message from 1001.
2026-04-22 17:16:23,967 - Peer 1006 received the 'not interested' message from 1003.
2026-04-22 17:16:23,967 - Peer 1006 received the 'not interested' message from 1004.
2026-04-22 17:16:23,969 - Peer 1006 received the 'not interested' message from 1003.
2026-04-22 17:16:23,969 - Peer 1006 has downloaded the piece 557 from 1001. Now the number of pieces it has is 19.
2026-04-22 17:16:23,969 - Peer 1006 received the 'not interested' message from 1004.
2026-04-22 17:16:23,971 - Peer 1006 received the 'not interested' message from 1002.
2026-04-22 17:16:23,972 - Peer 1006 received the 'not interested' message from 1001.
2026-04-22 17:16:23,972 - Peer 1006 received the 'not interested' message from 1005.
2026-04-22 17:16:23,974 - Peer 1006 received the 'not interested' message from 1003.
2026-04-22 17:16:23,974 - Peer 1006 received the 'not interested' message from 1004.
2026-04-22 17:16:23,974 - Peer 1006 received the 'not interested' message from 1004.
2026-04-22 17:16:23,974 - Peer 1006 received the 'not interested' message from 1004.
2026-04-22 17:16:23,974 - Peer 1006 received the 'not interested' message from 1004.
2026-04-22 17:16:23,978 - Peer 1006 has downloaded the piece 1581 from 1001. Now the number of pieces it has is 20.
2026-04-22 17:16:23,979 - Peer 1006 received the 'not interested' message from 1003.
2026-04-22 17:16:23,979 - Peer 1006 received the 'not interested' message from 1004.
2026-04-22 17:16:23,979 - Peer 1006 received the 'not interested' message from 1002.
2026-04-22 17:16:23,981 - Peer 1006 received the 'not interested' message from 1005.
2026-04-22 17:16:23,981 - Peer 1006 received the 'not interested' message from 1001.
2026-04-22 17:16:23,982 - Peer 1006 has downloaded the piece 354 from 1001. Now the number of pieces it has is 21.
2026-04-22 17:16:23,984 - Peer 1006 received the 'not interested' message from 1002.
2026-04-22 17:16:23,985 - Peer 1006 received the 'not interested' message from 1005.
2026-04-22 17:16:23,985 - Peer 1006 received the 'not interested' message from 1001.
2026-04-22 17:16:23,986 - Peer 1006 has downloaded the piece 1335 from 1001. Now the number of pieces it has is 22.
2026-04-22 17:16:23,987 - Peer 1006 received the 'not interested' message from 1002.
2026-04-22 17:16:23,988 - Peer 1006 received the 'not interested' message from 1005.
2026-04-22 17:16:23,988 - Peer 1006 received the 'not interested' message from 1001.
2026-04-22 17:16:23,989 - Peer 1006 has downloaded the piece 933 from 1001. Now the number of pieces it has is 23.
2026-04-22 17:16:23,992 - Peer 1006 received the 'not interested' message from 1002.
2026-04-22 17:16:23,992 - Peer 1006 received the 'not interested' message from 1004.
2026-04-22 17:16:23,992 - Peer 1006 received the 'not interested' message from 1003.
2026-04-22 17:16:23,993 - Peer 1006 received the 'not interested' message from 1001.
2026-04-22 17:16:23,993 - Peer 1006 received the 'not interested' message from 1005.
2026-04-22 17:16:23,994 - Peer 1006 has downloaded the piece 524 from 1001. Now the number of pieces it has is 24.
2026-04-22 17:16:23,996 - Peer 1006 received the 'not interested' message from 1002.
2026-04-22 17:16:23,996 - Peer 1006 received the 'not interested' message from 1003.
2026-04-22 17:16:23,996 - Peer 1006 received the 'not interested' message from 1004.
2026-04-22 17:16:23,997 - Peer 1006 received the 'not interested' message from 1005.
2026-04-22 17:16:23,997 - Peer 1006 received the 'not interested' message from 1001.
2026-04-22 17:16:23,999 - Peer 1006 has downloaded the piece 1461 from 1001. Now the number of pieces it has is 25.
2026-04-22 17:16:24,000 - Peer 1006 received the 'not interested' message from 1002.
2026-04-22 17:16:24,001 - Peer 1006 received the 'not interested' message from 1005.
2026-04-22 17:16:24,002 - Peer 1006 received the 'not interested' message from 1001.
2026-04-22 17:16:24,002 - Peer 1006 received the 'not interested' message from 1004.
2026-04-22 17:16:24,002 - Peer 1006 received the 'not interested' message from 1003.
2026-04-22 17:16:24,002 - Peer 1006 received the 'not interested' message from 1004.
2026-04-22 17:16:24,002 - Peer 1006 has downloaded the piece 549 from 1001. Now the number of pieces it has is 26.
2026-04-22 17:16:24,004 - Peer 1006 received the 'not interested' message from 1002.
2026-04-22 17:16:24,005 - Peer 1006 received the 'not interested' message from 1005.
2026-04-22 17:16:24,005 - Peer 1006 received the 'not interested' message from 1001.
2026-04-22 17:16:24,005 - Peer 1006 received the 'not interested' message from 1003.
2026-04-22 17:16:24,006 - Peer 1006 received the 'not interested' message from 1004.
2026-04-22 17:16:24,006 - Peer 1006 received the 'not interested' message from 1003.
2026-04-22 17:16:24,006 - Peer 1006 has downloaded the piece 138 from 1001. Now the number of pieces it has is 27.
2026-04-22 17:16:24,006 - Peer 1006 received the 'not interested' message from 1004.
2026-04-22 17:16:24,006 - Peer 1006 received the 'not interested' message from 1003.
2026-04-22 17:16:24,007 - Peer 1006 received the 'not interested' message from 1002.
2026-04-22 17:16:24,009 - Peer 1006 received the 'not interested' message from 1005.
2026-04-22 17:16:24,009 - Peer 1006 received the 'not interested' message from 1001.
2026-04-22 17:16:24,011 - Peer 1006 received the 'not interested' message from 1003.
2026-04-22 17:16:24,011 - Peer 1006 received the 'not interested' message from 1004.
2026-04-22 17:16:24,012 - Peer 1006 has downloaded the piece 866 from 1001. Now the number of pieces it has is 28.
2026-04-22 17:16:24,014 - Peer 1006 received the 'not interested' message from 1002.
2026-04-22 17:16:24,014 - Peer 1006 received the 'not interested' message from 1005.
2026-04-22 17:16:24,014 - Peer 1006 received the 'not interested' message from 1001.
2026-04-22 17:16:24,015 - Peer 1006 has downloaded the piece 463 from 1001. Now the number of pieces it has is 29.
2026-04-22 17:16:24,016 - Peer 1006 received the 'not interested' message from 1002.
2026-04-22 17:16:24,018 - Peer 1006 received the 'not interested' message from 1005.
2026-04-22 17:16:24,018 - Peer 1006 received the 'not interested' message from 1001.
2026-04-22 17:16:24,018 - Peer 1006 received the 'not interested' message from 1003.
2026-04-22 17:16:24,018 - Peer 1006 received the 'not interested' message from 1004.
2026-04-22 17:16:24,019 - Peer 1006 has downloaded the piece 105 from 1001. Now the number of pieces it has is 30.
2026-04-22 17:16:24,020 - Peer 1006 received the 'not interested' message from 1002.
2026-04-22 17:16:24,021 - Peer 1006 received the 'not interested' message from 1005.
2026-04-22 17:16:24,021 - Peer 1006 received the 'not interested' message from 1001.
2026-04-22 17:16:24,022 - Peer 1006 has downloaded the piece 1229 from 1001. Now the number of pieces it has is 31.
2026-04-22 17:16:24,024 - Peer 1006 received the 'not interested' message from 1002.
2026-04-22 17:16:24,024 - Peer 1006 received the 'not interested' message from 1005.
2026-04-22 17:16:24,024 - Peer 1006 received the 'not interested' message from 1001.
2026-04-22 17:16:24,024 - Peer 1006 received the 'not interested' message from 1003.
2026-04-22 17:16:24,024 - Peer 1006 received the 'not interested' message from 1004.
2026-04-22 17:16:24,025 - Peer 1006 has downloaded the piece 1280 from 1001. Now the number of pieces it has is 32.
2026-04-22 17:16:24,027 - Peer 1006 received the 'not interested' message from 1002.
2026-04-22 17:16:24,027 - Peer 1006 received the 'not interested' message from 1005.
2026-04-22 17:16:24,027 - Peer 1006 received the 'not interested' message from 1001.
2026-04-22 17:16:24,029 - Peer 1006 has downloaded the piece 344 from 1001. Now the number of pieces it has is 33.
2026-04-22 17:16:24,031 - Peer 1006 received the 'not interested' message from 1002.
2026-04-22 17:16:24,032 - Peer 1006 received the 'not interested' message from 1001.
2026-04-22 17:16:24,033 - Peer 1006 received the 'not interested' message from 1005.
2026-04-22 17:16:24,033 - Peer 1006 received the 'not interested' message from 1003.
2026-04-22 17:16:24,033 - Peer 1006 received the 'not interested' message from 1004.
2026-04-22 17:16:24,034 - Peer 1006 received the 'not interested' message from 1003.
2026-04-22 17:16:24,034 - Peer 1006 received the 'not interested' message from 1004.
2026-04-22 17:16:24,035 - Peer 1006 has downloaded the piece 1170 from 1001. Now the number of pieces it has is 34.
2026-04-22 17:16:24,036 - Peer 1006 received the 'not interested' message from 1002.
2026-04-22 17:16:24,036 - Peer 1006 received the 'not interested' message from 1005.
2026-04-22 17:16:24,038 - Peer 1006 received the 'not interested' message from 1001.
2026-04-22 17:16:24,038 - Peer 1006 has downloaded the piece 1440 from 1001. Now the number of pieces it has is 35.
2026-04-22 17:16:24,041 - Peer 1006 received the 'not interested' message from 1002.
2026-04-22 17:16:24,042 - Peer 1006 received the 'not interested' message from 1005.
2026-04-22 17:16:24,042 - Peer 1006 received the 'not interested' message from 1001.
2026-04-22 17:16:24,042 - Peer 1006 has downloaded the piece 1104 from 1001. Now the number of pieces it has is 36.
2026-04-22 17:16:24,045 - Peer 1006 received the 'not interested' message from 1002.
2026-04-22 17:16:24,045 - Peer 1006 received the 'not interested' message from 1005.
2026-04-22 17:16:24,046 - Peer 1006 received the 'not interested' message from 1004.
2026-04-22 17:16:24,046 - Peer 1006 received the 'not interested' message from 1003.
2026-04-22 17:16:24,046 - Peer 1006 received the 'not interested' message from 1001.
2026-04-22 17:16:24,047 - Peer 1006 received the 'not interested' message from 1004.
2026-04-22 17:16:24,047 - Peer 1006 received the 'not interested' message from 1003.
2026-04-22 17:16:24,049 - Peer 1006 has downloaded the piece 115 from 1001. Now the number of pieces it has is 37.
2026-04-22 17:16:24,050 - Peer 1006 received the 'not interested' message from 1002.
2026-04-22 17:16:24,051 - Peer 1006 received the 'not interested' message from 1005.
2026-04-22 17:16:24,052 - Peer 1006 received the 'not interested' message from 1001.
2026-04-22 17:16:24,052 - Peer 1006 received the 'not interested' message from 1003.
2026-04-22 17:16:24,053 - Peer 1006 has downloaded the piece 602 from 1001. Now the number of pieces it has is 38.
2026-04-22 17:16:24,055 - Peer 1006 received the 'not interested' message from 1002.
2026-04-22 17:16:24,055 - Peer 1006 received the 'not interested' message from 1005.
2026-04-22 17:16:24,057 - Peer 1006 received the 'not interested' message from 1001.
2026-04-22 17:16:24,058 - Peer 1006 has downloaded the piece 1590 from 1001. Now the number of pieces it has is 39.
2026-04-22 17:16:24,058 - Peer 1006 received the 'not interested' message from 1004.
2026-04-22 17:16:24,059 - Peer 1006 received the 'not interested' message from 1002.
2026-04-22 17:16:24,059 - Peer 1006 received the 'not interested' message from 1005.
2026-04-22 17:16:24,060 - Peer 1006 received the 'not interested' message from 1001.
2026-04-22 17:16:24,061 - Peer 1006 has downloaded the piece 1311 from 1001. Now the number of pieces it has is 40.
2026-04-22 17:16:24,062 - Peer 1006 received the 'not interested' message from 1002.
2026-04-22 17:16:24,063 - Peer 1006 received the 'not interested' message from 1005.
2026-04-22 17:16:24,063 - Peer 1006 received the 'not interested' message from 1001.
2026-04-22 17:16:24,064 - Peer 1006 has downloaded the piece 1216 from 1001. Now the number of pieces it has is 41.
2026-04-22 17:16:24,066 - Peer 1006 received the 'not interested' message from 1002.
2026-04-22 17:16:24,066 - Peer 1006 received the 'not interested' message from 1005.
2026-04-22 17:16:24,067 - Peer 1006 received the 'not interested' message from 1001.
2026-04-22 17:16:24,067 - Peer 1006 has downloaded the piece 443 from 1001. Now the number of pieces it has is 42.
2026-04-22 17:16:24,069 - Peer 1006 received the 'not interested' message from 1002.
2026-04-22 17:16:24,071 - Peer 1006 received the 'not interested' message from 1005.
2026-04-22 17:16:24,071 - Peer 1006 received the 'not interested' message from 1001.
2026-04-22 17:16:24,074 - Peer 1006 has downloaded the piece 659 from 1001. Now the number of pieces it has is 43.
2026-04-22 17:16:24,074 - Peer 1006 received the 'not interested' message from 1003.
2026-04-22 17:16:24,074 - Peer 1006 received the 'not interested' message from 1004.
2026-04-22 17:16:24,075 - Peer 1006 received the 'not interested' message from 1003.
2026-04-22 17:16:24,075 - Peer 1006 received the 'not interested' message from 1002.
2026-04-22 17:16:24,075 - Peer 1006 received the 'not interested' message from 1003.
2026-04-22 17:16:24,078 - Peer 1006 received the 'not interested' message from 1005.
2026-04-22 17:16:24,078 - Peer 1006 received the 'not interested' message from 1001.
2026-04-22 17:16:24,079 - Peer 1006 received the 'not interested' message from 1003.
2026-04-22 17:16:24,079 - Peer 1006 received the 'not interested' message from 1003.
2026-04-22 17:16:24,079 - Peer 1006 has downloaded the piece 542 from 1001. Now the number of pieces it has is 44.
2026-04-22 17:16:24,081 - Peer 1006 received the 'not interested' message from 1002.
2026-04-22 17:16:24,082 - Peer 1006 received the 'not interested' message from 1005.
2026-04-22 17:16:24,082 - Peer 1006 received the 'not interested' message from 1001.
2026-04-22 17:16:24,082 - Peer 1006 received the 'not interested' message from 1004.
2026-04-22 17:16:24,082 - Peer 1006 received the 'not interested' message from 1004.
2026-04-22 17:16:24,084 - Peer 1006 has downloaded the piece 977 from 1001. Now the number of pieces it has is 45.
2026-04-22 17:16:24,084 - Peer 1006 received the 'not interested' message from 1004.
2026-04-22 17:16:24,085 - Peer 1006 received the 'not interested' message from 1004.
2026-04-22 17:16:24,086 - Peer 1006 received the 'not interested' message from 1004.
2026-04-22 17:16:24,086 - Peer 1006 received the 'not interested' message from 1002.
2026-04-22 17:16:24,086 - Peer 1006 received the 'not interested' message from 1003.
2026-04-22 17:16:24,087 - Peer 1006 received the 'not interested' message from 1005.
2026-04-22 17:16:24,087 - Peer 1006 received the 'not interested' message from 1001.
2026-04-22 17:16:24,087 - Peer 1006 received the 'not interested' message from 1003.
2026-04-22 17:16:24,089 - Peer 1006 received the 'not interested' message from 1003.
2026-04-22 17:16:24,089 - Peer 1006 received the 'not interested' message from 1003.
2026-04-22 17:16:24,089 - Peer 1006 received the 'not interested' message from 1003.
2026-04-22 17:16:24,089 - Peer 1006 has downloaded the piece 461 from 1001. Now the number of pieces it has is 46.
2026-04-22 17:16:24,089 - Peer 1006 received the 'not interested' message from 1004.
2026-04-22 17:16:24,090 - Peer 1006 received the 'not interested' message from 1004.
2026-04-22 17:16:24,091 - Peer 1006 received the 'not interested' message from 1004.
2026-04-22 17:16:24,092 - Peer 1006 received the 'not interested' message from 1004.
2026-04-22 17:16:24,092 - Peer 1006 received the 'not interested' message from 1002.
2026-04-22 17:16:24,093 - Peer 1006 received the 'not interested' message from 1003.
2026-04-22 17:16:24,093 - Peer 1006 received the 'not interested' message from 1005.
2026-04-22 17:16:24,094 - Peer 1006 received the 'not interested' message from 1001.
2026-04-22 17:16:24,095 - Peer 1006 received the 'not interested' message from 1004.
2026-04-22 17:16:24,096 - Peer 1006 received the 'not interested' message from 1004.
2026-04-22 17:16:24,096 - Peer 1006 has downloaded the piece 1101 from 1001. Now the number of pieces it has is 47.
2026-04-22 17:16:24,097 - Peer 1006 received the 'not interested' message from 1003.
2026-04-22 17:16:24,097 - Peer 1006 received the 'not interested' message from 1002.
2026-04-22 17:16:24,097 - Peer 1006 received the 'not interested' message from 1003.
2026-04-22 17:16:24,099 - Peer 1006 received the 'not interested' message from 1005.
2026-04-22 17:16:24,099 - Peer 1006 received the 'not interested' message from 1001.
2026-04-22 17:16:24,099 - Peer 1006 received the 'not interested' message from 1004.
2026-04-22 17:16:24,101 - Peer 1006 has downloaded the piece 825 from 1001. Now the number of pieces it has is 48.
2026-04-22 17:16:24,102 - Peer 1006 received the 'not interested' message from 1002.
2026-04-22 17:16:24,103 - Peer 1006 received the 'not interested' message from 1005.
2026-04-22 17:16:24,103 - Peer 1006 received the 'not interested' message from 1001.
2026-04-22 17:16:24,104 - Peer 1006 has downloaded the piece 1376 from 1001. Now the number of pieces it has is 49.
2026-04-22 17:16:24,104 - Peer 1006 received the 'not interested' message from 1003.
2026-04-22 17:16:24,105 - Peer 1006 received the 'not interested' message from 1002.
2026-04-22 17:16:24,106 - Peer 1006 received the 'not interested' message from 1005.
2026-04-22 17:16:24,106 - Peer 1006 received the 'not interested' message from 1001.
2026-04-22 17:16:24,107 - Peer 1006 has downloaded the piece 1248 from 1001. Now the number of pieces it has is 50.
2026-04-22 17:16:24,108 - Peer 1006 received the 'not interested' message from 1004.
2026-04-22 17:16:24,108 - Peer 1006 received the 'not interested' message from 1002.
2026-04-22 17:16:24,109 - Peer 1006 received the 'not interested' message from 1005.
2026-04-22 17:16:24,109 - Peer 1006 received the 'not interested' message from 1001.
2026-04-22 17:16:24,109 - Peer 1006 has downloaded the piece 293 from 1001. Now the number of pieces it has is 51.
2026-04-22 17:16:24,112 - Peer 1006 received the 'not interested' message from 1003.
2026-04-22 17:16:24,113 - Peer 1006 received the 'not interested' message from 1001.
2026-04-22 17:16:24,113 - Peer 1006 received the 'not interested' message from 1002.
2026-04-22 17:16:24,114 - Peer 1006 received the 'not interested' message from 1005.
2026-04-22 17:16:24,115 - Peer 1006 has downloaded the piece 1260 from 1001. Now the number of pieces it has is 52.
2026-04-22 17:16:24,124 - Peer 1006 received the 'not interested' message from 1005.
2026-04-22 17:16:24,124 - Peer 1006 received the 'not interested' message from 1002.
2026-04-22 17:16:24,125 - Peer 1006 received the 'not interested' message from 1001.
2026-04-22 17:16:24,126 - Peer 1006 received the 'not interested' message from 1004.
2026-04-22 17:16:24,126 - Peer 1006 received the 'not interested' message from 1003.
2026-04-22 17:16:24,129 - Peer 1006 has downloaded the piece 1053 from 1001. Now the number of pieces it has is 53.
2026-04-22 17:16:24,137 - Peer 1006 received the 'not interested' message from 1002.
2026-04-22 17:16:24,137 - Peer 1006 received the 'not interested' message from 1001.
2026-04-22 17:16:24,137 - Peer 1006 received the 'not interested' message from 1005.
2026-04-22 17:16:24,141 - Peer 1006 received the 'not interested' message from 1003.
2026-04-22 17:16:24,141 - Peer 1006 received the 'not interested' message from 1004.
2026-04-22 17:16:24,143 - Peer 1006 has downloaded the piece 434 from 1001. Now the number of pieces it has is 54.
2026-04-22 17:16:24,144 - Peer 1006 received the 'not interested' message from 1003.
2026-04-22 17:16:24,144 - Peer 1006 received the 'not interested' message from 1004.
2026-04-22 17:16:24,146 - Peer 1006 received the 'not interested' message from 1003.
2026-04-22 17:16:24,146 - Peer 1006 received the 'not interested' message from 1002.
2026-04-22 17:16:24,148 - Peer 1006 received the 'not interested' message from 1005.
2026-04-22 17:16:24,148 - Peer 1006 received the 'not interested' message from 1001.
2026-04-22 17:16:24,151 - Peer 1006 received the 'not interested' message from 1004.
2026-04-22 17:16:24,151 - Peer 1006 received the 'not interested' message from 1003.
2026-04-22 17:16:24,153 - Peer 1006 has downloaded the piece 270 from 1001. Now the number of pieces it has is 55.
2026-04-22 17:16:24,153 - Peer 1006 received the 'not interested' message from 1004.
2026-04-22 17:16:24,155 - Peer 1006 received the 'not interested' message from 1004.
2026-04-22 17:16:24,157 - Peer 1006 received the 'not interested' message from 1002.
2026-04-22 17:16:24,158 - Peer 1006 received the 'not interested' message from 1001.
2026-04-22 17:16:24,159 - Peer 1006 received the 'not interested' message from 1005.
2026-04-22 17:16:24,160 - Peer 1006 has downloaded the piece 1475 from 1001. Now the number of pieces it has is 56.
2026-04-22 17:16:24,162 - Peer 1006 received the 'not interested' message from 1001.
2026-04-22 17:16:24,162 - Peer 1006 received the 'not interested' message from 1002.
2026-04-22 17:16:24,162 - Peer 1006 received the 'not interested' message from 1005.
2026-04-22 17:16:24,164 - Peer 1006 has downloaded the piece 771 from 1001. Now the number of pieces it has is 57.
2026-04-22 17:16:24,167 - Peer 1006 received the 'not interested' message from 1004.
2026-04-22 17:16:24,167 - Peer 1006 received the 'not interested' message from 1003.
2026-04-22 17:16:24,175 - Peer 1006 received the 'not interested' message from 1001.
2026-04-22 17:16:24,176 - Peer 1006 received the 'not interested' message from 1002.
2026-04-22 17:16:24,177 - Peer 1006 received the 'not interested' message from 1005.
2026-04-22 17:16:24,178 - Peer 1006 has downloaded the piece 758 from 1001. Now the number of pieces it has is 58.
2026-04-22 17:16:24,179 - Peer 1006 received the 'not interested' message from 1002.
2026-04-22 17:16:24,180 - Peer 1006 received the 'not interested' message from 1005.
2026-04-22 17:16:24,181 - Peer 1006 received the 'not interested' message from 1001.
2026-04-22 17:16:24,182 - Peer 1006 has downloaded the piece 599 from 1001. Now the number of pieces it has is 59.
2026-04-22 17:16:24,185 - Peer 1006 received the 'not interested' message from 1001.
2026-04-22 17:16:24,185 - Peer 1006 received the 'not interested' message from 1005.
2026-04-22 17:16:24,187 - Peer 1006 received the 'not interested' message from 1002.
2026-04-22 17:16:24,189 - Peer 1006 has downloaded the piece 559 from 1001. Now the number of pieces it has is 60.
2026-04-22 17:16:24,196 - Peer 1006 received the 'not interested' message from 1001.
2026-04-22 17:16:24,196 - Peer 1006 received the 'not interested' message from 1002.
2026-04-22 17:16:24,199 - Peer 1006 received the 'not interested' message from 1005.
2026-04-22 17:16:24,201 - Peer 1006 has downloaded the piece 190 from 1001. Now the number of pieces it has is 61.
2026-04-22 17:16:24,203 - Peer 1006 received the 'not interested' message from 1002.
2026-04-22 17:16:24,203 - Peer 1006 received the 'not interested' message from 1001.
2026-04-22 17:16:24,203 - Peer 1006 received the 'not interested' message from 1005.
2026-04-22 17:16:24,203 - Peer 1006 has downloaded the piece 139 from 1001. Now the number of pieces it has is 62.
2026-04-22 17:16:24,206 - Peer 1006 received the 'not interested' message from 1003.
2026-04-22 17:16:24,206 - Peer 1006 received the 'not interested' message from 1002.
2026-04-22 17:16:24,207 - Peer 1006 received the 'not interested' message from 1005.
2026-04-22 17:16:24,207 - Peer 1006 received the 'not interested' message from 1001.
2026-04-22 17:16:24,209 - Peer 1006 has downloaded the piece 1204 from 1001. Now the number of pieces it has is 63.
2026-04-22 17:16:24,211 - Peer 1006 received the 'not interested' message from 1002.
2026-04-22 17:16:24,212 - Peer 1006 received the 'not interested' message from 1005.
2026-04-22 17:16:24,212 - Peer 1006 received the 'not interested' message from 1001.
2026-04-22 17:16:24,213 - Peer 1006 has downloaded the piece 110 from 1001. Now the number of pieces it has is 64.
2026-04-22 17:16:24,214 - Peer 1006 received the 'not interested' message from 1003.
2026-04-22 17:16:24,214 - Peer 1006 received the 'not interested' message from 1003.
2026-04-22 17:16:24,215 - Peer 1006 received the 'not interested' message from 1002.
2026-04-22 17:16:24,216 - Peer 1006 received the 'not interested' message from 1005.
2026-04-22 17:16:24,216 - Peer 1006 received the 'not interested' message from 1001.
2026-04-22 17:16:24,217 - Peer 1006 has downloaded the piece 570 from 1001. Now the number of pieces it has is 65.
2026-04-22 17:16:24,217 - Peer 1006 received the 'not interested' message from 1002.
2026-04-22 17:16:24,219 - Peer 1006 received the 'not interested' message from 1005.
2026-04-22 17:16:24,219 - Peer 1006 received the 'not interested' message from 1001.
2026-04-22 17:16:24,220 - Peer 1006 has downloaded the piece 1213 from 1001. Now the number of pieces it has is 66.
2026-04-22 17:16:24,222 - Peer 1006 received the 'not interested' message from 1002.
2026-04-22 17:16:24,223 - Peer 1006 received the 'not interested' message from 1005.
2026-04-22 17:16:24,223 - Peer 1006 received the 'not interested' message from 1001.
2026-04-22 17:16:24,224 - Peer 1006 has downloaded the piece 644 from 1001. Now the number of pieces it has is 67.
2026-04-22 17:16:24,226 - Peer 1006 received the 'not interested' message from 1002.
2026-04-22 17:16:24,228 - Peer 1006 received the 'not interested' message from 1005.
2026-04-22 17:16:24,228 - Peer 1006 received the 'not interested' message from 1001.
2026-04-22 17:16:24,229 - Peer 1006 has downloaded the piece 675 from 1001. Now the number of pieces it has is 68.
2026-04-22 17:16:24,229 - Peer 1006 received the 'not interested' message from 1004.
2026-04-22 17:16:24,231 - Peer 1006 received the 'not interested' message from 1002.
2026-04-22 17:16:24,231 - Peer 1006 received the 'not interested' message from 1005.
2026-04-22 17:16:24,232 - Peer 1006 received the 'not interested' message from 1001.
2026-04-22 17:16:24,233 - Peer 1006 has downloaded the piece 547 from 1001. Now the number of pieces it has is 69.
2026-04-22 17:16:24,235 - Peer 1006 received the 'not interested' message from 1002.
2026-04-22 17:16:24,235 - Peer 1006 received the 'not interested' message from 1005.
2026-04-22 17:16:24,235 - Peer 1006 received the 'not interested' message from 1001.
2026-04-22 17:16:24,236 - Peer 1006 has downloaded the piece 384 from 1001. Now the number of pieces it has is 70.
2026-04-22 17:16:24,237 - Peer 1006 received the 'not interested' message from 1002.
2026-04-22 17:16:24,239 - Peer 1006 received the 'not interested' message from 1005.
2026-04-22 17:16:24,239 - Peer 1006 received the 'not interested' message from 1001.
2026-04-22 17:16:24,241 - Peer 1006 has downloaded the piece 1549 from 1001. Now the number of pieces it has is 71.
2026-04-22 17:16:24,243 - Peer 1006 received the 'not interested' message from 1002.
2026-04-22 17:16:24,244 - Peer 1006 received the 'not interested' message from 1001.
2026-04-22 17:16:24,244 - Peer 1006 received the 'not interested' message from 1005.
2026-04-22 17:16:24,249 - Peer 1006 has downloaded the piece 1564 from 1001. Now the number of pieces it has is 72.
2026-04-22 17:16:24,251 - Peer 1006 received the 'not interested' message from 1004.
2026-04-22 17:16:24,252 - Peer 1006 received the 'not interested' message from 1002.
2026-04-22 17:16:24,253 - Peer 1006 received the 'not interested' message from 1001.
2026-04-22 17:16:24,253 - Peer 1006 received the 'not interested' message from 1005.
2026-04-22 17:16:24,254 - Peer 1006 has downloaded the piece 623 from 1001. Now the number of pieces it has is 73.
2026-04-22 17:16:24,256 - Peer 1006 received the 'not interested' message from 1002.
2026-04-22 17:16:24,258 - Peer 1006 received the 'not interested' message from 1001.
2026-04-22 17:16:24,258 - Peer 1006 received the 'not interested' message from 1005.
2026-04-22 17:16:24,259 - Peer 1006 has downloaded the piece 269 from 1001. Now the number of pieces it has is 74.
2026-04-22 17:16:24,261 - Peer 1006 received the 'not interested' message from 1002.
2026-04-22 17:16:24,262 - Peer 1006 received the 'not interested' message from 1005.
2026-04-22 17:16:24,262 - Peer 1006 received the 'not interested' message from 1001.
2026-04-22 17:16:24,263 - Peer 1006 received the 'not interested' message from 1004.
2026-04-22 17:16:24,263 - Peer 1006 has downloaded the piece 808 from 1001. Now the number of pieces it has is 75.
2026-04-22 17:16:24,263 - Peer 1006 received the 'not interested' message from 1003.
2026-04-22 17:16:24,265 - Peer 1006 received the 'not interested' message from 1002.
2026-04-22 17:16:24,265 - Peer 1006 received the 'not interested' message from 1005.
2026-04-22 17:16:24,265 - Peer 1006 received the 'not interested' message from 1001.
2026-04-22 17:16:24,267 - Peer 1006 has downloaded the piece 619 from 1001. Now the number of pieces it has is 76.
2026-04-22 17:16:24,268 - Peer 1006 received the 'not interested' message from 1004.
2026-04-22 17:16:24,268 - Peer 1006 received the 'not interested' message from 1003.
2026-04-22 17:16:24,268 - Peer 1006 received the 'not interested' message from 1004.
2026-04-22 17:16:24,269 - Peer 1006 received the 'not interested' message from 1003.
2026-04-22 17:16:24,269 - Peer 1006 received the 'not interested' message from 1002.
2026-04-22 17:16:24,269 - Peer 1006 received the 'not interested' message from 1004.
2026-04-22 17:16:24,271 - Peer 1006 received the 'not interested' message from 1005.
2026-04-22 17:16:24,271 - Peer 1006 received the 'not interested' message from 1001.
2026-04-22 17:16:24,273 - Peer 1006 has downloaded the piece 1130 from 1001. Now the number of pieces it has is 77.
2026-04-22 17:16:24,275 - Peer 1006 received the 'not interested' message from 1004.
2026-04-22 17:16:24,275 - Peer 1006 received the 'not interested' message from 1003.
2026-04-22 17:16:24,275 - Peer 1006 received the 'not interested' message from 1004.
2026-04-22 17:16:24,276 - Peer 1006 received the 'not interested' message from 1003.
2026-04-22 17:16:24,276 - Peer 1006 received the 'not interested' message from 1004.
2026-04-22 17:16:24,276 - Peer 1006 received the 'not interested' message from 1002.
2026-04-22 17:16:24,277 - Peer 1006 received the 'not interested' message from 1003.
2026-04-22 17:16:24,277 - Peer 1006 received the 'not interested' message from 1004.
2026-04-22 17:16:24,277 - Peer 1006 received the 'not interested' message from 1005.
2026-04-22 17:16:24,277 - Peer 1006 received the 'not interested' message from 1003.
2026-04-22 17:16:24,279 - Peer 1006 received the 'not interested' message from 1004.
2026-04-22 17:16:24,279 - Peer 1006 received the 'not interested' message from 1001.
2026-04-22 17:16:24,279 - Peer 1006 received the 'not interested' message from 1003.
2026-04-22 17:16:24,280 - Peer 1006 received the 'not interested' message from 1004.
2026-04-22 17:16:24,280 - Peer 1006 received the 'not interested' message from 1003.
2026-04-22 17:16:24,281 - Peer 1006 received the 'not interested' message from 1004.
2026-04-22 17:16:24,281 - Peer 1006 received the 'not interested' message from 1003.
2026-04-22 17:16:24,281 - Peer 1006 received the 'not interested' message from 1004.
2026-04-22 17:16:24,282 - Peer 1006 has downloaded the piece 194 from 1001. Now the number of pieces it has is 78.
2026-04-22 17:16:24,282 - Peer 1006 received the 'not interested' message from 1003.
2026-04-22 17:16:24,283 - Peer 1006 received the 'not interested' message from 1004.
2026-04-22 17:16:24,283 - Peer 1006 received the 'not interested' message from 1003.
2026-04-22 17:16:24,284 - Peer 1006 received the 'not interested' message from 1004.
2026-04-22 17:16:24,284 - Peer 1006 received the 'not interested' message from 1003.
2026-04-22 17:16:24,285 - Peer 1006 received the 'not interested' message from 1004.
2026-04-22 17:16:24,285 - Peer 1006 received the 'not interested' message from 1002.
2026-04-22 17:16:24,285 - Peer 1006 received the 'not interested' message from 1003.
2026-04-22 17:16:24,286 - Peer 1006 received the 'not interested' message from 1004.
2026-04-22 17:16:24,287 - Peer 1006 received the 'not interested' message from 1004.
2026-04-22 17:16:24,287 - Peer 1006 received the 'not interested' message from 1001.
2026-04-22 17:16:24,287 - Peer 1006 received the 'not interested' message from 1004.
2026-04-22 17:16:24,289 - Peer 1006 received the 'not interested' message from 1005.
2026-04-22 17:16:24,289 - Peer 1006 received the 'not interested' message from 1004.
2026-04-22 17:16:24,290 - Peer 1006 has downloaded the piece 792 from 1001. Now the number of pieces it has is 79.
2026-04-22 17:16:24,292 - Peer 1006 received the 'not interested' message from 1002.
2026-04-22 17:16:24,293 - Peer 1006 received the 'not interested' message from 1005.
2026-04-22 17:16:24,294 - Peer 1006 received the 'not interested' message from 1001.
2026-04-22 17:16:24,295 - Peer 1006 has downloaded the piece 330 from 1001. Now the number of pieces it has is 80.
2026-04-22 17:16:24,296 - Peer 1006 received the 'not interested' message from 1002.
2026-04-22 17:16:24,297 - Peer 1006 received the 'not interested' message from 1005.
2026-04-22 17:16:24,297 - Peer 1006 received the 'not interested' message from 1001.
2026-04-22 17:16:24,297 - Peer 1006 received the 'not interested' message from 1003.
2026-04-22 17:16:24,297 - Peer 1006 received the 'not interested' message from 1004.
2026-04-22 17:16:24,298 - Peer 1006 received the 'not interested' message from 1003.
2026-04-22 17:16:24,298 - Peer 1006 received the 'not interested' message from 1004.
2026-04-22 17:16:24,298 - Peer 1006 received the 'not interested' message from 1003.
2026-04-22 17:16:24,299 - Peer 1006 received the 'not interested' message from 1003.
2026-04-22 17:16:24,300 - Peer 1006 has downloaded the piece 345 from 1001. Now the number of pieces it has is 81.
2026-04-22 17:16:24,301 - Peer 1006 received the 'not interested' message from 1002.
2026-04-22 17:16:24,301 - Peer 1006 received the 'not interested' message from 1005.
2026-04-22 17:16:24,303 - Peer 1006 received the 'not interested' message from 1003.
2026-04-22 17:16:24,303 - Peer 1006 received the 'not interested' message from 1001.
2026-04-22 17:16:24,303 - Peer 1006 received the 'not interested' message from 1004.
2026-04-22 17:16:24,303 - Peer 1006 received the 'not interested' message from 1003.
2026-04-22 17:16:24,303 - Peer 1006 received the 'not interested' message from 1003.
2026-04-22 17:16:24,304 - Peer 1006 has downloaded the piece 1344 from 1001. Now the number of pieces it has is 82.
2026-04-22 17:16:24,305 - Peer 1006 received the 'not interested' message from 1002.
2026-04-22 17:16:24,305 - Peer 1006 received the 'not interested' message from 1005.
2026-04-22 17:16:24,305 - Peer 1006 received the 'not interested' message from 1001.
2026-04-22 17:16:24,307 - Peer 1006 has downloaded the piece 860 from 1001. Now the number of pieces it has is 83.
2026-04-22 17:16:24,307 - Peer 1006 received the 'not interested' message from 1004.
2026-04-22 17:16:24,307 - Peer 1006 received the 'not interested' message from 1003.
2026-04-22 17:16:24,308 - Peer 1006 received the 'not interested' message from 1004.
2026-04-22 17:16:24,309 - Peer 1006 received the 'not interested' message from 1002.
2026-04-22 17:16:24,310 - Peer 1006 received the 'not interested' message from 1003.
2026-04-22 17:16:24,310 - Peer 1006 received the 'not interested' message from 1004.
2026-04-22 17:16:24,310 - Peer 1006 received the 'not interested' message from 1005.
2026-04-22 17:16:24,310 - Peer 1006 received the 'not interested' message from 1003.
2026-04-22 17:16:24,311 - Peer 1006 received the 'not interested' message from 1001.
2026-04-22 17:16:24,313 - Peer 1006 has downloaded the piece 159 from 1001. Now the number of pieces it has is 84.
2026-04-22 17:16:24,314 - Peer 1006 received the 'not interested' message from 1003.
2026-04-22 17:16:24,314 - Peer 1006 received the 'not interested' message from 1002.
2026-04-22 17:16:24,314 - Peer 1006 received the 'not interested' message from 1004.
2026-04-22 17:16:24,316 - Peer 1006 received the 'not interested' message from 1005.
2026-04-22 17:16:24,316 - Peer 1006 received the 'not interested' message from 1001.
2026-04-22 17:16:24,318 - Peer 1006 has downloaded the piece 75 from 1001. Now the number of pieces it has is 85.
2026-04-22 17:16:24,319 - Peer 1006 received the 'not interested' message from 1002.
2026-04-22 17:16:24,319 - Peer 1006 received the 'not interested' message from 1004.
2026-04-22 17:16:24,321 - Peer 1006 received the 'not interested' message from 1005.
2026-04-22 17:16:24,321 - Peer 1006 received the 'not interested' message from 1001.
2026-04-22 17:16:24,322 - Peer 1006 received the 'not interested' message from 1003.
2026-04-22 17:16:24,322 - Peer 1006 has downloaded the piece 230 from 1001. Now the number of pieces it has is 86.
2026-04-22 17:16:24,322 - Peer 1006 received the 'not interested' message from 1002.
2026-04-22 17:16:24,324 - Peer 1006 received the 'not interested' message from 1005.
2026-04-22 17:16:24,324 - Peer 1006 received the 'not interested' message from 1001.
2026-04-22 17:16:24,325 - Peer 1006 has downloaded the piece 435 from 1001. Now the number of pieces it has is 87.
2026-04-22 17:16:24,325 - Peer 1006 received the 'not interested' message from 1004.
2026-04-22 17:16:24,327 - Peer 1006 received the 'not interested' message from 1002.
2026-04-22 17:16:24,327 - Peer 1006 received the 'not interested' message from 1005.
2026-04-22 17:16:24,327 - Peer 1006 received the 'not interested' message from 1001.
2026-04-22 17:16:24,329 - Peer 1006 has downloaded the piece 612 from 1001. Now the number of pieces it has is 88.
2026-04-22 17:16:24,329 - Peer 1006 received the 'not interested' message from 1003.
2026-04-22 17:16:24,330 - Peer 1006 received the 'not interested' message from 1004.
2026-04-22 17:16:24,331 - Peer 1006 received the 'not interested' message from 1003.
2026-04-22 17:16:24,331 - Peer 1006 received the 'not interested' message from 1002.
2026-04-22 17:16:24,332 - Peer 1006 received the 'not interested' message from 1005.
2026-04-22 17:16:24,333 - Peer 1006 received the 'not interested' message from 1001.
2026-04-22 17:16:24,333 - Peer 1006 has downloaded the piece 123 from 1001. Now the number of pieces it has is 89.
2026-04-22 17:16:24,335 - Peer 1006 received the 'not interested' message from 1002.
2026-04-22 17:16:24,336 - Peer 1006 received the 'not interested' message from 1005.
2026-04-22 17:16:24,336 - Peer 1006 received the 'not interested' message from 1001.
2026-04-22 17:16:24,336 - Peer 1006 received the 'not interested' message from 1003.
2026-04-22 17:16:24,336 - Peer 1006 received the 'not interested' message from 1004.
2026-04-22 17:16:24,338 - Peer 1006 received the 'not interested' message from 1004.
2026-04-22 17:16:24,339 - Peer 1006 has downloaded the piece 1316 from 1001. Now the number of pieces it has is 90.
2026-04-22 17:16:24,341 - Peer 1006 received the 'not interested' message from 1002.
2026-04-22 17:16:24,341 - Peer 1006 received the 'not interested' message from 1005.
2026-04-22 17:16:24,341 - Peer 1006 received the 'not interested' message from 1001.
2026-04-22 17:16:24,342 - Peer 1006 has downloaded the piece 923 from 1001. Now the number of pieces it has is 91.
2026-04-22 17:16:24,342 - Peer 1006 received the 'not interested' message from 1003.
2026-04-22 17:16:24,342 - Peer 1006 received the 'not interested' message from 1004.
2026-04-22 17:16:24,344 - Peer 1006 received the 'not interested' message from 1003.
2026-04-22 17:16:24,344 - Peer 1006 received the 'not interested' message from 1002.
2026-04-22 17:16:24,344 - Peer 1006 received the 'not interested' message from 1005.
2026-04-22 17:16:24,346 - Peer 1006 received the 'not interested' message from 1001.
2026-04-22 17:16:24,346 - Peer 1006 has downloaded the piece 263 from 1001. Now the number of pieces it has is 92.
2026-04-22 17:16:24,347 - Peer 1006 received the 'not interested' message from 1003.
2026-04-22 17:16:24,347 - Peer 1006 received the 'not interested' message from 1004.
2026-04-22 17:16:24,347 - Peer 1006 received the 'not interested' message from 1005.
2026-04-22 17:16:24,347 - Peer 1006 received the 'not interested' message from 1002.
2026-04-22 17:16:24,349 - Peer 1006 received the 'not interested' message from 1003.
2026-04-22 17:16:24,349 - Peer 1006 received the 'not interested' message from 1001.
2026-04-22 17:16:24,349 - Peer 1006 received the 'not interested' message from 1004.
2026-04-22 17:16:24,350 - Peer 1006 has downloaded the piece 452 from 1001. Now the number of pieces it has is 93.
2026-04-22 17:16:24,353 - Peer 1006 received the 'not interested' message from 1002.
2026-04-22 17:16:24,353 - Peer 1006 received the 'not interested' message from 1001.
2026-04-22 17:16:24,353 - Peer 1006 received the 'not interested' message from 1005.
2026-04-22 17:16:24,354 - Peer 1006 has downloaded the piece 1090 from 1001. Now the number of pieces it has is 94.
2026-04-22 17:16:24,357 - Peer 1006 received the 'not interested' message from 1002.
2026-04-22 17:16:24,358 - Peer 1006 received the 'not interested' message from 1005.
2026-04-22 17:16:24,358 - Peer 1006 received the 'not interested' message from 1001.
2026-04-22 17:16:24,358 - Peer 1006 received the 'not interested' message from 1003.
2026-04-22 17:16:24,358 - Peer 1006 received the 'not interested' message from 1004.
2026-04-22 17:16:24,359 - Peer 1006 has downloaded the piece 1258 from 1001. Now the number of pieces it has is 95.
2026-04-22 17:16:24,361 - Peer 1006 received the 'not interested' message from 1002.
2026-04-22 17:16:24,361 - Peer 1006 received the 'not interested' message from 1005.
2026-04-22 17:16:24,362 - Peer 1006 received the 'not interested' message from 1001.
2026-04-22 17:16:24,363 - Peer 1006 has downloaded the piece 1209 from 1001. Now the number of pieces it has is 96.
2026-04-22 17:16:24,365 - Peer 1006 received the 'not interested' message from 1002.
2026-04-22 17:16:24,365 - Peer 1006 received the 'not interested' message from 1005.
2026-04-22 17:16:24,366 - Peer 1006 received the 'not interested' message from 1001.
2026-04-22 17:16:24,366 - Peer 1006 received the 'not interested' message from 1003.
2026-04-22 17:16:24,367 - Peer 1006 received the 'not interested' message from 1004.
2026-04-22 17:16:24,367 - Peer 1006 received the 'not interested' message from 1003.
2026-04-22 17:16:24,367 - Peer 1006 has downloaded the piece 1042 from 1001. Now the number of pieces it has is 97.
2026-04-22 17:16:24,369 - Peer 1006 received the 'not interested' message from 1002.
2026-04-22 17:16:24,370 - Peer 1006 received the 'not interested' message from 1005.
2026-04-22 17:16:24,371 - Peer 1006 received the 'not interested' message from 1001.
2026-04-22 17:16:24,372 - Peer 1006 has downloaded the piece 83 from 1001. Now the number of pieces it has is 98.
2026-04-22 17:16:24,373 - Peer 1006 received the 'not interested' message from 1002.
2026-04-22 17:16:24,374 - Peer 1006 received the 'not interested' message from 1005.
2026-04-22 17:16:24,374 - Peer 1006 received the 'not interested' message from 1001.
2026-04-22 17:16:24,374 - Peer 1006 received the 'not interested' message from 1003.
2026-04-22 17:16:24,374 - Peer 1006 received the 'not interested' message from 1004.
2026-04-22 17:16:24,374 - Peer 1006 received the 'not interested' message from 1003.
2026-04-22 17:16:24,375 - Peer 1006 received the 'not interested' message from 1004.
2026-04-22 17:16:24,375 - Peer 1006 received the 'not interested' message from 1004.
2026-04-22 17:16:24,375 - Peer 1006 has downloaded the piece 306 from 1001. Now the number of pieces it has is 99.
2026-04-22 17:16:24,376 - Peer 1006 received the 'not interested' message from 1002.
2026-04-22 17:16:24,377 - Peer 1006 received the 'not interested' message from 1005.
2026-04-22 17:16:24,377 - Peer 1006 received the 'not interested' message from 1001.
2026-04-22 17:16:24,377 - Peer 1006 has downloaded the piece 1038 from 1001. Now the number of pieces it has is 100.
2026-04-22 17:16:24,379 - Peer 1006 received the 'not interested' message from 1002.
2026-04-22 17:16:24,379 - Peer 1006 received the 'not interested' message from 1005.
2026-04-22 17:16:24,380 - Peer 1006 received the 'not interested' message from 1004.
2026-04-22 17:16:24,380 - Peer 1006 received the 'not interested' message from 1001.
2026-04-22 17:16:24,381 - Peer 1006 received the 'not interested' message from 1003.
2026-04-22 17:16:24,381 - Peer 1006 received the 'not interested' message from 1004.
2026-04-22 17:16:24,382 - Peer 1006 received the 'not interested' message from 1003.
2026-04-22 17:16:24,382 - Peer 1006 has downloaded the piece 495 from 1001. Now the number of pieces it has is 101.
2026-04-22 17:16:24,384 - Peer 1006 received the 'not interested' message from 1002.
2026-04-22 17:16:24,385 - Peer 1006 received the 'not interested' message from 1004.
2026-04-22 17:16:24,385 - Peer 1006 received the 'not interested' message from 1003.
2026-04-22 17:16:24,386 - Peer 1006 received the 'not interested' message from 1005.
2026-04-22 17:16:24,386 - Peer 1006 received the 'not interested' message from 1001.
2026-04-22 17:16:24,386 - Peer 1006 received the 'not interested' message from 1004.
2026-04-22 17:16:24,386 - Peer 1006 received the 'not interested' message from 1003.
2026-04-22 17:16:24,387 - Peer 1006 has downloaded the piece 1205 from 1001. Now the number of pieces it has is 102.
2026-04-22 17:16:24,389 - Peer 1006 received the 'not interested' message from 1003.
2026-04-22 17:16:24,389 - Peer 1006 received the 'not interested' message from 1002.
2026-04-22 17:16:24,390 - Peer 1006 received the 'not interested' message from 1004.
2026-04-22 17:16:24,390 - Peer 1006 received the 'not interested' message from 1005.
2026-04-22 17:16:24,391 - Peer 1006 received the 'not interested' message from 1003.
2026-04-22 17:16:24,391 - Peer 1006 received the 'not interested' message from 1001.
2026-04-22 17:16:24,391 - Peer 1006 received the 'not interested' message from 1004.
2026-04-22 17:16:24,393 - Peer 1006 has downloaded the piece 84 from 1001. Now the number of pieces it has is 103.
2026-04-22 17:16:24,394 - Peer 1006 received the 'not interested' message from 1003.
2026-04-22 17:16:24,394 - Peer 1006 received the 'not interested' message from 1002.
2026-04-22 17:16:24,395 - Peer 1006 received the 'not interested' message from 1005.
2026-04-22 17:16:24,396 - Peer 1006 received the 'not interested' message from 1004.
2026-04-22 17:16:24,396 - Peer 1006 received the 'not interested' message from 1001.
2026-04-22 17:16:24,397 - Peer 1006 has downloaded the piece 973 from 1001. Now the number of pieces it has is 104.
2026-04-22 17:16:24,399 - Peer 1006 received the 'not interested' message from 1002.
2026-04-22 17:16:24,401 - Peer 1006 received the 'not interested' message from 1005.
2026-04-22 17:16:24,401 - Peer 1006 received the 'not interested' message from 1001.
2026-04-22 17:16:24,402 - Peer 1006 received the 'not interested' message from 1003.
2026-04-22 17:16:24,402 - Peer 1006 has downloaded the piece 711 from 1001. Now the number of pieces it has is 105.
2026-04-22 17:16:24,404 - Peer 1006 received the 'not interested' message from 1002.
2026-04-22 17:16:24,405 - Peer 1006 received the 'not interested' message from 1005.
2026-04-22 17:16:24,405 - Peer 1006 received the 'not interested' message from 1004.
2026-04-22 17:16:24,405 - Peer 1006 received the 'not interested' message from 1001.
2026-04-22 17:16:24,407 - Peer 1006 has downloaded the piece 1254 from 1001. Now the number of pieces it has is 106.
2026-04-22 17:16:24,408 - Peer 1006 received the 'not interested' message from 1002.
2026-04-22 17:16:24,408 - Peer 1006 received the 'not interested' message from 1005.
2026-04-22 17:16:24,409 - Peer 1006 received the 'not interested' message from 1001.
2026-04-22 17:16:24,409 - Peer 1006 has downloaded the piece 459 from 1001. Now the number of pieces it has is 107.
2026-04-22 17:16:24,411 - Peer 1006 received the 'not interested' message from 1003.
2026-04-22 17:16:24,411 - Peer 1006 received the 'not interested' message from 1004.
2026-04-22 17:16:24,412 - Peer 1006 received the 'not interested' message from 1002.
2026-04-22 17:16:24,413 - Peer 1006 received the 'not interested' message from 1005.
2026-04-22 17:16:24,414 - Peer 1006 received the 'not interested' message from 1001.
2026-04-22 17:16:24,416 - Peer 1006 has downloaded the piece 1289 from 1001. Now the number of pieces it has is 108.
2026-04-22 17:16:24,417 - Peer 1006 received the 'not interested' message from 1002.
2026-04-22 17:16:24,419 - Peer 1006 received the 'not interested' message from 1005.
2026-04-22 17:16:24,419 - Peer 1006 received the 'not interested' message from 1003.
2026-04-22 17:16:24,419 - Peer 1006 received the 'not interested' message from 1004.
2026-04-22 17:16:24,419 - Peer 1006 received the 'not interested' message from 1001.
2026-04-22 17:16:24,419 - Peer 1006 received the 'not interested' message from 1004.
2026-04-22 17:16:24,420 - Peer 1006 has downloaded the piece 805 from 1001. Now the number of pieces it has is 109.
2026-04-22 17:16:24,422 - Peer 1006 received the 'not interested' message from 1002.
2026-04-22 17:16:24,423 - Peer 1006 received the 'not interested' message from 1005.
2026-04-22 17:16:24,423 - Peer 1006 received the 'not interested' message from 1003.
2026-04-22 17:16:24,423 - Peer 1006 received the 'not interested' message from 1004.
2026-04-22 17:16:24,424 - Peer 1006 received the 'not interested' message from 1001.
2026-04-22 17:16:24,424 - Peer 1006 received the 'not interested' message from 1003.
2026-04-22 17:16:24,425 - Peer 1006 has downloaded the piece 731 from 1001. Now the number of pieces it has is 110.
2026-04-22 17:16:24,427 - Peer 1006 received the 'not interested' message from 1001.
2026-04-22 17:16:24,427 - Peer 1006 received the 'not interested' message from 1002.
2026-04-22 17:16:24,427 - Peer 1006 received the 'not interested' message from 1005.
2026-04-22 17:16:24,429 - Peer 1006 has downloaded the piece 1241 from 1001. Now the number of pieces it has is 111.
2026-04-22 17:16:24,431 - Peer 1006 received the 'not interested' message from 1002.
2026-04-22 17:16:24,432 - Peer 1006 received the 'not interested' message from 1005.
2026-04-22 17:16:24,432 - Peer 1006 received the 'not interested' message from 1001.
2026-04-22 17:16:24,433 - Peer 1006 received the 'not interested' message from 1003.
2026-04-22 17:16:24,433 - Peer 1006 received the 'not interested' message from 1004.
2026-04-22 17:16:24,435 - Peer 1006 received the 'not interested' message from 1003.
2026-04-22 17:16:24,436 - Peer 1006 has downloaded the piece 983 from 1001. Now the number of pieces it has is 112.
2026-04-22 17:16:24,436 - Peer 1006 received the 'not interested' message from 1004.
2026-04-22 17:16:24,439 - Peer 1006 received the 'not interested' message from 1002.
2026-04-22 17:16:24,441 - Peer 1006 received the 'not interested' message from 1005.
2026-04-22 17:16:24,441 - Peer 1006 received the 'not interested' message from 1003.
2026-04-22 17:16:24,441 - Peer 1006 received the 'not interested' message from 1001.
2026-04-22 17:16:24,442 - Peer 1006 has downloaded the piece 250 from 1001. Now the number of pieces it has is 113.
2026-04-22 17:16:24,445 - Peer 1006 received the 'not interested' message from 1002.
2026-04-22 17:16:24,446 - Peer 1006 received the 'not interested' message from 1005.
2026-04-22 17:16:24,446 - Peer 1006 received the 'not interested' message from 1001.
2026-04-22 17:16:24,447 - Peer 1006 has downloaded the piece 1016 from 1001. Now the number of pieces it has is 114.
2026-04-22 17:16:24,448 - Peer 1006 received the 'not interested' message from 1004.
2026-04-22 17:16:24,448 - Peer 1006 received the 'not interested' message from 1003.
2026-04-22 17:16:24,448 - Peer 1006 received the 'not interested' message from 1002.
2026-04-22 17:16:24,449 - Peer 1006 received the 'not interested' message from 1003.
2026-04-22 17:16:24,449 - Peer 1006 received the 'not interested' message from 1005.
2026-04-22 17:16:24,449 - Peer 1006 received the 'not interested' message from 1001.
2026-04-22 17:16:24,451 - Peer 1006 has downloaded the piece 1012 from 1001. Now the number of pieces it has is 115.
2026-04-22 17:16:24,452 - Peer 1006 received the 'not interested' message from 1002.
2026-04-22 17:16:24,453 - Peer 1006 received the 'not interested' message from 1005.
2026-04-22 17:16:24,453 - Peer 1006 received the 'not interested' message from 1001.
2026-04-22 17:16:24,454 - Peer 1006 has downloaded the piece 683 from 1001. Now the number of pieces it has is 116.
2026-04-22 17:16:24,455 - Peer 1006 received the 'not interested' message from 1002.
2026-04-22 17:16:24,456 - Peer 1006 received the 'not interested' message from 1005.
2026-04-22 17:16:24,457 - Peer 1006 received the 'not interested' message from 1004.
2026-04-22 17:16:24,457 - Peer 1006 received the 'not interested' message from 1003.
2026-04-22 17:16:24,457 - Peer 1006 received the 'not interested' message from 1001.
2026-04-22 17:16:24,457 - Peer 1006 received the 'not interested' message from 1004.
2026-04-22 17:16:24,459 - Peer 1006 has downloaded the piece 742 from 1001. Now the number of pieces it has is 117.
2026-04-22 17:16:24,460 - Peer 1006 received the 'not interested' message from 1002.
2026-04-22 17:16:24,461 - Peer 1006 received the 'not interested' message from 1005.
2026-04-22 17:16:24,461 - Peer 1006 received the 'not interested' message from 1001.
2026-04-22 17:16:24,463 - Peer 1006 has downloaded the piece 1593 from 1001. Now the number of pieces it has is 118.
2026-04-22 17:16:24,465 - Peer 1006 received the 'not interested' message from 1004.
2026-04-22 17:16:24,465 - Peer 1006 received the 'not interested' message from 1003.
2026-04-22 17:16:24,465 - Peer 1006 received the 'not interested' message from 1002.
2026-04-22 17:16:24,466 - Peer 1006 received the 'not interested' message from 1004.
2026-04-22 17:16:24,466 - Peer 1006 received the 'not interested' message from 1005.
2026-04-22 17:16:24,467 - Peer 1006 received the 'not interested' message from 1001.
2026-04-22 17:16:24,467 - Peer 1006 received the 'not interested' message from 1003.
2026-04-22 17:16:24,468 - Peer 1006 has downloaded the piece 1164 from 1001. Now the number of pieces it has is 119.
2026-04-22 17:16:24,469 - Peer 1006 received the 'not interested' message from 1002.
2026-04-22 17:16:24,471 - Peer 1006 received the 'not interested' message from 1004.
2026-04-22 17:16:24,471 - Peer 1006 received the 'not interested' message from 1005.
2026-04-22 17:16:24,471 - Peer 1006 received the 'not interested' message from 1003.
2026-04-22 17:16:24,471 - Peer 1006 received the 'not interested' message from 1004.
2026-04-22 17:16:24,471 - Peer 1006 received the 'not interested' message from 1001.
2026-04-22 17:16:24,472 - Peer 1006 received the 'not interested' message from 1003.
2026-04-22 17:16:24,472 - Peer 1006 received the 'not interested' message from 1004.
2026-04-22 17:16:24,473 - Peer 1006 has downloaded the piece 79 from 1001. Now the number of pieces it has is 120.
2026-04-22 17:16:24,474 - Peer 1006 received the 'not interested' message from 1002.
2026-04-22 17:16:24,474 - Peer 1006 received the 'not interested' message from 1005.
2026-04-22 17:16:24,475 - Peer 1006 received the 'not interested' message from 1001.
2026-04-22 17:16:24,476 - Peer 1006 received the 'not interested' message from 1004.
2026-04-22 17:16:24,477 - Peer 1006 received the 'not interested' message from 1003.
2026-04-22 17:16:24,477 - Peer 1006 has downloaded the piece 745 from 1001. Now the number of pieces it has is 121.
2026-04-22 17:16:24,477 - Peer 1006 received the 'not interested' message from 1003.
2026-04-22 17:16:24,478 - Peer 1006 received the 'not interested' message from 1002.
2026-04-22 17:16:24,479 - Peer 1006 received the 'not interested' message from 1005.
2026-04-22 17:16:24,481 - Peer 1006 received the 'not interested' message from 1001.
2026-04-22 17:16:24,482 - Peer 1006 has downloaded the piece 1252 from 1001. Now the number of pieces it has is 122.
2026-04-22 17:16:24,483 - Peer 1006 received the 'not interested' message from 1002.
2026-04-22 17:16:24,484 - Peer 1006 received the 'not interested' message from 1005.
2026-04-22 17:16:24,484 - Peer 1006 received the 'not interested' message from 1001.
2026-04-22 17:16:24,485 - Peer 1006 received the 'not interested' message from 1004.
2026-04-22 17:16:24,485 - Peer 1006 received the 'not interested' message from 1003.
2026-04-22 17:16:24,485 - Peer 1006 received the 'not interested' message from 1004.
2026-04-22 17:16:24,486 - Peer 1006 has downloaded the piece 1448 from 1001. Now the number of pieces it has is 123.
2026-04-22 17:16:24,487 - Peer 1006 received the 'not interested' message from 1002.
2026-04-22 17:16:24,487 - Peer 1006 received the 'not interested' message from 1005.
2026-04-22 17:16:24,489 - Peer 1006 received the 'not interested' message from 1001.
2026-04-22 17:16:24,489 - Peer 1006 received the 'not interested' message from 1004.
2026-04-22 17:16:24,489 - Peer 1006 received the 'not interested' message from 1003.
2026-04-22 17:16:24,491 - Peer 1006 has downloaded the piece 748 from 1001. Now the number of pieces it has is 124.
2026-04-22 17:16:24,492 - Peer 1006 received the 'not interested' message from 1002.
2026-04-22 17:16:24,493 - Peer 1006 received the 'not interested' message from 1005.
2026-04-22 17:16:24,493 - Peer 1006 received the 'not interested' message from 1001.
2026-04-22 17:16:24,494 - Peer 1006 received the 'not interested' message from 1004.
2026-04-22 17:16:24,494 - Peer 1006 received the 'not interested' message from 1003.
2026-04-22 17:16:24,494 - Peer 1006 received the 'not interested' message from 1004.
2026-04-22 17:16:24,495 - Peer 1006 received the 'not interested' message from 1003.
2026-04-22 17:16:24,495 - Peer 1006 has downloaded the piece 426 from 1001. Now the number of pieces it has is 125.
2026-04-22 17:16:24,497 - Peer 1006 received the 'not interested' message from 1002.
2026-04-22 17:16:24,497 - Peer 1006 received the 'not interested' message from 1005.
2026-04-22 17:16:24,497 - Peer 1006 received the 'not interested' message from 1001.
2026-04-22 17:16:24,499 - Peer 1006 has downloaded the piece 1173 from 1001. Now the number of pieces it has is 126.
2026-04-22 17:16:24,500 - Peer 1006 received the 'not interested' message from 1002.
2026-04-22 17:16:24,500 - Peer 1006 received the 'not interested' message from 1005.
2026-04-22 17:16:24,501 - Peer 1006 received the 'not interested' message from 1001.
2026-04-22 17:16:24,501 - Peer 1006 received the 'not interested' message from 1004.
2026-04-22 17:16:24,502 - Peer 1006 has downloaded the piece 454 from 1001. Now the number of pieces it has is 127.
2026-04-22 17:16:24,502 - Peer 1006 received the 'not interested' message from 1003.
2026-04-22 17:16:24,503 - Peer 1006 received the 'not interested' message from 1002.
2026-04-22 17:16:24,504 - Peer 1006 received the 'not interested' message from 1005.
2026-04-22 17:16:24,504 - Peer 1006 received the 'not interested' message from 1001.
2026-04-22 17:16:24,505 - Peer 1006 has downloaded the piece 904 from 1001. Now the number of pieces it has is 128.
2026-04-22 17:16:24,507 - Peer 1006 received the 'not interested' message from 1002.
2026-04-22 17:16:24,507 - Peer 1006 received the 'not interested' message from 1005.
2026-04-22 17:16:24,507 - Peer 1006 received the 'not interested' message from 1001.
2026-04-22 17:16:24,509 - Peer 1006 has downloaded the piece 1022 from 1001. Now the number of pieces it has is 129.
2026-04-22 17:16:24,509 - Peer 1006 received the 'not interested' message from 1004.
2026-04-22 17:16:24,510 - Peer 1006 received the 'not interested' message from 1003.
2026-04-22 17:16:24,512 - Peer 1006 received the 'not interested' message from 1002.
2026-04-22 17:16:24,513 - Peer 1006 received the 'not interested' message from 1001.
2026-04-22 17:16:24,513 - Peer 1006 received the 'not interested' message from 1005.
2026-04-22 17:16:24,514 - Peer 1006 received the 'not interested' message from 1004.
2026-04-22 17:16:24,515 - Peer 1006 has downloaded the piece 648 from 1001. Now the number of pieces it has is 130.
2026-04-22 17:16:24,515 - Peer 1006 received the 'not interested' message from 1003.
2026-04-22 17:16:24,515 - Peer 1006 received the 'not interested' message from 1004.
2026-04-22 17:16:24,516 - Peer 1006 received the 'not interested' message from 1003.
2026-04-22 17:16:24,516 - Peer 1006 received the 'not interested' message from 1002.
2026-04-22 17:16:24,517 - Peer 1006 received the 'not interested' message from 1005.
2026-04-22 17:16:24,517 - Peer 1006 received the 'not interested' message from 1001.
2026-04-22 17:16:24,519 - Peer 1006 has downloaded the piece 1407 from 1001. Now the number of pieces it has is 131.
2026-04-22 17:16:24,519 - Peer 1006 received the 'not interested' message from 1004.
2026-04-22 17:16:24,519 - Peer 1006 received the 'not interested' message from 1003.
2026-04-22 17:16:24,519 - Peer 1006 received the 'not interested' message from 1004.
2026-04-22 17:16:24,521 - Peer 1006 received the 'not interested' message from 1003.
2026-04-22 17:16:24,521 - Peer 1006 received the 'not interested' message from 1002.
2026-04-22 17:16:24,522 - Peer 1006 received the 'not interested' message from 1001.
2026-04-22 17:16:24,522 - Peer 1006 received the 'not interested' message from 1005.
2026-04-22 17:16:24,524 - Peer 1006 has downloaded the piece 1227 from 1001. Now the number of pieces it has is 132.
2026-04-22 17:16:24,526 - Peer 1006 received the 'not interested' message from 1002.
2026-04-22 17:16:24,526 - Peer 1006 received the 'not interested' message from 1003.
2026-04-22 17:16:24,526 - Peer 1006 received the 'not interested' message from 1004.
2026-04-22 17:16:24,526 - Peer 1006 received the 'not interested' message from 1005.
2026-04-22 17:16:24,527 - Peer 1006 received the 'not interested' message from 1001.
2026-04-22 17:16:24,529 - Peer 1006 has downloaded the piece 1576 from 1001. Now the number of pieces it has is 133.
2026-04-22 17:16:24,530 - Peer 1006 received the 'not interested' message from 1002.
2026-04-22 17:16:24,530 - Peer 1006 received the 'not interested' message from 1003.
2026-04-22 17:16:24,531 - Peer 1006 received the 'not interested' message from 1004.
2026-04-22 17:16:24,531 - Peer 1006 received the 'not interested' message from 1005.
2026-04-22 17:16:24,532 - Peer 1006 received the 'not interested' message from 1001.
2026-04-22 17:16:24,533 - Peer 1006 has downloaded the piece 1485 from 1001. Now the number of pieces it has is 134.
2026-04-22 17:16:24,534 - Peer 1006 received the 'not interested' message from 1002.
2026-04-22 17:16:24,535 - Peer 1006 received the 'not interested' message from 1005.
2026-04-22 17:16:24,535 - Peer 1006 received the 'not interested' message from 1001.
2026-04-22 17:16:24,537 - Peer 1006 has downloaded the piece 563 from 1001. Now the number of pieces it has is 135.
2026-04-22 17:16:24,537 - Peer 1006 received the 'not interested' message from 1004.
2026-04-22 17:16:24,539 - Peer 1006 received the 'not interested' message from 1003.
2026-04-22 17:16:24,539 - Peer 1006 received the 'not interested' message from 1002.
2026-04-22 17:16:24,540 - Peer 1006 received the 'not interested' message from 1003.
2026-04-22 17:16:24,541 - Peer 1006 received the 'not interested' message from 1005.
2026-04-22 17:16:24,541 - Peer 1006 received the 'not interested' message from 1001.
2026-04-22 17:16:24,543 - Peer 1006 has downloaded the piece 925 from 1001. Now the number of pieces it has is 136.
2026-04-22 17:16:24,545 - Peer 1006 received the 'not interested' message from 1002.
2026-04-22 17:16:24,546 - Peer 1006 received the 'not interested' message from 1004.
2026-04-22 17:16:24,546 - Peer 1006 received the 'not interested' message from 1001.
2026-04-22 17:16:24,546 - Peer 1006 received the 'not interested' message from 1005.
2026-04-22 17:16:24,546 - Peer 1006 received the 'not interested' message from 1003.
2026-04-22 17:16:24,547 - Peer 1006 has downloaded the piece 60 from 1001. Now the number of pieces it has is 137.
2026-04-22 17:16:24,549 - Peer 1006 received the 'not interested' message from 1002.
2026-04-22 17:16:24,549 - Peer 1006 received the 'not interested' message from 1005.
2026-04-22 17:16:24,549 - Peer 1006 received the 'not interested' message from 1001.
2026-04-22 17:16:24,551 - Peer 1006 has downloaded the piece 937 from 1001. Now the number of pieces it has is 138.
2026-04-22 17:16:24,553 - Peer 1006 received the 'not interested' message from 1002.
2026-04-22 17:16:24,554 - Peer 1006 received the 'not interested' message from 1005.
2026-04-22 17:16:24,554 - Peer 1006 received the 'not interested' message from 1001.
2026-04-22 17:16:24,555 - Peer 1006 received the 'not interested' message from 1004.
2026-04-22 17:16:24,556 - Peer 1006 received the 'not interested' message from 1003.
2026-04-22 17:16:24,556 - Peer 1006 has downloaded the piece 1432 from 1001. Now the number of pieces it has is 139.
2026-04-22 17:16:24,556 - Peer 1006 received the 'not interested' message from 1004.
2026-04-22 17:16:24,558 - Peer 1006 received the 'not interested' message from 1002.
2026-04-22 17:16:24,559 - Peer 1006 received the 'not interested' message from 1005.
2026-04-22 17:16:24,559 - Peer 1006 received the 'not interested' message from 1001.
2026-04-22 17:16:24,561 - Peer 1006 has downloaded the piece 1140 from 1001. Now the number of pieces it has is 140.
2026-04-22 17:16:24,562 - Peer 1006 received the 'not interested' message from 1002.
2026-04-22 17:16:24,563 - Peer 1006 received the 'not interested' message from 1005.
2026-04-22 17:16:24,564 - Peer 1006 received the 'not interested' message from 1004.
2026-04-22 17:16:24,564 - Peer 1006 received the 'not interested' message from 1001.
2026-04-22 17:16:24,565 - Peer 1006 has downloaded the piece 337 from 1001. Now the number of pieces it has is 141.
2026-04-22 17:16:24,567 - Peer 1006 received the 'not interested' message from 1002.
2026-04-22 17:16:24,567 - Peer 1006 received the 'not interested' message from 1001.
2026-04-22 17:16:24,567 - Peer 1006 received the 'not interested' message from 1005.
2026-04-22 17:16:24,568 - Peer 1006 has downloaded the piece 1483 from 1001. Now the number of pieces it has is 142.
2026-04-22 17:16:24,569 - Peer 1006 received the 'not interested' message from 1002.
2026-04-22 17:16:24,569 - Peer 1006 received the 'not interested' message from 1005.
2026-04-22 17:16:24,570 - Peer 1006 received the 'not interested' message from 1001.
2026-04-22 17:16:24,571 - Peer 1006 has downloaded the piece 790 from 1001. Now the number of pieces it has is 143.
2026-04-22 17:16:24,572 - Peer 1006 received the 'not interested' message from 1003.
2026-04-22 17:16:24,572 - Peer 1006 received the 'not interested' message from 1004.
2026-04-22 17:16:24,573 - Peer 1006 received the 'not interested' message from 1003.
2026-04-22 17:16:24,573 - Peer 1006 received the 'not interested' message from 1004.
2026-04-22 17:16:24,573 - Peer 1006 received the 'not interested' message from 1002.
2026-04-22 17:16:24,574 - Peer 1006 received the 'not interested' message from 1004.
2026-04-22 17:16:24,574 - Peer 1006 received the 'not interested' message from 1005.
2026-04-22 17:16:24,575 - Peer 1006 received the 'not interested' message from 1001.
2026-04-22 17:16:24,576 - Peer 1006 has downloaded the piece 772 from 1001. Now the number of pieces it has is 144.
2026-04-22 17:16:24,576 - Peer 1006 received the 'not interested' message from 1002.
2026-04-22 17:16:24,577 - Peer 1006 received the 'not interested' message from 1005.
2026-04-22 17:16:24,577 - Peer 1006 received the 'not interested' message from 1001.
2026-04-22 17:16:24,579 - Peer 1006 has downloaded the piece 404 from 1001. Now the number of pieces it has is 145.
2026-04-22 17:16:24,579 - Peer 1006 received the 'not interested' message from 1003.
2026-04-22 17:16:24,579 - Peer 1006 received the 'not interested' message from 1004.
2026-04-22 17:16:24,579 - Peer 1006 received the 'not interested' message from 1003.
2026-04-22 17:16:24,580 - Peer 1006 received the 'not interested' message from 1004.
2026-04-22 17:16:24,580 - Peer 1006 received the 'not interested' message from 1002.
2026-04-22 17:16:24,581 - Peer 1006 received the 'not interested' message from 1005.
2026-04-22 17:16:24,581 - Peer 1006 received the 'not interested' message from 1001.
2026-04-22 17:16:24,582 - Peer 1006 has downloaded the piece 427 from 1001. Now the number of pieces it has is 146.
2026-04-22 17:16:24,583 - Peer 1006 received the 'not interested' message from 1003.
2026-04-22 17:16:24,583 - Peer 1006 received the 'not interested' message from 1004.
2026-04-22 17:16:24,584 - Peer 1006 received the 'not interested' message from 1002.
2026-04-22 17:16:24,584 - Peer 1006 received the 'not interested' message from 1003.
2026-04-22 17:16:24,584 - Peer 1006 received the 'not interested' message from 1004.
2026-04-22 17:16:24,585 - Peer 1006 received the 'not interested' message from 1005.
2026-04-22 17:16:24,586 - Peer 1006 received the 'not interested' message from 1001.
2026-04-22 17:16:24,586 - Peer 1006 received the 'not interested' message from 1003.
2026-04-22 17:16:24,587 - Peer 1006 received the 'not interested' message from 1003.
2026-04-22 17:16:24,587 - Peer 1006 received the 'not interested' message from 1004.
2026-04-22 17:16:24,587 - Peer 1006 received the 'not interested' message from 1003.
2026-04-22 17:16:24,587 - Peer 1006 received the 'not interested' message from 1004.
2026-04-22 17:16:24,589 - Peer 1006 received the 'not interested' message from 1003.
2026-04-22 17:16:24,589 - Peer 1006 has downloaded the piece 662 from 1001. Now the number of pieces it has is 147.
2026-04-22 17:16:24,591 - Peer 1006 received the 'not interested' message from 1002.
2026-04-22 17:16:24,592 - Peer 1006 received the 'not interested' message from 1005.
2026-04-22 17:16:24,592 - Peer 1006 received the 'not interested' message from 1001.
2026-04-22 17:16:24,593 - Peer 1006 has downloaded the piece 1438 from 1001. Now the number of pieces it has is 148.
2026-04-22 17:16:24,594 - Peer 1006 received the 'not interested' message from 1003.
2026-04-22 17:16:24,594 - Peer 1006 received the 'not interested' message from 1004.
2026-04-22 17:16:24,595 - Peer 1006 received the 'not interested' message from 1002.
2026-04-22 17:16:24,596 - Peer 1006 received the 'not interested' message from 1005.
2026-04-22 17:16:24,597 - Peer 1006 received the 'not interested' message from 1001.
2026-04-22 17:16:24,598 - Peer 1006 has downloaded the piece 578 from 1001. Now the number of pieces it has is 149.
2026-04-22 17:16:24,600 - Peer 1006 received the 'not interested' message from 1003.
2026-04-22 17:16:24,600 - Peer 1006 received the 'not interested' message from 1004.
2026-04-22 17:16:24,601 - Peer 1006 received the 'not interested' message from 1002.
2026-04-22 17:16:24,601 - Peer 1006 received the 'not interested' message from 1005.
2026-04-22 17:16:24,602 - Peer 1006 received the 'not interested' message from 1001.
2026-04-22 17:16:24,603 - Peer 1006 has downloaded the piece 694 from 1001. Now the number of pieces it has is 150.
2026-04-22 17:16:24,604 - Peer 1006 received the 'not interested' message from 1003.
2026-04-22 17:16:24,604 - Peer 1006 received the 'not interested' message from 1004.
2026-04-22 17:16:24,604 - Peer 1006 received the 'not interested' message from 1002.
2026-04-22 17:16:24,606 - Peer 1006 received the 'not interested' message from 1005.
2026-04-22 17:16:24,606 - Peer 1006 received the 'not interested' message from 1001.
2026-04-22 17:16:24,607 - Peer 1006 has downloaded the piece 1125 from 1001. Now the number of pieces it has is 151.
2026-04-22 17:16:24,609 - Peer 1006 received the 'not interested' message from 1004.
2026-04-22 17:16:24,609 - Peer 1006 received the 'not interested' message from 1003.
2026-04-22 17:16:24,609 - Peer 1006 received the 'not interested' message from 1005.
2026-04-22 17:16:24,609 - Peer 1006 received the 'not interested' message from 1002.
2026-04-22 17:16:24,610 - Peer 1006 received the 'not interested' message from 1001.
2026-04-22 17:16:24,611 - Peer 1006 has downloaded the piece 488 from 1001. Now the number of pieces it has is 152.
2026-04-22 17:16:24,613 - Peer 1006 received the 'not interested' message from 1002.
2026-04-22 17:16:24,614 - Peer 1006 received the 'not interested' message from 1005.
2026-04-22 17:16:24,614 - Peer 1006 received the 'not interested' message from 1003.
2026-04-22 17:16:24,615 - Peer 1006 received the 'not interested' message from 1004.
2026-04-22 17:16:24,615 - Peer 1006 received the 'not interested' message from 1001.
2026-04-22 17:16:24,616 - Peer 1006 has downloaded the piece 588 from 1001. Now the number of pieces it has is 153.
2026-04-22 17:16:24,617 - Peer 1006 received the 'not interested' message from 1002.
2026-04-22 17:16:24,617 - Peer 1006 received the 'not interested' message from 1005.
2026-04-22 17:16:24,617 - Peer 1006 received the 'not interested' message from 1001.
2026-04-22 17:16:24,617 - Peer 1006 received the 'not interested' message from 1004.
2026-04-22 17:16:24,619 - Peer 1006 received the 'not interested' message from 1003.
2026-04-22 17:16:24,619 - Peer 1006 received the 'not interested' message from 1003.
2026-04-22 17:16:24,619 - Peer 1006 has downloaded the piece 680 from 1001. Now the number of pieces it has is 154.
2026-04-22 17:16:24,622 - Peer 1006 received the 'not interested' message from 1002.
2026-04-22 17:16:24,622 - Peer 1006 received the 'not interested' message from 1005.
2026-04-22 17:16:24,623 - Peer 1006 received the 'not interested' message from 1001.
2026-04-22 17:16:24,624 - Peer 1006 received the 'not interested' message from 1003.
2026-04-22 17:16:24,624 - Peer 1006 received the 'not interested' message from 1004.
2026-04-22 17:16:24,625 - Peer 1006 received the 'not interested' message from 1004.
2026-04-22 17:16:24,625 - Peer 1006 has downloaded the piece 777 from 1001. Now the number of pieces it has is 155.
2026-04-22 17:16:24,626 - Peer 1006 received the 'not interested' message from 1002.
2026-04-22 17:16:24,626 - Peer 1006 received the 'not interested' message from 1005.
2026-04-22 17:16:24,628 - Peer 1006 received the 'not interested' message from 1001.
2026-04-22 17:16:24,628 - Peer 1006 received the 'not interested' message from 1003.
2026-04-22 17:16:24,628 - Peer 1006 received the 'not interested' message from 1004.
2026-04-22 17:16:24,629 - Peer 1006 has downloaded the piece 810 from 1001. Now the number of pieces it has is 156.
2026-04-22 17:16:24,631 - Peer 1006 received the 'not interested' message from 1002.
2026-04-22 17:16:24,631 - Peer 1006 received the 'not interested' message from 1005.
2026-04-22 17:16:24,632 - Peer 1006 received the 'not interested' message from 1001.
2026-04-22 17:16:24,634 - Peer 1006 has downloaded the piece 1506 from 1001. Now the number of pieces it has is 157.
2026-04-22 17:16:24,634 - Peer 1006 received the 'not interested' message from 1004.
2026-04-22 17:16:24,634 - Peer 1006 received the 'not interested' message from 1003.
2026-04-22 17:16:24,635 - Peer 1006 received the 'not interested' message from 1002.
2026-04-22 17:16:24,636 - Peer 1006 received the 'not interested' message from 1005.
2026-04-22 17:16:24,636 - Peer 1006 received the 'not interested' message from 1001.
2026-04-22 17:16:24,637 - Peer 1006 has downloaded the piece 616 from 1001. Now the number of pieces it has is 158.
2026-04-22 17:16:24,638 - Peer 1006 received the 'not interested' message from 1003.
2026-04-22 17:16:24,638 - Peer 1006 received the 'not interested' message from 1004.
2026-04-22 17:16:24,639 - Peer 1006 received the 'not interested' message from 1002.
2026-04-22 17:16:24,641 - Peer 1006 received the 'not interested' message from 1005.
2026-04-22 17:16:24,641 - Peer 1006 received the 'not interested' message from 1001.
2026-04-22 17:16:24,642 - Peer 1006 has downloaded the piece 819 from 1001. Now the number of pieces it has is 159.
2026-04-22 17:16:24,644 - Peer 1006 received the 'not interested' message from 1003.
2026-04-22 17:16:24,644 - Peer 1006 received the 'not interested' message from 1004.
2026-04-22 17:16:24,644 - Peer 1006 received the 'not interested' message from 1002.
2026-04-22 17:16:24,645 - Peer 1006 received the 'not interested' message from 1005.
2026-04-22 17:16:24,646 - Peer 1006 received the 'not interested' message from 1001.
2026-04-22 17:16:24,646 - Peer 1006 has downloaded the piece 247 from 1001. Now the number of pieces it has is 160.
2026-04-22 17:16:24,647 - Peer 1006 received the 'not interested' message from 1003.
2026-04-22 17:16:24,647 - Peer 1006 received the 'not interested' message from 1004.
2026-04-22 17:16:24,647 - Peer 1006 received the 'not interested' message from 1002.
2026-04-22 17:16:24,649 - Peer 1006 received the 'not interested' message from 1005.
2026-04-22 17:16:24,649 - Peer 1006 received the 'not interested' message from 1001.
2026-04-22 17:16:24,650 - Peer 1006 has downloaded the piece 1278 from 1001. Now the number of pieces it has is 161.
2026-04-22 17:16:24,652 - Peer 1006 received the 'not interested' message from 1002.
2026-04-22 17:16:24,653 - Peer 1006 received the 'not interested' message from 1005.
2026-04-22 17:16:24,653 - Peer 1006 received the 'not interested' message from 1001.
2026-04-22 17:16:24,654 - Peer 1006 has downloaded the piece 1132 from 1001. Now the number of pieces it has is 162.
2026-04-22 17:16:24,656 - Peer 1006 received the 'not interested' message from 1002.
2026-04-22 17:16:24,656 - Peer 1006 received the 'not interested' message from 1005.
2026-04-22 17:16:24,656 - Peer 1006 received the 'not interested' message from 1001.
2026-04-22 17:16:24,657 - Peer 1006 has downloaded the piece 487 from 1001. Now the number of pieces it has is 163.
2026-04-22 17:16:24,657 - Peer 1006 received the 'not interested' message from 1004.
2026-04-22 17:16:24,657 - Peer 1006 received the 'not interested' message from 1003.
2026-04-22 17:16:24,659 - Peer 1006 received the 'not interested' message from 1001.
2026-04-22 17:16:24,659 - Peer 1006 received the 'not interested' message from 1002.
2026-04-22 17:16:24,660 - Peer 1006 received the 'not interested' message from 1005.
2026-04-22 17:16:24,661 - Peer 1006 has downloaded the piece 921 from 1001. Now the number of pieces it has is 164.
2026-04-22 17:16:24,663 - Peer 1006 received the 'not interested' message from 1002.
2026-04-22 17:16:24,664 - Peer 1006 received the 'not interested' message from 1005.
2026-04-22 17:16:24,664 - Peer 1006 received the 'not interested' message from 1001.
2026-04-22 17:16:24,665 - Peer 1006 has downloaded the piece 1536 from 1001. Now the number of pieces it has is 165.
2026-04-22 17:16:24,667 - Peer 1006 received the 'not interested' message from 1002.
2026-04-22 17:16:24,667 - Peer 1006 received the 'not interested' message from 1005.
2026-04-22 17:16:24,669 - Peer 1006 received the 'not interested' message from 1001.
2026-04-22 17:16:24,669 - Peer 1006 has downloaded the piece 94 from 1001. Now the number of pieces it has is 166.
2026-04-22 17:16:24,671 - Peer 1006 received the 'not interested' message from 1002.
2026-04-22 17:16:24,672 - Peer 1006 received the 'not interested' message from 1005.
2026-04-22 17:16:24,672 - Peer 1006 received the 'not interested' message from 1003.
2026-04-22 17:16:24,672 - Peer 1006 received the 'not interested' message from 1001.
2026-04-22 17:16:24,672 - Peer 1006 received the 'not interested' message from 1004.
2026-04-22 17:16:24,673 - Peer 1006 received the 'not interested' message from 1003.
2026-04-22 17:16:24,674 - Peer 1006 has downloaded the piece 348 from 1001. Now the number of pieces it has is 167.
2026-04-22 17:16:24,675 - Peer 1006 received the 'not interested' message from 1002.
2026-04-22 17:16:24,676 - Peer 1006 received the 'not interested' message from 1005.
2026-04-22 17:16:24,676 - Peer 1006 received the 'not interested' message from 1001.
2026-04-22 17:16:24,678 - Peer 1006 received the 'not interested' message from 1003.
2026-04-22 17:16:24,678 - Peer 1006 received the 'not interested' message from 1004.
2026-04-22 17:16:24,720 - Peer 1006 received the 'not interested' message from 1003.
2026-04-22 17:16:24,721 - Peer 1006 received the 'not interested' message from 1004.
2026-04-22 17:16:24,721 - Peer 1006 received the 'not interested' message from 1003.
2026-04-22 17:16:24,721 - Peer 1006 received the 'not interested' message from 1004.
2026-04-22 17:16:24,721 - Peer 1006 received the 'not interested' message from 1003.
2026-04-22 17:16:24,722 - Peer 1006 received the 'not interested' message from 1004.
2026-04-22 17:16:24,722 - Peer 1006 received the 'not interested' message from 1003.
2026-04-22 17:16:24,722 - Peer 1006 received the 'not interested' message from 1004.
2026-04-22 17:16:24,722 - Peer 1006 received the 'not interested' message from 1003.
2026-04-22 17:16:24,722 - Peer 1006 received the 'not interested' message from 1004.
2026-04-22 17:16:24,723 - Peer 1006 received the 'not interested' message from 1004.
2026-04-22 17:16:24,744 - Peer 1006 received the 'not interested' message from 1004.
2026-04-22 17:16:24,744 - Peer 1006 received the 'not interested' message from 1003.
2026-04-22 17:16:24,746 - Peer 1006 has downloaded the piece 51 from 1001. Now the number of pieces it has is 168.
2026-04-22 17:16:24,747 - Peer 1006 received the 'not interested' message from 1002.
2026-04-22 17:16:24,747 - Peer 1006 received the 'not interested' message from 1005.
2026-04-22 17:16:24,748 - Peer 1006 received the 'not interested' message from 1001.
2026-04-22 17:16:24,749 - Peer 1006 has downloaded the piece 853 from 1001. Now the number of pieces it has is 169.
2026-04-22 17:16:24,750 - Peer 1006 received the 'not interested' message from 1002.
2026-04-22 17:16:24,750 - Peer 1006 received the 'not interested' message from 1005.
2026-04-22 17:16:24,751 - Peer 1006 received the 'not interested' message from 1001.
2026-04-22 17:16:24,752 - Peer 1006 has downloaded the piece 253 from 1001. Now the number of pieces it has is 170.
2026-04-22 17:16:24,753 - Peer 1006 received the 'not interested' message from 1002.
2026-04-22 17:16:24,754 - Peer 1006 received the 'not interested' message from 1005.
2026-04-22 17:16:24,754 - Peer 1006 received the 'not interested' message from 1001.
2026-04-22 17:16:24,755 - Peer 1006 has downloaded the piece 1171 from 1001. Now the number of pieces it has is 171.
2026-04-22 17:16:24,756 - Peer 1006 received the 'not interested' message from 1003.
2026-04-22 17:16:24,756 - Peer 1006 received the 'not interested' message from 1004.
2026-04-22 17:16:24,756 - Peer 1006 received the 'not interested' message from 1002.
2026-04-22 17:16:24,757 - Peer 1006 received the 'not interested' message from 1005.
2026-04-22 17:16:24,757 - Peer 1006 received the 'not interested' message from 1001.
2026-04-22 17:16:24,759 - Peer 1006 has downloaded the piece 509 from 1001. Now the number of pieces it has is 172.
2026-04-22 17:16:24,761 - Peer 1006 received the 'not interested' message from 1004.
2026-04-22 17:16:24,761 - Peer 1006 received the 'not interested' message from 1002.
2026-04-22 17:16:24,762 - Peer 1006 received the 'not interested' message from 1005.
2026-04-22 17:16:24,763 - Peer 1006 received the 'not interested' message from 1003.
2026-04-22 17:16:24,763 - Peer 1006 received the 'not interested' message from 1001.
2026-04-22 17:16:24,764 - Peer 1006 has downloaded the piece 882 from 1001. Now the number of pieces it has is 173.
2026-04-22 17:16:24,765 - Peer 1006 received the 'not interested' message from 1004.
2026-04-22 17:16:24,765 - Peer 1006 received the 'not interested' message from 1002.
2026-04-22 17:16:24,766 - Peer 1006 received the 'not interested' message from 1005.
2026-04-22 17:16:24,767 - Peer 1006 received the 'not interested' message from 1001.
2026-04-22 17:16:24,769 - Peer 1006 has downloaded the piece 1161 from 1001. Now the number of pieces it has is 174.
2026-04-22 17:16:24,769 - Peer 1006 received the 'not interested' message from 1003.
2026-04-22 17:16:24,769 - Peer 1006 received the 'not interested' message from 1004.
2026-04-22 17:16:24,771 - Peer 1006 received the 'not interested' message from 1002.
2026-04-22 17:16:24,772 - Peer 1006 received the 'not interested' message from 1005.
2026-04-22 17:16:24,772 - Peer 1006 received the 'not interested' message from 1001.
2026-04-22 17:16:24,773 - Peer 1006 has downloaded the piece 340 from 1001. Now the number of pieces it has is 175.
2026-04-22 17:16:24,774 - Peer 1006 received the 'not interested' message from 1002.
2026-04-22 17:16:24,775 - Peer 1006 received the 'not interested' message from 1005.
2026-04-22 17:16:24,775 - Peer 1006 received the 'not interested' message from 1001.
2026-04-22 17:16:24,776 - Peer 1006 has downloaded the piece 1558 from 1001. Now the number of pieces it has is 176.
2026-04-22 17:16:24,777 - Peer 1006 received the 'not interested' message from 1002.
2026-04-22 17:16:24,777 - Peer 1006 received the 'not interested' message from 1005.
2026-04-22 17:16:24,779 - Peer 1006 received the 'not interested' message from 1001.
2026-04-22 17:16:24,779 - Peer 1006 has downloaded the piece 183 from 1001. Now the number of pieces it has is 177.
2026-04-22 17:16:24,781 - Peer 1006 received the 'not interested' message from 1002.
2026-04-22 17:16:24,781 - Peer 1006 received the 'not interested' message from 1005.
2026-04-22 17:16:24,782 - Peer 1006 received the 'not interested' message from 1001.
2026-04-22 17:16:24,783 - Peer 1006 has downloaded the piece 548 from 1001. Now the number of pieces it has is 178.
2026-04-22 17:16:24,784 - Peer 1006 received the 'not interested' message from 1002.
2026-04-22 17:16:24,785 - Peer 1006 is unchoked by 1005.
2026-04-22 17:16:24,786 - Peer 1006 received the 'not interested' message from 1001.
2026-04-22 17:16:24,786 - Peer 1006 received the 'not interested' message from 1005.
2026-04-22 17:16:24,787 - Peer 1006 has downloaded the piece 301 from 1001. Now the number of pieces it has is 179.
2026-04-22 17:16:24,788 - Peer 1006 received the 'not interested' message from 1003.
2026-04-22 17:16:24,788 - Peer 1006 received the 'not interested' message from 1004.
2026-04-22 17:16:24,789 - Peer 1006 received the 'not interested' message from 1003.
2026-04-22 17:16:24,789 - Peer 1006 has downloaded the piece 1521 from 1005. Now the number of pieces it has is 180.
2026-04-22 17:16:24,791 - Peer 1006 received the 'not interested' message from 1002.
2026-04-22 17:16:24,793 - Peer 1006 received the 'not interested' message from 1002.
2026-04-22 17:16:24,793 - Peer 1006 received the 'not interested' message from 1001.
2026-04-22 17:16:24,794 - Peer 1006 received the 'not interested' message from 1001.
2026-04-22 17:16:24,794 - Peer 1006 received the 'not interested' message from 1005.
2026-04-22 17:16:24,796 - Peer 1006 received the 'not interested' message from 1005.
2026-04-22 17:16:24,796 - Peer 1006 has downloaded the piece 249 from 1001. Now the number of pieces it has is 181.
2026-04-22 17:16:24,797 - Peer 1006 has downloaded the piece 1509 from 1005. Now the number of pieces it has is 182.
2026-04-22 17:16:24,798 - Peer 1006 received the 'not interested' message from 1004.
2026-04-22 17:16:24,798 - Peer 1006 received the 'not interested' message from 1002.
2026-04-22 17:16:24,799 - Peer 1006 received the 'not interested' message from 1003.
2026-04-22 17:16:24,799 - Peer 1006 received the 'not interested' message from 1002.
2026-04-22 17:16:24,801 - Peer 1006 received the 'not interested' message from 1001.
2026-04-22 17:16:24,801 - Peer 1006 received the 'not interested' message from 1001.
2026-04-22 17:16:24,802 - Peer 1006 received the 'not interested' message from 1005.
2026-04-22 17:16:24,802 - Peer 1006 received the 'not interested' message from 1005.
2026-04-22 17:16:24,803 - Peer 1006 has downloaded the piece 283 from 1001. Now the number of pieces it has is 183.
2026-04-22 17:16:24,804 - Peer 1006 received the 'not interested' message from 1004.
2026-04-22 17:16:24,804 - Peer 1006 received the 'not interested' message from 1003.
2026-04-22 17:16:24,804 - Peer 1006 has downloaded the piece 507 from 1005. Now the number of pieces it has is 184.
2026-04-22 17:16:24,804 - Peer 1006 received the 'not interested' message from 1004.
2026-04-22 17:16:24,805 - Peer 1006 received the 'not interested' message from 1003.
2026-04-22 17:16:24,805 - Peer 1006 received the 'not interested' message from 1002.
2026-04-22 17:16:24,806 - Peer 1006 received the 'not interested' message from 1004.
2026-04-22 17:16:24,806 - Peer 1006 received the 'not interested' message from 1003.
2026-04-22 17:16:24,808 - Peer 1006 received the 'not interested' message from 1002.
2026-04-22 17:16:24,809 - Peer 1006 received the 'not interested' message from 1004.
2026-04-22 17:16:24,809 - Peer 1006 received the 'not interested' message from 1005.
2026-04-22 17:16:24,811 - Peer 1006 received the 'not interested' message from 1003.
2026-04-22 17:16:24,811 - Peer 1006 received the 'not interested' message from 1001.
2026-04-22 17:16:24,812 - Peer 1006 received the 'not interested' message from 1004.
2026-04-22 17:16:24,812 - Peer 1006 received the 'not interested' message from 1003.
2026-04-22 17:16:24,812 - Peer 1006 received the 'not interested' message from 1001.
2026-04-22 17:16:24,813 - Peer 1006 received the 'not interested' message from 1004.
2026-04-22 17:16:24,813 - Peer 1006 received the 'not interested' message from 1003.
2026-04-22 17:16:24,813 - Peer 1006 has downloaded the piece 1184 from 1005. Now the number of pieces it has is 185.
2026-04-22 17:16:24,814 - Peer 1006 received the 'not interested' message from 1004.
2026-04-22 17:16:24,814 - Peer 1006 received the 'not interested' message from 1003.
2026-04-22 17:16:24,814 - Peer 1006 has downloaded the piece 1502 from 1001. Now the number of pieces it has is 186.
2026-04-22 17:16:24,817 - Peer 1006 received the 'not interested' message from 1003.
2026-04-22 17:16:24,817 - Peer 1006 received the 'not interested' message from 1002.
2026-04-22 17:16:24,817 - Peer 1006 received the 'not interested' message from 1003.
2026-04-22 17:16:24,823 - Peer 1006 received the 'not interested' message from 1004.
2026-04-22 17:16:24,827 - Peer 1006 received the 'not interested' message from 1003.
2026-04-22 17:16:24,827 - Peer 1006 received the 'not interested' message from 1003.
2026-04-22 17:16:24,827 - Peer 1006 received the 'not interested' message from 1004.
2026-04-22 17:16:24,830 - Peer 1006 received the 'not interested' message from 1002.
2026-04-22 17:16:24,831 - Peer 1006 received the 'not interested' message from 1001.
2026-04-22 17:16:24,832 - Peer 1006 received the 'not interested' message from 1001.
2026-04-22 17:16:24,833 - Peer 1006 received the 'not interested' message from 1005.
2026-04-22 17:16:24,834 - Peer 1006 received the 'not interested' message from 1005.
2026-04-22 17:16:24,836 - Peer 1006 received the 'not interested' message from 1004.
2026-04-22 17:16:24,836 - Peer 1006 received the 'not interested' message from 1003.
2026-04-22 17:16:24,836 - Peer 1006 received the 'not interested' message from 1004.
2026-04-22 17:16:24,836 - Peer 1006 has downloaded the piece 863 from 1001. Now the number of pieces it has is 187.
2026-04-22 17:16:24,838 - Peer 1006 has downloaded the piece 1023 from 1005. Now the number of pieces it has is 188.
2026-04-22 17:16:24,841 - Peer 1006 received the 'not interested' message from 1005.
2026-04-22 17:16:24,844 - Peer 1006 received the 'not interested' message from 1004.
2026-04-22 17:16:24,847 - Peer 1006 received the 'not interested' message from 1005.
2026-04-22 17:16:24,847 - Peer 1006 received the 'not interested' message from 1002.
2026-04-22 17:16:24,847 - Peer 1006 received the 'not interested' message from 1001.
2026-04-22 17:16:24,850 - Peer 1006 received the 'not interested' message from 1002.
2026-04-22 17:16:24,850 - Peer 1006 has downloaded the piece 1482 from 1005. Now the number of pieces it has is 189.
2026-04-22 17:16:24,851 - Peer 1006 received the 'not interested' message from 1001.
2026-04-22 17:16:24,853 - Peer 1006 received the 'not interested' message from 1002.
2026-04-22 17:16:24,854 - Peer 1006 has downloaded the piece 872 from 1001. Now the number of pieces it has is 190.
2026-04-22 17:16:24,855 - Peer 1006 received the 'not interested' message from 1005.
2026-04-22 17:16:24,857 - Peer 1006 received the 'not interested' message from 1003.
2026-04-22 17:16:24,857 - Peer 1006 received the 'not interested' message from 1004.
2026-04-22 17:16:24,859 - Peer 1006 received the 'not interested' message from 1005.
2026-04-22 17:16:24,859 - Peer 1006 received the 'not interested' message from 1002.
2026-04-22 17:16:24,862 - Peer 1006 received the 'not interested' message from 1001.
2026-04-22 17:16:24,863 - Peer 1006 has downloaded the piece 1236 from 1005. Now the number of pieces it has is 191.
2026-04-22 17:16:24,866 - Peer 1006 received the 'not interested' message from 1004.
2026-04-22 17:16:24,866 - Peer 1006 received the 'not interested' message from 1001.
2026-04-22 17:16:24,869 - Peer 1006 has downloaded the piece 1263 from 1001. Now the number of pieces it has is 192.
2026-04-22 17:16:24,869 - Peer 1006 received the 'not interested' message from 1002.
2026-04-22 17:16:24,871 - Peer 1006 received the 'not interested' message from 1005.
2026-04-22 17:16:24,873 - Peer 1006 received the 'not interested' message from 1004.
2026-04-22 17:16:24,874 - Peer 1006 received the 'not interested' message from 1003.
2026-04-22 17:16:24,877 - Peer 1006 received the 'not interested' message from 1002.
2026-04-22 17:16:24,877 - Peer 1006 received the 'not interested' message from 1001.
2026-04-22 17:16:24,877 - Peer 1006 received the 'not interested' message from 1004.
2026-04-22 17:16:24,879 - Peer 1006 received the 'not interested' message from 1005.
2026-04-22 17:16:24,879 - Peer 1006 received the 'not interested' message from 1001.
2026-04-22 17:16:24,881 - Peer 1006 has downloaded the piece 496 from 1001. Now the number of pieces it has is 193.
2026-04-22 17:16:24,884 - Peer 1006 has downloaded the piece 57 from 1005. Now the number of pieces it has is 194.
2026-04-22 17:16:24,885 - Peer 1006 received the 'not interested' message from 1003.
2026-04-22 17:16:24,886 - Peer 1006 received the 'not interested' message from 1004.
2026-04-22 17:16:24,886 - Peer 1006 received the 'not interested' message from 1003.
2026-04-22 17:16:24,886 - Peer 1006 received the 'not interested' message from 1002.
2026-04-22 17:16:24,886 - Peer 1006 is unchoked by 1004.
2026-04-22 17:16:24,889 - Peer 1006 received the 'not interested' message from 1005.
2026-04-22 17:16:24,893 - Peer 1006 received the 'not interested' message from 1003.
2026-04-22 17:16:24,895 - Peer 1006 received the 'not interested' message from 1004.
2026-04-22 17:16:24,896 - Peer 1006 received the 'not interested' message from 1005.
2026-04-22 17:16:24,896 - Peer 1006 received the 'not interested' message from 1003.
2026-04-22 17:16:24,898 - Peer 1006 received the 'not interested' message from 1002.
2026-04-22 17:16:24,899 - Peer 1006 received the 'not interested' message from 1001.
2026-04-22 17:16:24,899 - Peer 1006 received the 'not interested' message from 1003.
2026-04-22 17:16:24,901 - Peer 1006 received the 'not interested' message from 1004.
2026-04-22 17:16:24,901 - Peer 1006 received the 'not interested' message from 1001.
2026-04-22 17:16:24,902 - Peer 1006 has downloaded the piece 1166 from 1005. Now the number of pieces it has is 195.
2026-04-22 17:16:24,903 - Peer 1006 has downloaded the piece 943 from 1001. Now the number of pieces it has is 196.
2026-04-22 17:16:24,904 - Peer 1006 received the 'not interested' message from 1002.
2026-04-22 17:16:24,905 - Peer 1006 received the 'not interested' message from 1002.
2026-04-22 17:16:24,906 - Peer 1006 received the 'not interested' message from 1003.
2026-04-22 17:16:24,906 - Peer 1006 received the 'not interested' message from 1005.
2026-04-22 17:16:24,906 - Peer 1006 received the 'not interested' message from 1004.
2026-04-22 17:16:24,907 - Peer 1006 received the 'not interested' message from 1001.
2026-04-22 17:16:24,907 - Peer 1006 received the 'not interested' message from 1005.
2026-04-22 17:16:24,907 - Peer 1006 received the 'not interested' message from 1001.
2026-04-22 17:16:24,909 - Peer 1006 has downloaded the piece 265 from 1005. Now the number of pieces it has is 197.
2026-04-22 17:16:24,909 - Peer 1006 has downloaded the piece 1002 from 1001. Now the number of pieces it has is 198.
2026-04-22 17:16:24,911 - Peer 1006 received the 'not interested' message from 1002.
2026-04-22 17:16:24,912 - Peer 1006 received the 'not interested' message from 1002.
2026-04-22 17:16:24,913 - Peer 1006 received the 'not interested' message from 1001.
2026-04-22 17:16:24,913 - Peer 1006 received the 'not interested' message from 1003.
2026-04-22 17:16:24,914 - Peer 1006 received the 'not interested' message from 1001.
2026-04-22 17:16:24,915 - Peer 1006 has downloaded the piece 129 from 1004. Now the number of pieces it has is 199.
2026-04-22 17:16:24,917 - Peer 1006 received the 'not interested' message from 1002.
2026-04-22 17:16:24,923 - Peer 1006 has downloaded the piece 497 from 1001. Now the number of pieces it has is 200.
2026-04-22 17:16:24,925 - Peer 1006 received the 'not interested' message from 1004.
2026-04-22 17:16:24,928 - Peer 1006 received the 'not interested' message from 1003.
2026-04-22 17:16:24,929 - Peer 1006 received the 'not interested' message from 1005.
2026-04-22 17:16:24,930 - Peer 1006 received the 'not interested' message from 1004.
2026-04-22 17:16:24,930 - Peer 1006 received the 'not interested' message from 1003.
2026-04-22 17:16:24,931 - Peer 1006 received the 'not interested' message from 1002.
2026-04-22 17:16:24,932 - Peer 1006 received the 'not interested' message from 1005.
2026-04-22 17:16:24,932 - Peer 1006 received the 'not interested' message from 1001.
2026-04-22 17:16:24,933 - Peer 1006 received the 'not interested' message from 1005.
2026-04-22 17:16:24,933 - Peer 1006 received the 'not interested' message from 1001.
2026-04-22 17:16:24,934 - Peer 1006 received the 'not interested' message from 1005.
2026-04-22 17:16:24,934 - Peer 1006 received the 'not interested' message from 1003.
2026-04-22 17:16:24,934 - Peer 1006 received the 'not interested' message from 1004.
2026-04-22 17:16:24,935 - Peer 1006 received the 'not interested' message from 1003.
2026-04-22 17:16:24,935 - Peer 1006 received the 'not interested' message from 1004.
2026-04-22 17:16:24,935 - Peer 1006 has downloaded the piece 596 from 1001. Now the number of pieces it has is 201.
2026-04-22 17:16:24,935 - Peer 1006 received the 'not interested' message from 1004.
2026-04-22 17:16:24,936 - Peer 1006 has downloaded the piece 1431 from 1005. Now the number of pieces it has is 202.
2026-04-22 17:16:24,937 - Peer 1006 received the 'not interested' message from 1004.
2026-04-22 17:16:24,937 - Peer 1006 received the 'not interested' message from 1002.
2026-04-22 17:16:24,939 - Peer 1006 has downloaded the piece 852 from 1004. Now the number of pieces it has is 203.
2026-04-22 17:16:24,940 - Peer 1006 received the 'not interested' message from 1002.
2026-04-22 17:16:24,941 - Peer 1006 received the 'not interested' message from 1005.
2026-04-22 17:16:24,942 - Peer 1006 received the 'not interested' message from 1002.
2026-04-22 17:16:24,943 - Peer 1006 received the 'not interested' message from 1005.
2026-04-22 17:16:24,944 - Peer 1006 received the 'not interested' message from 1003.
2026-04-22 17:16:24,944 - Peer 1006 received the 'not interested' message from 1001.
2026-04-22 17:16:24,944 - Peer 1006 received the 'not interested' message from 1001.
2026-04-22 17:16:24,945 - Peer 1006 received the 'not interested' message from 1001.
2026-04-22 17:16:24,945 - Peer 1006 has downloaded the piece 1442 from 1005. Now the number of pieces it has is 204.
2026-04-22 17:16:24,946 - Peer 1006 has downloaded the piece 53 from 1001. Now the number of pieces it has is 205.
2026-04-22 17:16:24,947 - Peer 1006 received the 'not interested' message from 1002.
2026-04-22 17:16:24,947 - Peer 1006 received the 'not interested' message from 1004.
2026-04-22 17:16:24,947 - Peer 1006 received the 'not interested' message from 1003.
2026-04-22 17:16:24,949 - Peer 1006 received the 'not interested' message from 1002.
2026-04-22 17:16:24,950 - Peer 1006 received the 'not interested' message from 1005.
2026-04-22 17:16:24,951 - Peer 1006 received the 'not interested' message from 1001.
2026-04-22 17:16:24,951 - Peer 1006 received the 'not interested' message from 1005.
2026-04-22 17:16:24,951 - Peer 1006 received the 'not interested' message from 1001.
2026-04-22 17:16:24,952 - Peer 1006 received the 'not interested' message from 1005.
2026-04-22 17:16:24,952 - Peer 1006 received the 'not interested' message from 1005.
2026-04-22 17:16:24,952 - Peer 1006 has downloaded the piece 593 from 1001. Now the number of pieces it has is 206.
2026-04-22 17:16:24,954 - Peer 1006 has downloaded the piece 850 from 1005. Now the number of pieces it has is 207.
2026-04-22 17:16:24,956 - Peer 1006 received the 'not interested' message from 1002.
2026-04-22 17:16:24,957 - Peer 1006 received the 'not interested' message from 1002.
2026-04-22 17:16:24,957 - Peer 1006 received the 'not interested' message from 1001.
2026-04-22 17:16:24,958 - Peer 1006 received the 'not interested' message from 1001.
2026-04-22 17:16:24,958 - Peer 1006 received the 'not interested' message from 1005.
2026-04-22 17:16:24,958 - Peer 1006 received the 'not interested' message from 1005.
2026-04-22 17:16:24,959 - Peer 1006 received the 'not interested' message from 1003.
2026-04-22 17:16:24,959 - Peer 1006 received the 'not interested' message from 1004.
2026-04-22 17:16:24,960 - Peer 1006 received the 'not interested' message from 1003.
2026-04-22 17:16:24,960 - Peer 1006 received the 'not interested' message from 1004.
2026-04-22 17:16:24,961 - Peer 1006 received the 'not interested' message from 1003.
2026-04-22 17:16:24,961 - Peer 1006 received the 'not interested' message from 1004.
2026-04-22 17:16:24,961 - Peer 1006 has downloaded the piece 939 from 1005. Now the number of pieces it has is 208.
2026-04-22 17:16:24,962 - Peer 1006 has downloaded the piece 838 from 1001. Now the number of pieces it has is 209.
2026-04-22 17:16:24,963 - Peer 1006 has downloaded the piece 156 from 1004. Now the number of pieces it has is 210.
2026-04-22 17:16:24,964 - Peer 1006 received the 'not interested' message from 1002.
2026-04-22 17:16:24,965 - Peer 1006 received the 'not interested' message from 1002.
2026-04-22 17:16:24,967 - Peer 1006 received the 'not interested' message from 1002.
2026-04-22 17:16:24,969 - Peer 1006 received the 'not interested' message from 1005.
2026-04-22 17:16:24,969 - Peer 1006 received the 'not interested' message from 1001.
2026-04-22 17:16:24,969 - Peer 1006 received the 'not interested' message from 1005.
2026-04-22 17:16:24,970 - Peer 1006 received the 'not interested' message from 1001.
2026-04-22 17:16:24,970 - Peer 1006 received the 'not interested' message from 1003.
2026-04-22 17:16:24,970 - Peer 1006 received the 'not interested' message from 1004.
2026-04-22 17:16:24,971 - Peer 1006 received the 'not interested' message from 1005.
2026-04-22 17:16:24,971 - Peer 1006 received the 'not interested' message from 1001.
2026-04-22 17:16:24,971 - Peer 1006 received the 'not interested' message from 1004.
2026-04-22 17:16:24,973 - Peer 1006 has downloaded the piece 259 from 1005. Now the number of pieces it has is 211.
2026-04-22 17:16:24,974 - Peer 1006 has downloaded the piece 1445 from 1001. Now the number of pieces it has is 212.
2026-04-22 17:16:24,976 - Peer 1006 received the 'not interested' message from 1002.
2026-04-22 17:16:24,976 - Peer 1006 received the 'not interested' message from 1001.
2026-04-22 17:16:24,977 - Peer 1006 received the 'not interested' message from 1002.
2026-04-22 17:16:24,977 - Peer 1006 received the 'not interested' message from 1005.
2026-04-22 17:16:24,977 - Peer 1006 received the 'not interested' message from 1001.
2026-04-22 17:16:24,977 - Peer 1006 received the 'not interested' message from 1005.
2026-04-22 17:16:24,979 - Peer 1006 has downloaded the piece 1134 from 1001. Now the number of pieces it has is 213.
2026-04-22 17:16:24,979 - Peer 1006 received the 'not interested' message from 1003.
2026-04-22 17:16:24,979 - Peer 1006 received the 'not interested' message from 1003.
2026-04-22 17:16:24,979 - Peer 1006 received the 'not interested' message from 1003.
2026-04-22 17:16:24,980 - Peer 1006 has downloaded the piece 297 from 1005. Now the number of pieces it has is 214.
2026-04-22 17:16:24,982 - Peer 1006 received the 'not interested' message from 1002.
2026-04-22 17:16:24,983 - Peer 1006 received the 'not interested' message from 1004.
2026-04-22 17:16:24,984 - Peer 1006 received the 'not interested' message from 1002.
2026-04-22 17:16:24,984 - Peer 1006 received the 'not interested' message from 1004.
2026-04-22 17:16:24,985 - Peer 1006 received the 'not interested' message from 1001.
2026-04-22 17:16:24,985 - Peer 1006 received the 'not interested' message from 1005.
2026-04-22 17:16:24,986 - Peer 1006 received the 'not interested' message from 1001.
2026-04-22 17:16:24,986 - Peer 1006 received the 'not interested' message from 1005.
2026-04-22 17:16:24,987 - Peer 1006 has downloaded the piece 1222 from 1001. Now the number of pieces it has is 215.
2026-04-22 17:16:24,987 - Peer 1006 has downloaded the piece 1084 from 1005. Now the number of pieces it has is 216.
2026-04-22 17:16:24,988 - Peer 1006 received the 'not interested' message from 1004.
2026-04-22 17:16:24,989 - Peer 1006 received the 'not interested' message from 1004.
2026-04-22 17:16:24,989 - Peer 1006 received the 'not interested' message from 1002.
2026-04-22 17:16:24,989 - Peer 1006 received the 'not interested' message from 1004.
2026-04-22 17:16:24,989 - Peer 1006 received the 'not interested' message from 1003.
2026-04-22 17:16:24,991 - Peer 1006 received the 'not interested' message from 1002.
2026-04-22 17:16:24,992 - Peer 1006 received the 'not interested' message from 1001.
2026-04-22 17:16:24,992 - Peer 1006 received the 'not interested' message from 1003.
2026-04-22 17:16:24,992 - Peer 1006 received the 'not interested' message from 1001.
2026-04-22 17:16:24,992 - Peer 1006 received the 'not interested' message from 1003.
2026-04-22 17:16:24,993 - Peer 1006 has downloaded the piece 1550 from 1004. Now the number of pieces it has is 217.
2026-04-22 17:16:24,994 - Peer 1006 received the 'not interested' message from 1003.
2026-04-22 17:16:24,995 - Peer 1006 received the 'not interested' message from 1003.
2026-04-22 17:16:24,995 - Peer 1006 has downloaded the piece 1197 from 1001. Now the number of pieces it has is 218.
2026-04-22 17:16:24,997 - Peer 1006 received the 'not interested' message from 1005.
2026-04-22 17:16:24,997 - Peer 1006 received the 'not interested' message from 1002.
2026-04-22 17:16:24,999 - Peer 1006 received the 'not interested' message from 1004.
2026-04-22 17:16:24,999 - Peer 1006 received the 'not interested' message from 1003.
2026-04-22 17:16:24,999 - Peer 1006 received the 'not interested' message from 1005.
2026-04-22 17:16:24,999 - Peer 1006 received the 'not interested' message from 1002.
2026-04-22 17:16:25,001 - Peer 1006 received the 'not interested' message from 1004.
2026-04-22 17:16:25,001 - Peer 1006 received the 'not interested' message from 1003.
2026-04-22 17:16:25,002 - Peer 1006 received the 'not interested' message from 1001.
2026-04-22 17:16:25,003 - Peer 1006 received the 'not interested' message from 1004.
2026-04-22 17:16:25,003 - Peer 1006 received the 'not interested' message from 1003.
2026-04-22 17:16:25,003 - Peer 1006 received the 'not interested' message from 1001.
2026-04-22 17:16:25,004 - Peer 1006 received the 'not interested' message from 1004.
2026-04-22 17:16:25,004 - Peer 1006 received the 'not interested' message from 1003.
2026-04-22 17:16:25,005 - Peer 1006 received the 'not interested' message from 1004.
2026-04-22 17:16:25,005 - Peer 1006 has downloaded the piece 995 from 1005. Now the number of pieces it has is 219.
2026-04-22 17:16:25,005 - Peer 1006 received the 'not interested' message from 1004.
2026-04-22 17:16:25,006 - Peer 1006 has downloaded the piece 708 from 1001. Now the number of pieces it has is 220.
2026-04-22 17:16:25,007 - Peer 1006 received the 'not interested' message from 1002.
2026-04-22 17:16:25,009 - Peer 1006 received the 'not interested' message from 1002.
2026-04-22 17:16:25,009 - Peer 1006 received the 'not interested' message from 1005.
2026-04-22 17:16:25,010 - Peer 1006 received the 'not interested' message from 1001.
2026-04-22 17:16:25,010 - Peer 1006 received the 'not interested' message from 1001.
2026-04-22 17:16:25,011 - Peer 1006 received the 'not interested' message from 1005.
2026-04-22 17:16:25,011 - Peer 1006 received the 'not interested' message from 1005.
2026-04-22 17:16:25,012 - Peer 1006 has downloaded the piece 929 from 1001. Now the number of pieces it has is 221.
2026-04-22 17:16:25,013 - Peer 1006 has downloaded the piece 209 from 1005. Now the number of pieces it has is 222.
2026-04-22 17:16:25,014 - Peer 1006 received the 'not interested' message from 1002.
2026-04-22 17:16:25,014 - Peer 1006 received the 'not interested' message from 1004.
2026-04-22 17:16:25,015 - Peer 1006 received the 'not interested' message from 1003.
2026-04-22 17:16:25,016 - Peer 1006 received the 'not interested' message from 1001.
2026-04-22 17:16:25,016 - Peer 1006 received the 'not interested' message from 1002.
2026-04-22 17:16:25,017 - Peer 1006 received the 'not interested' message from 1001.
2026-04-22 17:16:25,017 - Peer 1006 has downloaded the piece 1105 from 1004. Now the number of pieces it has is 223.
2026-04-22 17:16:25,019 - Peer 1006 has downloaded the piece 500 from 1001. Now the number of pieces it has is 224.
2026-04-22 17:16:25,019 - Peer 1006 received the 'not interested' message from 1005.
2026-04-22 17:16:25,020 - Peer 1006 received the 'not interested' message from 1005.
2026-04-22 17:16:25,021 - Peer 1006 received the 'not interested' message from 1003.
2026-04-22 17:16:25,021 - Peer 1006 received the 'not interested' message from 1005.
2026-04-22 17:16:25,023 - Peer 1006 received the 'not interested' message from 1002.
2026-04-22 17:16:25,025 - Peer 1006 received the 'not interested' message from 1004.
2026-04-22 17:16:25,026 - Peer 1006 received the 'not interested' message from 1002.
2026-04-22 17:16:25,026 - Peer 1006 received the 'not interested' message from 1001.
2026-04-22 17:16:25,026 - Peer 1006 received the 'not interested' message from 1001.
2026-04-22 17:16:25,028 - Peer 1006 has downloaded the piece 1059 from 1005. Now the number of pieces it has is 225.
2026-04-22 17:16:25,028 - Peer 1006 has downloaded the piece 1319 from 1001. Now the number of pieces it has is 226.
2026-04-22 17:16:25,029 - Peer 1006 received the 'not interested' message from 1002.
2026-04-22 17:16:25,031 - Peer 1006 received the 'not interested' message from 1002.
2026-04-22 17:16:25,032 - Peer 1006 received the 'not interested' message from 1005.
2026-04-22 17:16:25,033 - Peer 1006 received the 'not interested' message from 1001.
2026-04-22 17:16:25,033 - Peer 1006 received the 'not interested' message from 1005.
2026-04-22 17:16:25,034 - Peer 1006 received the 'not interested' message from 1001.
2026-04-22 17:16:25,034 - Peer 1006 received the 'not interested' message from 1005.
2026-04-22 17:16:25,034 - Peer 1006 received the 'not interested' message from 1005.
2026-04-22 17:16:25,034 - Peer 1006 has downloaded the piece 240 from 1001. Now the number of pieces it has is 227.
2026-04-22 17:16:25,036 - Peer 1006 has downloaded the piece 1458 from 1005. Now the number of pieces it has is 228.
2026-04-22 17:16:25,037 - Peer 1006 received the 'not interested' message from 1002.
2026-04-22 17:16:25,039 - Peer 1006 received the 'not interested' message from 1002.
2026-04-22 17:16:25,039 - Peer 1006 received the 'not interested' message from 1004.
2026-04-22 17:16:25,040 - Peer 1006 received the 'not interested' message from 1001.
2026-04-22 17:16:25,041 - Peer 1006 received the 'not interested' message from 1004.
2026-04-22 17:16:25,041 - Peer 1006 received the 'not interested' message from 1001.
2026-04-22 17:16:25,041 - Peer 1006 received the 'not interested' message from 1005.
2026-04-22 17:16:25,042 - Peer 1006 received the 'not interested' message from 1004.
2026-04-22 17:16:25,043 - Peer 1006 has downloaded the piece 1094 from 1001. Now the number of pieces it has is 229.
2026-04-22 17:16:25,044 - Peer 1006 received the 'not interested' message from 1005.
2026-04-22 17:16:25,045 - Peer 1006 received the 'not interested' message from 1002.
2026-04-22 17:16:25,046 - Peer 1006 received the 'not interested' message from 1003.
2026-04-22 17:16:25,046 - Peer 1006 received the 'not interested' message from 1003.
2026-04-22 17:16:25,046 - Peer 1006 has downloaded the piece 1429 from 1005. Now the number of pieces it has is 230.
2026-04-22 17:16:25,047 - Peer 1006 received the 'not interested' message from 1003.
2026-04-22 17:16:25,048 - Peer 1006 received the 'not interested' message from 1001.
2026-04-22 17:16:25,050 - Peer 1006 received the 'not interested' message from 1001.
2026-04-22 17:16:25,050 - Peer 1006 received the 'not interested' message from 1002.
2026-04-22 17:16:25,052 - Peer 1006 has downloaded the piece 1074 from 1001. Now the number of pieces it has is 231.
2026-04-22 17:16:25,053 - Peer 1006 received the 'not interested' message from 1005.
2026-04-22 17:16:25,054 - Peer 1006 received the 'not interested' message from 1005.
2026-04-22 17:16:25,054 - Peer 1006 received the 'not interested' message from 1002.
2026-04-22 17:16:25,054 - Peer 1006 received the 'not interested' message from 1004.
2026-04-22 17:16:25,054 - Peer 1006 received the 'not interested' message from 1003.
2026-04-22 17:16:25,055 - Peer 1006 received the 'not interested' message from 1001.
2026-04-22 17:16:25,055 - Peer 1006 received the 'not interested' message from 1004.
2026-04-22 17:16:25,057 - Peer 1006 has downloaded the piece 1079 from 1005. Now the number of pieces it has is 232.
2026-04-22 17:16:25,058 - Peer 1006 received the 'not interested' message from 1004.
2026-04-22 17:16:25,058 - Peer 1006 has downloaded the piece 769 from 1001. Now the number of pieces it has is 233.
2026-04-22 17:16:25,058 - Peer 1006 has downloaded the piece 597 from 1004. Now the number of pieces it has is 234.
2026-04-22 17:16:25,061 - Peer 1006 received the 'not interested' message from 1002.
2026-04-22 17:16:25,062 - Peer 1006 received the 'not interested' message from 1002.
2026-04-22 17:16:25,063 - Peer 1006 received the 'not interested' message from 1004.
2026-04-22 17:16:25,063 - Peer 1006 received the 'not interested' message from 1001.
2026-04-22 17:16:25,063 - Peer 1006 received the 'not interested' message from 1002.
2026-04-22 17:16:25,063 - Peer 1006 received the 'not interested' message from 1005.
2026-04-22 17:16:25,063 - Peer 1006 received the 'not interested' message from 1003.
2026-04-22 17:16:25,063 - Peer 1006 received the 'not interested' message from 1004.
2026-04-22 17:16:25,065 - Peer 1006 received the 'not interested' message from 1001.
2026-04-22 17:16:25,065 - Peer 1006 received the 'not interested' message from 1005.
2026-04-22 17:16:25,065 - Peer 1006 received the 'not interested' message from 1003.
2026-04-22 17:16:25,065 - Peer 1006 received the 'not interested' message from 1004.
2026-04-22 17:16:25,065 - Peer 1006 received the 'not interested' message from 1001.
2026-04-22 17:16:25,065 - Peer 1006 received the 'not interested' message from 1005.
2026-04-22 17:16:25,066 - Peer 1006 received the 'not interested' message from 1003.
2026-04-22 17:16:25,066 - Peer 1006 received the 'not interested' message from 1005.
2026-04-22 17:16:25,066 - Peer 1006 received the 'not interested' message from 1003.
2026-04-22 17:16:25,066 - Peer 1006 received the 'not interested' message from 1003.
2026-04-22 17:16:25,066 - Peer 1006 received the 'not interested' message from 1003.
2026-04-22 17:16:25,066 - Peer 1006 received the 'not interested' message from 1003.
2026-04-22 17:16:25,068 - Peer 1006 has downloaded the piece 992 from 1001. Now the number of pieces it has is 235.
2026-04-22 17:16:25,068 - Peer 1006 received the 'not interested' message from 1003.
2026-04-22 17:16:25,069 - Peer 1006 received the 'not interested' message from 1004.
2026-04-22 17:16:25,069 - Peer 1006 received the 'not interested' message from 1003.
2026-04-22 17:16:25,069 - Peer 1006 received the 'not interested' message from 1004.
2026-04-22 17:16:25,070 - Peer 1006 received the 'not interested' message from 1004.
2026-04-22 17:16:25,070 - Peer 1006 has downloaded the piece 1435 from 1005. Now the number of pieces it has is 236.
2026-04-22 17:16:25,072 - Peer 1006 received the 'not interested' message from 1004.
2026-04-22 17:16:25,074 - Peer 1006 received the 'not interested' message from 1004.
2026-04-22 17:16:25,074 - Peer 1006 received the 'not interested' message from 1004.
2026-04-22 17:16:25,076 - Peer 1006 received the 'not interested' message from 1004.
2026-04-22 17:16:25,076 - Peer 1006 received the 'not interested' message from 1001.
2026-04-22 17:16:25,076 - Peer 1006 received the 'not interested' message from 1005.
2026-04-22 17:16:25,077 - Peer 1006 received the 'not interested' message from 1001.
2026-04-22 17:16:25,077 - Peer 1006 received the 'not interested' message from 1005.
2026-04-22 17:16:25,077 - Peer 1006 has downloaded the piece 1069 from 1004. Now the number of pieces it has is 237.
2026-04-22 17:16:25,079 - Peer 1006 has downloaded the piece 697 from 1005. Now the number of pieces it has is 238.
2026-04-22 17:16:25,080 - Peer 1006 has downloaded the piece 1403 from 1001. Now the number of pieces it has is 239.
2026-04-22 17:16:25,081 - Peer 1006 received the 'not interested' message from 1003.
2026-04-22 17:16:25,084 - Peer 1006 received the 'not interested' message from 1002.
2026-04-22 17:16:25,086 - Peer 1006 received the 'not interested' message from 1003.
2026-04-22 17:16:25,086 - Peer 1006 received the 'not interested' message from 1005.
2026-04-22 17:16:25,086 - Peer 1006 received the 'not interested' message from 1002.
2026-04-22 17:16:25,086 - Peer 1006 received the 'not interested' message from 1004.
2026-04-22 17:16:25,088 - Peer 1006 received the 'not interested' message from 1003.
2026-04-22 17:16:25,088 - Peer 1006 received the 'not interested' message from 1005.
2026-04-22 17:16:25,088 - Peer 1006 received the 'not interested' message from 1002.
2026-04-22 17:16:25,088 - Peer 1006 received the 'not interested' message from 1001.
2026-04-22 17:16:25,089 - Peer 1006 received the 'not interested' message from 1002.
2026-04-22 17:16:25,089 - Peer 1006 received the 'not interested' message from 1001.
2026-04-22 17:16:25,090 - Peer 1006 received the 'not interested' message from 1002.
2026-04-22 17:16:25,090 - Peer 1006 has downloaded the piece 383 from 1005. Now the number of pieces it has is 240.
2026-04-22 17:16:25,091 - Peer 1006 received the 'not interested' message from 1001.
2026-04-22 17:16:25,091 - Peer 1006 received the 'not interested' message from 1003.
2026-04-22 17:16:25,091 - Peer 1006 received the 'not interested' message from 1002.
2026-04-22 17:16:25,092 - Peer 1006 has downloaded the piece 630 from 1001. Now the number of pieces it has is 241.
2026-04-22 17:16:25,094 - Peer 1006 received the 'not interested' message from 1005.
2026-04-22 17:16:25,094 - Peer 1006 received the 'not interested' message from 1002.
2026-04-22 17:16:25,094 - Peer 1006 received the 'not interested' message from 1005.
2026-04-22 17:16:25,095 - Peer 1006 received the 'not interested' message from 1001.
2026-04-22 17:16:25,095 - Peer 1006 received the 'not interested' message from 1004.
2026-04-22 17:16:25,095 - Peer 1006 received the 'not interested' message from 1001.
2026-04-22 17:16:25,097 - Peer 1006 has downloaded the piece 1193 from 1005. Now the number of pieces it has is 242.
2026-04-22 17:16:25,097 - Peer 1006 has downloaded the piece 875 from 1001. Now the number of pieces it has is 243.
2026-04-22 17:16:25,099 - Peer 1006 received the 'not interested' message from 1003.
2026-04-22 17:16:25,101 - Peer 1006 received the 'not interested' message from 1002.
2026-04-22 17:16:25,101 - Peer 1006 received the 'not interested' message from 1004.
2026-04-22 17:16:25,102 - Peer 1006 received the 'not interested' message from 1002.
2026-04-22 17:16:25,103 - Peer 1006 received the 'not interested' message from 1004.
2026-04-22 17:16:25,104 - Peer 1006 received the 'not interested' message from 1001.
2026-04-22 17:16:25,104 - Peer 1006 received the 'not interested' message from 1003.
2026-04-22 17:16:25,105 - Peer 1006 received the 'not interested' message from 1005.
2026-04-22 17:16:25,105 - Peer 1006 received the 'not interested' message from 1001.
2026-04-22 17:16:25,105 - Peer 1006 received the 'not interested' message from 1003.
2026-04-22 17:16:25,106 - Peer 1006 received the 'not interested' message from 1005.
2026-04-22 17:16:25,106 - Peer 1006 received the 'not interested' message from 1003.
2026-04-22 17:16:25,107 - Peer 1006 has downloaded the piece 994 from 1004. Now the number of pieces it has is 244.
2026-04-22 17:16:25,107 - Peer 1006 received the 'not interested' message from 1005.
2026-04-22 17:16:25,107 - Peer 1006 has downloaded the piece 1275 from 1001. Now the number of pieces it has is 245.
2026-04-22 17:16:25,109 - Peer 1006 received the 'not interested' message from 1003.
2026-04-22 17:16:25,109 - Peer 1006 received the 'not interested' message from 1003.
2026-04-22 17:16:25,110 - Peer 1006 received the 'not interested' message from 1002.
2026-04-22 17:16:25,110 - Peer 1006 has downloaded the piece 1163 from 1005. Now the number of pieces it has is 246.
2026-04-22 17:16:25,112 - Peer 1006 received the 'not interested' message from 1002.
2026-04-22 17:16:25,114 - Peer 1006 received the 'not interested' message from 1002.
2026-04-22 17:16:25,116 - Peer 1006 received the 'not interested' message from 1004.
2026-04-22 17:16:25,117 - Peer 1006 received the 'not interested' message from 1001.
2026-04-22 17:16:25,117 - Peer 1006 received the 'not interested' message from 1003.
2026-04-22 17:16:25,118 - Peer 1006 received the 'not interested' message from 1004.
2026-04-22 17:16:25,118 - Peer 1006 received the 'not interested' message from 1005.
2026-04-22 17:16:25,118 - Peer 1006 received the 'not interested' message from 1001.
2026-04-22 17:16:25,118 - Peer 1006 received the 'not interested' message from 1003.
2026-04-22 17:16:25,119 - Peer 1006 received the 'not interested' message from 1005.
2026-04-22 17:16:25,119 - Peer 1006 received the 'not interested' message from 1001.
2026-04-22 17:16:25,120 - Peer 1006 received the 'not interested' message from 1003.
2026-04-22 17:16:25,120 - Peer 1006 received the 'not interested' message from 1005.
2026-04-22 17:16:25,121 - Peer 1006 has downloaded the piece 316 from 1001. Now the number of pieces it has is 247.
2026-04-22 17:16:25,122 - Peer 1006 has downloaded the piece 1360 from 1005. Now the number of pieces it has is 248.
2026-04-22 17:16:25,124 - Peer 1006 received the 'not interested' message from 1002.
2026-04-22 17:16:25,125 - Peer 1006 received the 'not interested' message from 1002.
2026-04-22 17:16:25,126 - Peer 1006 received the 'not interested' message from 1001.
2026-04-22 17:16:25,126 - Peer 1006 received the 'not interested' message from 1005.
2026-04-22 17:16:25,126 - Peer 1006 received the 'not interested' message from 1001.
2026-04-22 17:16:25,127 - Peer 1006 received the 'not interested' message from 1005.
2026-04-22 17:16:25,127 - Peer 1006 received the 'not interested' message from 1003.
2026-04-22 17:16:25,129 - Peer 1006 received the 'not interested' message from 1003.
2026-04-22 17:16:25,129 - Peer 1006 has downloaded the piece 197 from 1001. Now the number of pieces it has is 249.
2026-04-22 17:16:25,129 - Peer 1006 has downloaded the piece 1389 from 1005. Now the number of pieces it has is 250.
2026-04-22 17:16:25,130 - Peer 1006 received the 'not interested' message from 1002.
2026-04-22 17:16:25,131 - Peer 1006 received the 'not interested' message from 1002.
2026-04-22 17:16:25,133 - Peer 1006 received the 'not interested' message from 1001.
2026-04-22 17:16:25,133 - Peer 1006 received the 'not interested' message from 1003.
2026-04-22 17:16:25,134 - Peer 1006 received the 'not interested' message from 1001.
2026-04-22 17:16:25,134 - Peer 1006 received the 'not interested' message from 1005.
2026-04-22 17:16:25,135 - Peer 1006 received the 'not interested' message from 1005.
2026-04-22 17:16:25,136 - Peer 1006 has downloaded the piece 1217 from 1001. Now the number of pieces it has is 251.
2026-04-22 17:16:25,136 - Peer 1006 has downloaded the piece 529 from 1005. Now the number of pieces it has is 252.
2026-04-22 17:16:25,137 - Peer 1006 received the 'not interested' message from 1002.
2026-04-22 17:16:25,139 - Peer 1006 received the 'not interested' message from 1003.
2026-04-22 17:16:25,139 - Peer 1006 received the 'not interested' message from 1001.
2026-04-22 17:16:25,140 - Peer 1006 received the 'not interested' message from 1002.
2026-04-22 17:16:25,141 - Peer 1006 has downloaded the piece 1573 from 1001. Now the number of pieces it has is 253.
2026-04-22 17:16:25,143 - Peer 1006 received the 'not interested' message from 1005.
2026-04-22 17:16:25,143 - Peer 1006 received the 'not interested' message from 1002.
2026-04-22 17:16:25,144 - Peer 1006 received the 'not interested' message from 1005.
2026-04-22 17:16:25,145 - Peer 1006 received the 'not interested' message from 1001.
2026-04-22 17:16:25,145 - Peer 1006 received the 'not interested' message from 1001.
2026-04-22 17:16:25,146 - Peer 1006 has downloaded the piece 413 from 1005. Now the number of pieces it has is 254.
2026-04-22 17:16:25,147 - Peer 1006 has downloaded the piece 363 from 1001. Now the number of pieces it has is 255.
2026-04-22 17:16:25,149 - Peer 1006 received the 'not interested' message from 1003.
2026-04-22 17:16:25,151 - Peer 1006 received the 'not interested' message from 1003.
2026-04-22 17:16:25,151 - Peer 1006 received the 'not interested' message from 1002.
2026-04-22 17:16:25,152 - Peer 1006 received the 'not interested' message from 1001.
2026-04-22 17:16:25,152 - Peer 1006 received the 'not interested' message from 1002.
2026-04-22 17:16:25,153 - Peer 1006 received the 'not interested' message from 1001.
2026-04-22 17:16:25,154 - Peer 1006 received the 'not interested' message from 1005.
2026-04-22 17:16:25,155 - Peer 1006 received the 'not interested' message from 1003.
2026-04-22 17:16:25,155 - Peer 1006 received the 'not interested' message from 1005.
2026-04-22 17:16:25,156 - Peer 1006 received the 'not interested' message from 1005.
2026-04-22 17:16:25,158 - Peer 1006 has downloaded the piece 494 from 1005. Now the number of pieces it has is 256.
2026-04-22 17:16:25,160 - Peer 1006 received the 'not interested' message from 1002.
2026-04-22 17:16:25,161 - Peer 1006 received the 'not interested' message from 1005.
2026-04-22 17:16:25,162 - Peer 1006 has downloaded the piece 793 from 1001. Now the number of pieces it has is 257.
2026-04-22 17:16:25,164 - Peer 1006 has downloaded the piece 536 from 1005. Now the number of pieces it has is 258.
2026-04-22 17:16:25,164 - Peer 1006 received the 'not interested' message from 1002.
2026-04-22 17:16:25,166 - Peer 1006 received the 'not interested' message from 1002.
2026-04-22 17:16:25,166 - Peer 1006 received the 'not interested' message from 1004.
2026-04-22 17:16:25,166 - Peer 1006 received the 'not interested' message from 1003.
2026-04-22 17:16:25,167 - Peer 1006 received the 'not interested' message from 1004.
2026-04-22 17:16:25,167 - Peer 1006 received the 'not interested' message from 1001.
2026-04-22 17:16:25,167 - Peer 1006 received the 'not interested' message from 1003.
2026-04-22 17:16:25,169 - Peer 1006 received the 'not interested' message from 1004.
2026-04-22 17:16:25,169 - Peer 1006 received the 'not interested' message from 1005.
2026-04-22 17:16:25,169 - Peer 1006 received the 'not interested' message from 1001.
2026-04-22 17:16:25,170 - Peer 1006 received the 'not interested' message from 1004.
2026-04-22 17:16:25,171 - Peer 1006 received the 'not interested' message from 1005.
2026-04-22 17:16:25,171 - Peer 1006 received the 'not interested' message from 1001.
2026-04-22 17:16:25,172 - Peer 1006 has downloaded the piece 1286 from 1004. Now the number of pieces it has is 259.
2026-04-22 17:16:25,172 - Peer 1006 has downloaded the piece 580 from 1005. Now the number of pieces it has is 260.
2026-04-22 17:16:25,174 - Peer 1006 has downloaded the piece 1358 from 1001. Now the number of pieces it has is 261.
2026-04-22 17:16:25,177 - Peer 1006 received the 'not interested' message from 1002.
2026-04-22 17:16:25,179 - Peer 1006 received the 'not interested' message from 1002.
2026-04-22 17:16:25,179 - Peer 1006 received the 'not interested' message from 1003.
2026-04-22 17:16:25,179 - Peer 1006 received the 'not interested' message from 1002.
2026-04-22 17:16:25,181 - Peer 1006 received the 'not interested' message from 1004.
2026-04-22 17:16:25,182 - Peer 1006 received the 'not interested' message from 1005.
2026-04-22 17:16:25,182 - Peer 1006 received the 'not interested' message from 1003.
2026-04-22 17:16:25,182 - Peer 1006 received the 'not interested' message from 1001.
2026-04-22 17:16:25,182 - Peer 1006 received the 'not interested' message from 1004.
2026-04-22 17:16:25,183 - Peer 1006 received the 'not interested' message from 1005.
2026-04-22 17:16:25,183 - Peer 1006 received the 'not interested' message from 1003.
2026-04-22 17:16:25,183 - Peer 1006 received the 'not interested' message from 1001.
2026-04-22 17:16:25,183 - Peer 1006 received the 'not interested' message from 1004.
2026-04-22 17:16:25,184 - Peer 1006 received the 'not interested' message from 1003.
2026-04-22 17:16:25,184 - Peer 1006 received the 'not interested' message from 1001.
2026-04-22 17:16:25,184 - Peer 1006 received the 'not interested' message from 1004.
2026-04-22 17:16:25,184 - Peer 1006 received the 'not interested' message from 1003.
2026-04-22 17:16:25,185 - Peer 1006 received the 'not interested' message from 1004.
2026-04-22 17:16:25,185 - Peer 1006 received the 'not interested' message from 1004.
2026-04-22 17:16:25,185 - Peer 1006 has downloaded the piece 762 from 1005. Now the number of pieces it has is 262.
2026-04-22 17:16:25,186 - Peer 1006 received the 'not interested' message from 1004.
2026-04-22 17:16:25,186 - Peer 1006 received the 'not interested' message from 1004.
2026-04-22 17:16:25,186 - Peer 1006 received the 'not interested' message from 1004.
2026-04-22 17:16:25,186 - Peer 1006 has downloaded the piece 334 from 1001. Now the number of pieces it has is 263.
2026-04-22 17:16:25,186 - Peer 1006 received the 'not interested' message from 1004.
2026-04-22 17:16:25,188 - Peer 1006 received the 'not interested' message from 1004.
2026-04-22 17:16:25,188 - Peer 1006 received the 'not interested' message from 1002.
2026-04-22 17:16:25,188 - Peer 1006 received the 'not interested' message from 1003.
2026-04-22 17:16:25,188 - Peer 1006 received the 'not interested' message from 1004.
2026-04-22 17:16:25,189 - Peer 1006 received the 'not interested' message from 1003.
2026-04-22 17:16:25,189 - Peer 1006 received the 'not interested' message from 1002.
2026-04-22 17:16:25,192 - Peer 1006 received the 'not interested' message from 1004.
2026-04-22 17:16:25,192 - Peer 1006 received the 'not interested' message from 1001.
2026-04-22 17:16:25,193 - Peer 1006 received the 'not interested' message from 1004.
2026-04-22 17:16:25,193 - Peer 1006 received the 'not interested' message from 1001.
2026-04-22 17:16:25,193 - Peer 1006 received the 'not interested' message from 1005.
2026-04-22 17:16:25,194 - Peer 1006 received the 'not interested' message from 1005.
2026-04-22 17:16:25,194 - Peer 1006 received the 'not interested' message from 1005.
2026-04-22 17:16:25,194 - Peer 1006 has downloaded the piece 699 from 1001. Now the number of pieces it has is 264.
2026-04-22 17:16:25,195 - Peer 1006 received the 'not interested' message from 1004.
2026-04-22 17:16:25,195 - Peer 1006 received the 'not interested' message from 1004.
2026-04-22 17:16:25,196 - Peer 1006 has downloaded the piece 396 from 1005. Now the number of pieces it has is 265.
2026-04-22 17:16:25,197 - Peer 1006 has downloaded the piece 999 from 1004. Now the number of pieces it has is 266.
2026-04-22 17:16:25,197 - Peer 1006 received the 'not interested' message from 1002.
2026-04-22 17:16:25,199 - Peer 1006 received the 'not interested' message from 1002.
2026-04-22 17:16:25,200 - Peer 1006 received the 'not interested' message from 1002.
2026-04-22 17:16:25,202 - Peer 1006 received the 'not interested' message from 1003.
2026-04-22 17:16:25,203 - Peer 1006 received the 'not interested' message from 1004.
2026-04-22 17:16:25,203 - Peer 1006 received the 'not interested' message from 1001.
2026-04-22 17:16:25,203 - Peer 1006 received the 'not interested' message from 1005.
2026-04-22 17:16:25,204 - Peer 1006 received the 'not interested' message from 1001.
2026-04-22 17:16:25,204 - Peer 1006 received the 'not interested' message from 1005.
2026-04-22 17:16:25,204 - Peer 1006 received the 'not interested' message from 1001.
2026-04-22 17:16:25,205 - Peer 1006 received the 'not interested' message from 1005.
2026-04-22 17:16:25,205 - Peer 1006 received the 'not interested' message from 1003.
2026-04-22 17:16:25,206 - Peer 1006 has downloaded the piece 268 from 1001. Now the number of pieces it has is 267.
2026-04-22 17:16:25,207 - Peer 1006 has downloaded the piece 919 from 1005. Now the number of pieces it has is 268.
2026-04-22 17:16:25,209 - Peer 1006 received the 'not interested' message from 1002.
2026-04-22 17:16:25,209 - Peer 1006 received the 'not interested' message from 1004.
2026-04-22 17:16:25,211 - Peer 1006 received the 'not interested' message from 1002.
2026-04-22 17:16:25,211 - Peer 1006 received the 'not interested' message from 1001.
2026-04-22 17:16:25,211 - Peer 1006 received the 'not interested' message from 1004.
2026-04-22 17:16:25,212 - Peer 1006 received the 'not interested' message from 1005.
2026-04-22 17:16:25,212 - Peer 1006 received the 'not interested' message from 1001.
2026-04-22 17:16:25,212 - Peer 1006 received the 'not interested' message from 1005.
2026-04-22 17:16:25,213 - Peer 1006 has downloaded the piece 189 from 1001. Now the number of pieces it has is 269.
2026-04-22 17:16:25,214 - Peer 1006 has downloaded the piece 726 from 1005. Now the number of pieces it has is 270.
2026-04-22 17:16:25,214 - Peer 1006 received the 'not interested' message from 1003.
2026-04-22 17:16:25,215 - Peer 1006 received the 'not interested' message from 1003.
2026-04-22 17:16:25,215 - Peer 1006 received the 'not interested' message from 1002.
2026-04-22 17:16:25,215 - Peer 1006 received the 'not interested' message from 1003.
2026-04-22 17:16:25,216 - Peer 1006 received the 'not interested' message from 1002.
2026-04-22 17:16:25,216 - Peer 1006 received the 'not interested' message from 1004.
2026-04-22 17:16:25,218 - Peer 1006 received the 'not interested' message from 1003.
2026-04-22 17:16:25,218 - Peer 1006 received the 'not interested' message from 1005.
2026-04-22 17:16:25,218 - Peer 1006 received the 'not interested' message from 1001.
2026-04-22 17:16:25,218 - Peer 1006 received the 'not interested' message from 1005.
2026-04-22 17:16:25,219 - Peer 1006 received the 'not interested' message from 1001.
2026-04-22 17:16:25,219 - Peer 1006 received the 'not interested' message from 1004.
2026-04-22 17:16:25,220 - Peer 1006 has downloaded the piece 462 from 1005. Now the number of pieces it has is 271.
2026-04-22 17:16:25,220 - Peer 1006 received the 'not interested' message from 1003.
2026-04-22 17:16:25,221 - Peer 1006 has downloaded the piece 379 from 1001. Now the number of pieces it has is 272.
2026-04-22 17:16:25,222 - Peer 1006 has downloaded the piece 58 from 1004. Now the number of pieces it has is 273.
2026-04-22 17:16:25,223 - Peer 1006 received the 'not interested' message from 1002.
2026-04-22 17:16:25,225 - Peer 1006 received the 'not interested' message from 1002.
2026-04-22 17:16:25,226 - Peer 1006 received the 'not interested' message from 1003.
2026-04-22 17:16:25,226 - Peer 1006 received the 'not interested' message from 1002.
2026-04-22 17:16:25,227 - Peer 1006 received the 'not interested' message from 1005.
2026-04-22 17:16:25,227 - Peer 1006 received the 'not interested' message from 1001.
2026-04-22 17:16:25,227 - Peer 1006 received the 'not interested' message from 1004.
2026-04-22 17:16:25,229 - Peer 1006 received the 'not interested' message from 1001.
2026-04-22 17:16:25,229 - Peer 1006 received the 'not interested' message from 1004.
2026-04-22 17:16:25,229 - Peer 1006 received the 'not interested' message from 1001.
2026-04-22 17:16:25,229 - Peer 1006 received the 'not interested' message from 1004.
2026-04-22 17:16:25,231 - Peer 1006 has downloaded the piece 1175 from 1001. Now the number of pieces it has is 274.
2026-04-22 17:16:25,231 - Peer 1006 received the 'not interested' message from 1004.
2026-04-22 17:16:25,231 - Peer 1006 received the 'not interested' message from 1003.
2026-04-22 17:16:25,232 - Peer 1006 received the 'not interested' message from 1004.
2026-04-22 17:16:25,233 - Peer 1006 received the 'not interested' message from 1002.
2026-04-22 17:16:25,234 - Peer 1006 received the 'not interested' message from 1001.
2026-04-22 17:16:25,234 - Peer 1006 received the 'not interested' message from 1003.
2026-04-22 17:16:25,235 - Peer 1006 has downloaded the piece 908 from 1001. Now the number of pieces it has is 275.
2026-04-22 17:16:25,235 - Peer 1006 received the 'not interested' message from 1004.
2026-04-22 17:16:25,236 - Peer 1006 received the 'not interested' message from 1004.
2026-04-22 17:16:25,236 - Peer 1006 received the 'not interested' message from 1005.
2026-04-22 17:16:25,238 - Peer 1006 received the 'not interested' message from 1002.
2026-04-22 17:16:25,239 - Peer 1006 received the 'not interested' message from 1001.
2026-04-22 17:16:25,239 - Peer 1006 has downloaded the piece 631 from 1005. Now the number of pieces it has is 276.
2026-04-22 17:16:25,241 - Peer 1006 received the 'not interested' message from 1004.
2026-04-22 17:16:25,241 - Peer 1006 has downloaded the piece 109 from 1001. Now the number of pieces it has is 277.
2026-04-22 17:16:25,242 - Peer 1006 received the 'not interested' message from 1002.
2026-04-22 17:16:25,242 - Peer 1006 received the 'not interested' message from 1003.
2026-04-22 17:16:25,244 - Peer 1006 received the 'not interested' message from 1005.
2026-04-22 17:16:25,244 - Peer 1006 received the 'not interested' message from 1002.
2026-04-22 17:16:25,244 - Peer 1006 received the 'not interested' message from 1003.
2026-04-22 17:16:25,245 - Peer 1006 has downloaded the piece 451 from 1004. Now the number of pieces it has is 278.
2026-04-22 17:16:25,245 - Peer 1006 received the 'not interested' message from 1005.
2026-04-22 17:16:25,245 - Peer 1006 received the 'not interested' message from 1003.
2026-04-22 17:16:25,248 - Peer 1006 received the 'not interested' message from 1001.
2026-04-22 17:16:25,248 - Peer 1006 received the 'not interested' message from 1005.
2026-04-22 17:16:25,249 - Peer 1006 received the 'not interested' message from 1002.
2026-04-22 17:16:25,249 - Peer 1006 received the 'not interested' message from 1001.
2026-04-22 17:16:25,249 - Peer 1006 received the 'not interested' message from 1005.
2026-04-22 17:16:25,250 - Peer 1006 received the 'not interested' message from 1004.
2026-04-22 17:16:25,250 - Peer 1006 received the 'not interested' message from 1001.
2026-04-22 17:16:25,251 - Peer 1006 received the 'not interested' message from 1004.
2026-04-22 17:16:25,252 - Peer 1006 has downloaded the piece 154 from 1005. Now the number of pieces it has is 279.
2026-04-22 17:16:25,252 - Peer 1006 received the 'not interested' message from 1003.
2026-04-22 17:16:25,253 - Peer 1006 has downloaded the piece 1272 from 1001. Now the number of pieces it has is 280.
2026-04-22 17:16:25,256 - Peer 1006 received the 'not interested' message from 1002.
2026-04-22 17:16:25,256 - Peer 1006 received the 'not interested' message from 1003.
2026-04-22 17:16:25,257 - Peer 1006 received the 'not interested' message from 1004.
2026-04-22 17:16:25,257 - Peer 1006 received the 'not interested' message from 1002.
2026-04-22 17:16:25,258 - Peer 1006 received the 'not interested' message from 1005.
2026-04-22 17:16:25,258 - Peer 1006 received the 'not interested' message from 1003.
2026-04-22 17:16:25,258 - Peer 1006 received the 'not interested' message from 1001.
2026-04-22 17:16:25,259 - Peer 1006 received the 'not interested' message from 1005.
2026-04-22 17:16:25,259 - Peer 1006 received the 'not interested' message from 1001.
2026-04-22 17:16:25,259 - Peer 1006 received the 'not interested' message from 1005.
2026-04-22 17:16:25,259 - Peer 1006 received the 'not interested' message from 1005.
2026-04-22 17:16:25,261 - Peer 1006 has downloaded the piece 128 from 1001. Now the number of pieces it has is 281.
2026-04-22 17:16:25,262 - Peer 1006 has downloaded the piece 386 from 1005. Now the number of pieces it has is 282.
2026-04-22 17:16:25,263 - Peer 1006 received the 'not interested' message from 1004.
2026-04-22 17:16:25,264 - Peer 1006 received the 'not interested' message from 1002.
2026-04-22 17:16:25,264 - Peer 1006 received the 'not interested' message from 1004.
2026-04-22 17:16:25,265 - Peer 1006 received the 'not interested' message from 1002.
2026-04-22 17:16:25,266 - Peer 1006 received the 'not interested' message from 1005.
2026-04-22 17:16:25,266 - Peer 1006 received the 'not interested' message from 1001.
2026-04-22 17:16:25,266 - Peer 1006 received the 'not interested' message from 1005.
2026-04-22 17:16:25,268 - Peer 1006 received the 'not interested' message from 1001.
2026-04-22 17:16:25,268 - Peer 1006 has downloaded the piece 1136 from 1005. Now the number of pieces it has is 283.
2026-04-22 17:16:25,269 - Peer 1006 has downloaded the piece 234 from 1001. Now the number of pieces it has is 284.
2026-04-22 17:16:25,271 - Peer 1006 received the 'not interested' message from 1002.
2026-04-22 17:16:25,272 - Peer 1006 received the 'not interested' message from 1005.
2026-04-22 17:16:25,273 - Peer 1006 received the 'not interested' message from 1002.
2026-04-22 17:16:25,274 - Peer 1006 has downloaded the piece 976 from 1005. Now the number of pieces it has is 285.
2026-04-22 17:16:25,275 - Peer 1006 received the 'not interested' message from 1003.
2026-04-22 17:16:25,276 - Peer 1006 has downloaded the piece 1313 from 1004. Now the number of pieces it has is 286.
2026-04-22 17:16:25,277 - Peer 1006 received the 'not interested' message from 1003.
2026-04-22 17:16:25,277 - Peer 1006 received the 'not interested' message from 1001.
2026-04-22 17:16:25,279 - Peer 1006 received the 'not interested' message from 1002.
2026-04-22 17:16:25,279 - Peer 1006 received the 'not interested' message from 1001.
2026-04-22 17:16:25,280 - Peer 1006 received the 'not interested' message from 1003.
2026-04-22 17:16:25,281 - Peer 1006 received the 'not interested' message from 1002.
2026-04-22 17:16:25,282 - Peer 1006 received the 'not interested' message from 1004.
2026-04-22 17:16:25,282 - Peer 1006 received the 'not interested' message from 1005.
2026-04-22 17:16:25,282 - Peer 1006 received the 'not interested' message from 1001.
2026-04-22 17:16:25,283 - Peer 1006 received the 'not interested' message from 1003.
2026-04-22 17:16:25,283 - Peer 1006 received the 'not interested' message from 1004.
2026-04-22 17:16:25,283 - Peer 1006 received the 'not interested' message from 1005.
2026-04-22 17:16:25,285 - Peer 1006 has downloaded the piece 658 from 1001. Now the number of pieces it has is 287.
2026-04-22 17:16:25,286 - Peer 1006 has downloaded the piece 1439 from 1005. Now the number of pieces it has is 288.
2026-04-22 17:16:25,287 - Peer 1006 received the 'not interested' message from 1002.
2026-04-22 17:16:25,287 - Peer 1006 received the 'not interested' message from 1004.
2026-04-22 17:16:25,287 - Peer 1006 received the 'not interested' message from 1003.
2026-04-22 17:16:25,287 - Peer 1006 received the 'not interested' message from 1002.
2026-04-22 17:16:25,289 - Peer 1006 received the 'not interested' message from 1004.
2026-04-22 17:16:25,289 - Peer 1006 received the 'not interested' message from 1001.
2026-04-22 17:16:25,289 - Peer 1006 received the 'not interested' message from 1003.
2026-04-22 17:16:25,289 - Peer 1006 received the 'not interested' message from 1005.
2026-04-22 17:16:25,290 - Peer 1006 received the 'not interested' message from 1004.
2026-04-22 17:16:25,291 - Peer 1006 received the 'not interested' message from 1001.
2026-04-22 17:16:25,291 - Peer 1006 received the 'not interested' message from 1003.
2026-04-22 17:16:25,291 - Peer 1006 received the 'not interested' message from 1005.
2026-04-22 17:16:25,292 - Peer 1006 received the 'not interested' message from 1001.
2026-04-22 17:16:25,292 - Peer 1006 received the 'not interested' message from 1003.
2026-04-22 17:16:25,292 - Peer 1006 received the 'not interested' message from 1005.
2026-04-22 17:16:25,292 - Peer 1006 received the 'not interested' message from 1004.
2026-04-22 17:16:25,293 - Peer 1006 received the 'not interested' message from 1003.
2026-04-22 17:16:25,294 - Peer 1006 has downloaded the piece 1330 from 1001. Now the number of pieces it has is 289.
2026-04-22 17:16:25,294 - Peer 1006 received the 'not interested' message from 1004.
2026-04-22 17:16:25,294 - Peer 1006 received the 'not interested' message from 1003.
2026-04-22 17:16:25,295 - Peer 1006 received the 'not interested' message from 1002.
2026-04-22 17:16:25,296 - Peer 1006 received the 'not interested' message from 1004.
2026-04-22 17:16:25,296 - Peer 1006 received the 'not interested' message from 1001.
2026-04-22 17:16:25,296 - Peer 1006 has downloaded the piece 816 from 1004. Now the number of pieces it has is 290.
2026-04-22 17:16:25,298 - Peer 1006 has downloaded the piece 143 from 1001. Now the number of pieces it has is 291.
2026-04-22 17:16:25,299 - Peer 1006 received the 'not interested' message from 1002.
2026-04-22 17:16:25,302 - Peer 1006 has downloaded the piece 499 from 1005. Now the number of pieces it has is 292.
2026-04-22 17:16:25,303 - Peer 1006 received the 'not interested' message from 1003.
2026-04-22 17:16:25,303 - Peer 1006 received the 'not interested' message from 1002.
2026-04-22 17:16:25,304 - Peer 1006 is unchoked by 1003.
2026-04-22 17:16:25,304 - Peer 1006 received the 'not interested' message from 1002.
2026-04-22 17:16:25,306 - Peer 1006 received the 'not interested' message from 1001.
2026-04-22 17:16:25,306 - Peer 1006 received the 'not interested' message from 1001.
2026-04-22 17:16:25,306 - Peer 1006 received the 'not interested' message from 1005.
2026-04-22 17:16:25,306 - Peer 1006 received the 'not interested' message from 1001.
2026-04-22 17:16:25,307 - Peer 1006 received the 'not interested' message from 1005.
2026-04-22 17:16:25,307 - Peer 1006 received the 'not interested' message from 1005.
2026-04-22 17:16:25,308 - Peer 1006 received the 'not interested' message from 1005.
2026-04-22 17:16:25,308 - Peer 1006 has downloaded the piece 940 from 1001. Now the number of pieces it has is 293.
2026-04-22 17:16:25,309 - Peer 1006 has downloaded the piece 103 from 1005. Now the number of pieces it has is 294.
2026-04-22 17:16:25,311 - Peer 1006 received the 'not interested' message from 1002.
2026-04-22 17:16:25,311 - Peer 1006 received the 'not interested' message from 1004.
2026-04-22 17:16:25,311 - Peer 1006 received the 'not interested' message from 1003.
2026-04-22 17:16:25,312 - Peer 1006 received the 'not interested' message from 1002.
2026-04-22 17:16:25,312 - Peer 1006 received the 'not interested' message from 1004.
2026-04-22 17:16:25,314 - Peer 1006 received the 'not interested' message from 1001.
2026-04-22 17:16:25,314 - Peer 1006 received the 'not interested' message from 1005.
2026-04-22 17:16:25,314 - Peer 1006 received the 'not interested' message from 1001.
2026-04-22 17:16:25,315 - Peer 1006 received the 'not interested' message from 1005.
2026-04-22 17:16:25,315 - Peer 1006 has downloaded the piece 1177 from 1001. Now the number of pieces it has is 295.
2026-04-22 17:16:25,316 - Peer 1006 has downloaded the piece 585 from 1005. Now the number of pieces it has is 296.
2026-04-22 17:16:25,317 - Peer 1006 received the 'not interested' message from 1004.
2026-04-22 17:16:25,317 - Peer 1006 received the 'not interested' message from 1003.
2026-04-22 17:16:25,317 - Peer 1006 received the 'not interested' message from 1002.
2026-04-22 17:16:25,319 - Peer 1006 received the 'not interested' message from 1003.
2026-04-22 17:16:25,321 - Peer 1006 received the 'not interested' message from 1002.
2026-04-22 17:16:25,322 - Peer 1006 received the 'not interested' message from 1004.
2026-04-22 17:16:25,323 - Peer 1006 received the 'not interested' message from 1005.
2026-04-22 17:16:25,323 - Peer 1006 received the 'not interested' message from 1003.
2026-04-22 17:16:25,323 - Peer 1006 received the 'not interested' message from 1001.
2026-04-22 17:16:25,324 - Peer 1006 received the 'not interested' message from 1003.
2026-04-22 17:16:25,324 - Peer 1006 received the 'not interested' message from 1001.
2026-04-22 17:16:25,324 - Peer 1006 has downloaded the piece 1408 from 1004. Now the number of pieces it has is 297.
2026-04-22 17:16:25,325 - Peer 1006 has downloaded the piece 280 from 1001. Now the number of pieces it has is 298.
2026-04-22 17:16:25,327 - Peer 1006 received the 'not interested' message from 1002.
2026-04-22 17:16:25,329 - Peer 1006 received the 'not interested' message from 1002.
2026-04-22 17:16:25,329 - Peer 1006 received the 'not interested' message from 1005.
2026-04-22 17:16:25,330 - Peer 1006 received the 'not interested' message from 1004.
2026-04-22 17:16:25,331 - Peer 1006 received the 'not interested' message from 1004.
2026-04-22 17:16:25,331 - Peer 1006 received the 'not interested' message from 1004.
2026-04-22 17:16:25,331 - Peer 1006 has downloaded the piece 729 from 1005. Now the number of pieces it has is 299.
2026-04-22 17:16:25,332 - Peer 1006 received the 'not interested' message from 1004.
2026-04-22 17:16:25,332 - Peer 1006 has downloaded the piece 258 from 1003. Now the number of pieces it has is 300.
2026-04-22 17:16:25,333 - Peer 1006 received the 'not interested' message from 1001.
2026-04-22 17:16:25,334 - Peer 1006 received the 'not interested' message from 1001.
2026-04-22 17:16:25,334 - Peer 1006 received the 'not interested' message from 1002.
2026-04-22 17:16:25,335 - Peer 1006 received the 'not interested' message from 1004.
2026-04-22 17:16:25,335 - Peer 1006 received the 'not interested' message from 1002.
2026-04-22 17:16:25,336 - Peer 1006 received the 'not interested' message from 1001.
2026-04-22 17:16:25,336 - Peer 1006 received the 'not interested' message from 1004.
2026-04-22 17:16:25,336 - Peer 1006 received the 'not interested' message from 1005.
2026-04-22 17:16:25,337 - Peer 1006 received the 'not interested' message from 1003.
2026-04-22 17:16:25,337 - Peer 1006 received the 'not interested' message from 1005.
2026-04-22 17:16:25,339 - Peer 1006 received the 'not interested' message from 1003.
2026-04-22 17:16:25,339 - Peer 1006 received the 'not interested' message from 1005.
2026-04-22 17:16:25,339 - Peer 1006 has downloaded the piece 144 from 1001. Now the number of pieces it has is 301.
2026-04-22 17:16:25,339 - Peer 1006 received the 'not interested' message from 1003.
2026-04-22 17:16:25,339 - Peer 1006 received the 'not interested' message from 1004.
2026-04-22 17:16:25,339 - Peer 1006 received the 'not interested' message from 1003.
2026-04-22 17:16:25,341 - Peer 1006 has downloaded the piece 122 from 1005. Now the number of pieces it has is 302.
2026-04-22 17:16:25,341 - Peer 1006 received the 'not interested' message from 1003.
2026-04-22 17:16:25,342 - Peer 1006 received the 'not interested' message from 1003.
2026-04-22 17:16:25,342 - Peer 1006 has downloaded the piece 607 from 1004. Now the number of pieces it has is 303.
2026-04-22 17:16:25,342 - Peer 1006 received the 'not interested' message from 1002.
2026-04-22 17:16:25,345 - Peer 1006 received the 'not interested' message from 1002.
2026-04-22 17:16:25,345 - Peer 1006 received the 'not interested' message from 1002.
2026-04-22 17:16:25,346 - Peer 1006 received the 'not interested' message from 1001.
2026-04-22 17:16:25,346 - Peer 1006 received the 'not interested' message from 1003.
2026-04-22 17:16:25,347 - Peer 1006 received the 'not interested' message from 1005.
2026-04-22 17:16:25,348 - Peer 1006 received the 'not interested' message from 1001.
2026-04-22 17:16:25,348 - Peer 1006 received the 'not interested' message from 1004.
2026-04-22 17:16:25,349 - Peer 1006 received the 'not interested' message from 1005.
2026-04-22 17:16:25,349 - Peer 1006 received the 'not interested' message from 1003.
2026-04-22 17:16:25,349 - Peer 1006 received the 'not interested' message from 1001.
2026-04-22 17:16:25,349 - Peer 1006 received the 'not interested' message from 1005.
2026-04-22 17:16:25,351 - Peer 1006 received the 'not interested' message from 1001.
2026-04-22 17:16:25,353 - Peer 1006 has downloaded the piece 1433 from 1001. Now the number of pieces it has is 304.
2026-04-22 17:16:25,354 - Peer 1006 has downloaded the piece 411 from 1003. Now the number of pieces it has is 305.
2026-04-22 17:16:25,354 - Peer 1006 has downloaded the piece 801 from 1005. Now the number of pieces it has is 306.
2026-04-22 17:16:25,356 - Peer 1006 received the 'not interested' message from 1002.
2026-04-22 17:16:25,359 - Peer 1006 received the 'not interested' message from 1002.
2026-04-22 17:16:25,360 - Peer 1006 received the 'not interested' message from 1002.
2026-04-22 17:16:25,361 - Peer 1006 received the 'not interested' message from 1005.
2026-04-22 17:16:25,361 - Peer 1006 received the 'not interested' message from 1001.
2026-04-22 17:16:25,361 - Peer 1006 received the 'not interested' message from 1003.
2026-04-22 17:16:25,361 - Peer 1006 received the 'not interested' message from 1005.
2026-04-22 17:16:25,362 - Peer 1006 received the 'not interested' message from 1003.
2026-04-22 17:16:25,362 - Peer 1006 received the 'not interested' message from 1001.
2026-04-22 17:16:25,362 - Peer 1006 received the 'not interested' message from 1005.
2026-04-22 17:16:25,362 - Peer 1006 received the 'not interested' message from 1003.
2026-04-22 17:16:25,363 - Peer 1006 received the 'not interested' message from 1001.
2026-04-22 17:16:25,363 - Peer 1006 received the 'not interested' message from 1005.
2026-04-22 17:16:25,364 - Peer 1006 received the 'not interested' message from 1003.
2026-04-22 17:16:25,365 - Peer 1006 has downloaded the piece 1384 from 1001. Now the number of pieces it has is 307.
2026-04-22 17:16:25,365 - Peer 1006 has downloaded the piece 153 from 1005. Now the number of pieces it has is 308.
2026-04-22 17:16:25,366 - Peer 1006 received the 'not interested' message from 1002.
2026-04-22 17:16:25,368 - Peer 1006 received the 'not interested' message from 1002.
2026-04-22 17:16:25,369 - Peer 1006 received the 'not interested' message from 1005.
2026-04-22 17:16:25,369 - Peer 1006 received the 'not interested' message from 1001.
2026-04-22 17:16:25,369 - Peer 1006 received the 'not interested' message from 1005.
2026-04-22 17:16:25,371 - Peer 1006 received the 'not interested' message from 1001.
2026-04-22 17:16:25,371 - Peer 1006 has downloaded the piece 1343 from 1005. Now the number of pieces it has is 309.
2026-04-22 17:16:25,372 - Peer 1006 received the 'not interested' message from 1003.
2026-04-22 17:16:25,372 - Peer 1006 received the 'not interested' message from 1003.
2026-04-22 17:16:25,373 - Peer 1006 has downloaded the piece 854 from 1001. Now the number of pieces it has is 310.
2026-04-22 17:16:25,374 - Peer 1006 has downloaded the piece 1410 from 1003. Now the number of pieces it has is 311.
2026-04-22 17:16:25,375 - Peer 1006 received the 'not interested' message from 1002.
2026-04-22 17:16:25,377 - Peer 1006 received the 'not interested' message from 1002.
2026-04-22 17:16:25,379 - Peer 1006 received the 'not interested' message from 1002.
2026-04-22 17:16:25,381 - Peer 1006 received the 'not interested' message from 1005.
2026-04-22 17:16:25,381 - Peer 1006 received the 'not interested' message from 1001.
2026-04-22 17:16:25,382 - Peer 1006 received the 'not interested' message from 1005.
2026-04-22 17:16:25,382 - Peer 1006 received the 'not interested' message from 1001.
2026-04-22 17:16:25,382 - Peer 1006 received the 'not interested' message from 1005.
2026-04-22 17:16:25,382 - Peer 1006 received the 'not interested' message from 1001.
2026-04-22 17:16:25,384 - Peer 1006 has downloaded the piece 333 from 1005. Now the number of pieces it has is 312.
2026-04-22 17:16:25,384 - Peer 1006 has downloaded the piece 377 from 1001. Now the number of pieces it has is 313.
2026-04-22 17:16:25,386 - Peer 1006 received the 'not interested' message from 1002.
2026-04-22 17:16:25,386 - Peer 1006 received the 'not interested' message from 1003.
2026-04-22 17:16:25,387 - Peer 1006 received the 'not interested' message from 1002.
2026-04-22 17:16:25,389 - Peer 1006 received the 'not interested' message from 1001.
2026-04-22 17:16:25,390 - Peer 1006 received the 'not interested' message from 1001.
2026-04-22 17:16:25,390 - Peer 1006 received the 'not interested' message from 1005.
2026-04-22 17:16:25,391 - Peer 1006 received the 'not interested' message from 1005.
2026-04-22 17:16:25,392 - Peer 1006 has downloaded the piece 481 from 1001. Now the number of pieces it has is 314.
2026-04-22 17:16:25,392 - Peer 1006 has downloaded the piece 1501 from 1005. Now the number of pieces it has is 315.
2026-04-22 17:16:25,393 - Peer 1006 received the 'not interested' message from 1002.
2026-04-22 17:16:25,394 - Peer 1006 received the 'not interested' message from 1003.
2026-04-22 17:16:25,395 - Peer 1006 received the 'not interested' message from 1002.
2026-04-22 17:16:25,397 - Peer 1006 received the 'not interested' message from 1001.
2026-04-22 17:16:25,397 - Peer 1006 received the 'not interested' message from 1005.
2026-04-22 17:16:25,397 - Peer 1006 received the 'not interested' message from 1003.
2026-04-22 17:16:25,397 - Peer 1006 received the 'not interested' message from 1001.
2026-04-22 17:16:25,397 - Peer 1006 received the 'not interested' message from 1005.
2026-04-22 17:16:25,399 - Peer 1006 received the 'not interested' message from 1003.
2026-04-22 17:16:25,399 - Peer 1006 received the 'not interested' message from 1003.
2026-04-22 17:16:25,400 - Peer 1006 has downloaded the piece 856 from 1001. Now the number of pieces it has is 316.
2026-04-22 17:16:25,401 - Peer 1006 has downloaded the piece 1533 from 1005. Now the number of pieces it has is 317.
2026-04-22 17:16:25,402 - Peer 1006 has downloaded the piece 430 from 1003. Now the number of pieces it has is 318.
2026-04-22 17:16:25,405 - Peer 1006 received the 'not interested' message from 1002.
2026-04-22 17:16:25,406 - Peer 1006 received the 'not interested' message from 1004.
2026-04-22 17:16:25,406 - Peer 1006 received the 'not interested' message from 1003.
2026-04-22 17:16:25,406 - Peer 1006 received the 'not interested' message from 1002.
2026-04-22 17:16:25,408 - Peer 1006 received the 'not interested' message from 1001.
2026-04-22 17:16:25,409 - Peer 1006 received the 'not interested' message from 1004.
2026-04-22 17:16:25,409 - Peer 1006 received the 'not interested' message from 1003.
2026-04-22 17:16:25,410 - Peer 1006 received the 'not interested' message from 1005.
2026-04-22 17:16:25,410 - Peer 1006 received the 'not interested' message from 1002.
2026-04-22 17:16:25,410 - Peer 1006 received the 'not interested' message from 1001.
2026-04-22 17:16:25,410 - Peer 1006 received the 'not interested' message from 1003.
2026-04-22 17:16:25,411 - Peer 1006 received the 'not interested' message from 1005.
2026-04-22 17:16:25,411 - Peer 1006 received the 'not interested' message from 1001.
2026-04-22 17:16:25,411 - Peer 1006 received the 'not interested' message from 1003.
2026-04-22 17:16:25,411 - Peer 1006 received the 'not interested' message from 1005.
2026-04-22 17:16:25,412 - Peer 1006 has downloaded the piece 446 from 1001. Now the number of pieces it has is 319.
2026-04-22 17:16:25,412 - Peer 1006 has downloaded the piece 814 from 1005. Now the number of pieces it has is 320.
2026-04-22 17:16:25,414 - Peer 1006 received the 'not interested' message from 1004.
2026-04-22 17:16:25,414 - Peer 1006 received the 'not interested' message from 1002.
2026-04-22 17:16:25,416 - Peer 1006 received the 'not interested' message from 1004.
2026-04-22 17:16:25,416 - Peer 1006 received the 'not interested' message from 1002.
2026-04-22 17:16:25,416 - Peer 1006 received the 'not interested' message from 1005.
2026-04-22 17:16:25,417 - Peer 1006 received the 'not interested' message from 1001.
2026-04-22 17:16:25,417 - Peer 1006 received the 'not interested' message from 1004.
2026-04-22 17:16:25,417 - Peer 1006 received the 'not interested' message from 1005.
2026-04-22 17:16:25,417 - Peer 1006 received the 'not interested' message from 1001.
2026-04-22 17:16:25,419 - Peer 1006 has downloaded the piece 1347 from 1005. Now the number of pieces it has is 321.
2026-04-22 17:16:25,419 - Peer 1006 has downloaded the piece 277 from 1001. Now the number of pieces it has is 322.
2026-04-22 17:16:25,421 - Peer 1006 received the 'not interested' message from 1002.
2026-04-22 17:16:25,421 - Peer 1006 received the 'not interested' message from 1002.
2026-04-22 17:16:25,423 - Peer 1006 received the 'not interested' message from 1005.
2026-04-22 17:16:25,423 - Peer 1006 received the 'not interested' message from 1001.
2026-04-22 17:16:25,423 - Peer 1006 received the 'not interested' message from 1001.
2026-04-22 17:16:25,425 - Peer 1006 has downloaded the piece 478 from 1005. Now the number of pieces it has is 323.
2026-04-22 17:16:25,425 - Peer 1006 received the 'not interested' message from 1003.
2026-04-22 17:16:25,426 - Peer 1006 received the 'not interested' message from 1003.
2026-04-22 17:16:25,426 - Peer 1006 has downloaded the piece 284 from 1001. Now the number of pieces it has is 324.
2026-04-22 17:16:25,426 - Peer 1006 received the 'not interested' message from 1003.
2026-04-22 17:16:25,426 - Peer 1006 has downloaded the piece 1015 from 1004. Now the number of pieces it has is 325.
2026-04-22 17:16:25,429 - Peer 1006 has downloaded the piece 38 from 1003. Now the number of pieces it has is 326.
2026-04-22 17:16:25,431 - Peer 1006 received the 'not interested' message from 1002.
2026-04-22 17:16:25,433 - Peer 1006 received the 'not interested' message from 1002.
2026-04-22 17:16:25,434 - Peer 1006 received the 'not interested' message from 1001.
2026-04-22 17:16:25,434 - Peer 1006 received the 'not interested' message from 1005.
2026-04-22 17:16:25,434 - Peer 1006 received the 'not interested' message from 1002.
2026-04-22 17:16:25,434 - Peer 1006 received the 'not interested' message from 1004.
2026-04-22 17:16:25,436 - Peer 1006 received the 'not interested' message from 1001.
2026-04-22 17:16:25,436 - Peer 1006 received the 'not interested' message from 1005.
2026-04-22 17:16:25,436 - Peer 1006 received the 'not interested' message from 1002.
2026-04-22 17:16:25,436 - Peer 1006 received the 'not interested' message from 1004.
2026-04-22 17:16:25,438 - Peer 1006 received the 'not interested' message from 1003.
2026-04-22 17:16:25,438 - Peer 1006 received the 'not interested' message from 1001.
2026-04-22 17:16:25,438 - Peer 1006 received the 'not interested' message from 1005.
2026-04-22 17:16:25,438 - Peer 1006 received the 'not interested' message from 1001.
2026-04-22 17:16:25,438 - Peer 1006 received the 'not interested' message from 1003.
2026-04-22 17:16:25,439 - Peer 1006 received the 'not interested' message from 1004.
2026-04-22 17:16:25,439 - Peer 1006 received the 'not interested' message from 1005.
2026-04-22 17:16:25,439 - Peer 1006 received the 'not interested' message from 1003.
2026-04-22 17:16:25,439 - Peer 1006 received the 'not interested' message from 1004.
2026-04-22 17:16:25,441 - Peer 1006 received the 'not interested' message from 1003.
2026-04-22 17:16:25,441 - Peer 1006 has downloaded the piece 1413 from 1001. Now the number of pieces it has is 327.
2026-04-22 17:16:25,442 - Peer 1006 received the 'not interested' message from 1004.
2026-04-22 17:16:25,442 - Peer 1006 received the 'not interested' message from 1004.
2026-04-22 17:16:25,443 - Peer 1006 received the 'not interested' message from 1004.
2026-04-22 17:16:25,443 - Peer 1006 has downloaded the piece 317 from 1005. Now the number of pieces it has is 328.
2026-04-22 17:16:25,443 - Peer 1006 received the 'not interested' message from 1004.
2026-04-22 17:16:25,444 - Peer 1006 received the 'not interested' message from 1004.
2026-04-22 17:16:25,444 - Peer 1006 received the 'not interested' message from 1004.
2026-04-22 17:16:25,445 - Peer 1006 received the 'not interested' message from 1004.
2026-04-22 17:16:25,446 - Peer 1006 received the 'not interested' message from 1002.
2026-04-22 17:16:25,446 - Peer 1006 received the 'not interested' message from 1004.
2026-04-22 17:16:25,447 - Peer 1006 received the 'not interested' message from 1004.
2026-04-22 17:16:25,448 - Peer 1006 received the 'not interested' message from 1002.
2026-04-22 17:16:25,448 - Peer 1006 received the 'not interested' message from 1003.
2026-04-22 17:16:25,448 - Peer 1006 received the 'not interested' message from 1004.
2026-04-22 17:16:25,449 - Peer 1006 received the 'not interested' message from 1001.
2026-04-22 17:16:25,449 - Peer 1006 received the 'not interested' message from 1003.
2026-04-22 17:16:25,449 - Peer 1006 received the 'not interested' message from 1005.
2026-04-22 17:16:25,449 - Peer 1006 received the 'not interested' message from 1004.
2026-04-22 17:16:25,451 - Peer 1006 received the 'not interested' message from 1001.
2026-04-22 17:16:25,451 - Peer 1006 received the 'not interested' message from 1003.
2026-04-22 17:16:25,451 - Peer 1006 received the 'not interested' message from 1005.
2026-04-22 17:16:25,451 - Peer 1006 received the 'not interested' message from 1004.
2026-04-22 17:16:25,452 - Peer 1006 received the 'not interested' message from 1003.
2026-04-22 17:16:25,452 - Peer 1006 received the 'not interested' message from 1004.
2026-04-22 17:16:25,453 - Peer 1006 received the 'not interested' message from 1005.
2026-04-22 17:16:25,453 - Peer 1006 has downloaded the piece 92 from 1001. Now the number of pieces it has is 329.
2026-04-22 17:16:25,454 - Peer 1006 received the 'not interested' message from 1004.
2026-04-22 17:16:25,454 - Peer 1006 received the 'not interested' message from 1004.
2026-04-22 17:16:25,455 - Peer 1006 received the 'not interested' message from 1004.
2026-04-22 17:16:25,455 - Peer 1006 has downloaded the piece 1158 from 1003. Now the number of pieces it has is 330.
2026-04-22 17:16:25,456 - Peer 1006 received the 'not interested' message from 1004.
2026-04-22 17:16:25,456 - Peer 1006 received the 'not interested' message from 1004.
2026-04-22 17:16:25,456 - Peer 1006 has downloaded the piece 1259 from 1005. Now the number of pieces it has is 331.
2026-04-22 17:16:25,457 - Peer 1006 has downloaded the piece 767 from 1004. Now the number of pieces it has is 332.
2026-04-22 17:16:25,457 - Peer 1006 received the 'not interested' message from 1002.
2026-04-22 17:16:25,461 - Peer 1006 received the 'not interested' message from 1002.
2026-04-22 17:16:25,462 - Peer 1006 received the 'not interested' message from 1002.
2026-04-22 17:16:25,462 - Peer 1006 received the 'not interested' message from 1003.
2026-04-22 17:16:25,465 - Peer 1006 received the 'not interested' message from 1004.
2026-04-22 17:16:25,467 - Peer 1006 received the 'not interested' message from 1002.
2026-04-22 17:16:25,469 - Peer 1006 received the 'not interested' message from 1001.
2026-04-22 17:16:25,469 - Peer 1006 received the 'not interested' message from 1003.
2026-04-22 17:16:25,470 - Peer 1006 received the 'not interested' message from 1005.
2026-04-22 17:16:25,471 - Peer 1006 received the 'not interested' message from 1005.
2026-04-22 17:16:25,473 - Peer 1006 received the 'not interested' message from 1005.
2026-04-22 17:16:25,474 - Peer 1006 received the 'not interested' message from 1004.
2026-04-22 17:16:25,476 - Peer 1006 received the 'not interested' message from 1005.
2026-04-22 17:16:25,477 - Peer 1006 received the 'not interested' message from 1003.
2026-04-22 17:16:25,477 - Peer 1006 received the 'not interested' message from 1001.
2026-04-22 17:16:25,479 - Peer 1006 received the 'not interested' message from 1001.
2026-04-22 17:16:25,480 - Peer 1006 received the 'not interested' message from 1003.
2026-04-22 17:16:25,482 - Peer 1006 has downloaded the piece 518 from 1003. Now the number of pieces it has is 333.
2026-04-22 17:16:25,485 - Peer 1006 received the 'not interested' message from 1001.
2026-04-22 17:16:25,486 - Peer 1006 received the 'not interested' message from 1004.
2026-04-22 17:16:25,491 - Peer 1006 received the 'not interested' message from 1002.
2026-04-22 17:16:25,496 - Peer 1006 has downloaded the piece 740 from 1005. Now the number of pieces it has is 334.
2026-04-22 17:16:25,496 - Peer 1006 received the 'not interested' message from 1003.
2026-04-22 17:16:25,496 - Peer 1006 received the 'not interested' message from 1004.
2026-04-22 17:16:25,498 - Peer 1006 received the 'not interested' message from 1003.
2026-04-22 17:16:25,498 - Peer 1006 received the 'not interested' message from 1002.
2026-04-22 17:16:25,499 - Peer 1006 has downloaded the piece 1006 from 1001. Now the number of pieces it has is 335.
2026-04-22 17:16:25,500 - Peer 1006 received the 'not interested' message from 1004.
2026-04-22 17:16:25,505 - Peer 1006 received the 'not interested' message from 1005.
2026-04-22 17:16:25,506 - Peer 1006 received the 'not interested' message from 1003.
2026-04-22 17:16:25,507 - Peer 1006 received the 'not interested' message from 1002.
2026-04-22 17:16:25,509 - Peer 1006 has downloaded the piece 356 from 1004. Now the number of pieces it has is 336.
2026-04-22 17:16:25,509 - Peer 1006 has downloaded the piece 633 from 1003. Now the number of pieces it has is 337.
2026-04-22 17:16:25,510 - Peer 1006 received the 'not interested' message from 1005.
2026-04-22 17:16:25,511 - Peer 1006 received the 'not interested' message from 1001.
2026-04-22 17:16:25,513 - Peer 1006 received the 'not interested' message from 1002.
2026-04-22 17:16:25,514 - Peer 1006 received the 'not interested' message from 1004.
2026-04-22 17:16:25,515 - Peer 1006 received the 'not interested' message from 1001.
2026-04-22 17:16:25,516 - Peer 1006 received the 'not interested' message from 1002.
2026-04-22 17:16:25,516 - Peer 1006 has downloaded the piece 1308 from 1005. Now the number of pieces it has is 338.
2026-04-22 17:16:25,516 - Peer 1006 received the 'not interested' message from 1004.
2026-04-22 17:16:25,516 - Peer 1006 received the 'not interested' message from 1003.
2026-04-22 17:16:25,517 - Peer 1006 received the 'not interested' message from 1001.
2026-04-22 17:16:25,519 - Peer 1006 received the 'not interested' message from 1005.
2026-04-22 17:16:25,524 - Peer 1006 received the 'not interested' message from 1002.
2026-04-22 17:16:25,526 - Peer 1006 received the 'not interested' message from 1004.
2026-04-22 17:16:25,530 - Peer 1006 received the 'not interested' message from 1003.
2026-04-22 17:16:25,534 - Peer 1006 received the 'not interested' message from 1005.
2026-04-22 17:16:25,535 - Peer 1006 received the 'not interested' message from 1004.
2026-04-22 17:16:25,536 - Peer 1006 received the 'not interested' message from 1003.
2026-04-22 17:16:25,536 - Peer 1006 received the 'not interested' message from 1004.
2026-04-22 17:16:25,536 - Peer 1006 received the 'not interested' message from 1005.
2026-04-22 17:16:25,536 - Peer 1006 received the 'not interested' message from 1003.
2026-04-22 17:16:25,536 - Peer 1006 received the 'not interested' message from 1004.
2026-04-22 17:16:25,538 - Peer 1006 has downloaded the piece 440 from 1001. Now the number of pieces it has is 339.
2026-04-22 17:16:25,538 - Peer 1006 received the 'not interested' message from 1005.
2026-04-22 17:16:25,538 - Peer 1006 has downloaded the piece 738 from 1003. Now the number of pieces it has is 340.
2026-04-22 17:16:25,540 - Peer 1006 has downloaded the piece 1392 from 1004. Now the number of pieces it has is 341.
2026-04-22 17:16:25,542 - Peer 1006 has downloaded the piece 734 from 1005. Now the number of pieces it has is 342.
2026-04-22 17:16:25,542 - Peer 1006 received the 'not interested' message from 1002.
2026-04-22 17:16:25,545 - Peer 1006 received the 'not interested' message from 1003.
2026-04-22 17:16:25,545 - Peer 1006 received the 'not interested' message from 1002.
2026-04-22 17:16:25,547 - Peer 1006 received the 'not interested' message from 1001.
2026-04-22 17:16:25,547 - Peer 1006 received the 'not interested' message from 1004.
2026-04-22 17:16:25,547 - Peer 1006 received the 'not interested' message from 1002.
2026-04-22 17:16:25,547 - Peer 1006 received the 'not interested' message from 1003.
2026-04-22 17:16:25,548 - Peer 1006 received the 'not interested' message from 1001.
2026-04-22 17:16:25,548 - Peer 1006 received the 'not interested' message from 1004.
2026-04-22 17:16:25,549 - Peer 1006 received the 'not interested' message from 1005.
2026-04-22 17:16:25,550 - Peer 1006 received the 'not interested' message from 1002.
2026-04-22 17:16:25,550 - Peer 1006 received the 'not interested' message from 1001.
2026-04-22 17:16:25,551 - Peer 1006 received the 'not interested' message from 1005.
2026-04-22 17:16:25,551 - Peer 1006 received the 'not interested' message from 1001.
2026-04-22 17:16:25,551 - Peer 1006 received the 'not interested' message from 1005.
2026-04-22 17:16:25,551 - Peer 1006 received the 'not interested' message from 1001.
2026-04-22 17:16:25,551 - Peer 1006 received the 'not interested' message from 1005.
2026-04-22 17:16:25,552 - Peer 1006 received the 'not interested' message from 1001.
2026-04-22 17:16:25,552 - Peer 1006 received the 'not interested' message from 1001.
2026-04-22 17:16:25,552 - Peer 1006 has downloaded the piece 1148 from 1005. Now the number of pieces it has is 343.
2026-04-22 17:16:25,556 - Peer 1006 received the 'not interested' message from 1003.
2026-04-22 17:16:25,557 - Peer 1006 received the 'not interested' message from 1004.
2026-04-22 17:16:25,560 - Peer 1006 has downloaded the piece 484 from 1001. Now the number of pieces it has is 344.
2026-04-22 17:16:25,560 - Peer 1006 received the 'not interested' message from 1003.
2026-04-22 17:16:25,566 - Peer 1006 received the 'not interested' message from 1004.
2026-04-22 17:16:25,566 - Peer 1006 received the 'not interested' message from 1002.
2026-04-22 17:16:25,566 - Peer 1006 received the 'not interested' message from 1005.
2026-04-22 17:16:25,567 - Peer 1006 received the 'not interested' message from 1004.
2026-04-22 17:16:25,567 - Peer 1006 received the 'not interested' message from 1002.
2026-04-22 17:16:25,569 - Peer 1006 has downloaded the piece 1100 from 1003. Now the number of pieces it has is 345.
2026-04-22 17:16:25,571 - Peer 1006 has downloaded the piece 581 from 1005. Now the number of pieces it has is 346.
2026-04-22 17:16:25,571 - Peer 1006 has downloaded the piece 811 from 1004. Now the number of pieces it has is 347.
2026-04-22 17:16:25,574 - Peer 1006 received the 'not interested' message from 1002.
2026-04-22 17:16:25,574 - Peer 1006 received the 'not interested' message from 1002.
2026-04-22 17:16:25,574 - Peer 1006 received the 'not interested' message from 1001.
2026-04-22 17:16:25,575 - Peer 1006 received the 'not interested' message from 1002.
2026-04-22 17:16:25,577 - Peer 1006 received the 'not interested' message from 1005.
2026-04-22 17:16:25,577 - Peer 1006 received the 'not interested' message from 1003.
2026-04-22 17:16:25,577 - Peer 1006 received the 'not interested' message from 1001.
2026-04-22 17:16:25,577 - Peer 1006 received the 'not interested' message from 1004.
2026-04-22 17:16:25,577 - Peer 1006 received the 'not interested' message from 1005.
2026-04-22 17:16:25,578 - Peer 1006 received the 'not interested' message from 1003.
2026-04-22 17:16:25,579 - Peer 1006 received the 'not interested' message from 1001.
2026-04-22 17:16:25,579 - Peer 1006 received the 'not interested' message from 1004.
2026-04-22 17:16:25,579 - Peer 1006 received the 'not interested' message from 1005.
2026-04-22 17:16:25,580 - Peer 1006 received the 'not interested' message from 1001.
2026-04-22 17:16:25,580 - Peer 1006 received the 'not interested' message from 1005.
2026-04-22 17:16:25,580 - Peer 1006 received the 'not interested' message from 1001.
2026-04-22 17:16:25,581 - Peer 1006 has downloaded the piece 913 from 1005. Now the number of pieces it has is 348.
2026-04-22 17:16:25,582 - Peer 1006 received the 'not interested' message from 1004.
2026-04-22 17:16:25,582 - Peer 1006 has downloaded the piece 761 from 1001. Now the number of pieces it has is 349.
2026-04-22 17:16:25,583 - Peer 1006 received the 'not interested' message from 1003.
2026-04-22 17:16:25,584 - Peer 1006 received the 'not interested' message from 1002.
2026-04-22 17:16:25,585 - Peer 1006 received the 'not interested' message from 1003.
2026-04-22 17:16:25,586 - Peer 1006 received the 'not interested' message from 1002.
2026-04-22 17:16:25,586 - Peer 1006 received the 'not interested' message from 1003.
2026-04-22 17:16:25,588 - Peer 1006 received the 'not interested' message from 1003.
2026-04-22 17:16:25,588 - Peer 1006 received the 'not interested' message from 1004.
2026-04-22 17:16:25,588 - Peer 1006 received the 'not interested' message from 1001.
2026-04-22 17:16:25,589 - Peer 1006 received the 'not interested' message from 1005.
2026-04-22 17:16:25,589 - Peer 1006 received the 'not interested' message from 1004.
2026-04-22 17:16:25,589 - Peer 1006 received the 'not interested' message from 1001.
2026-04-22 17:16:25,589 - Peer 1006 received the 'not interested' message from 1005.
2026-04-22 17:16:25,589 - Peer 1006 has downloaded the piece 108 from 1003. Now the number of pieces it has is 350.
2026-04-22 17:16:25,589 - Peer 1006 received the 'not interested' message from 1004.
2026-04-22 17:16:25,591 - Peer 1006 has downloaded the piece 896 from 1001. Now the number of pieces it has is 351.
2026-04-22 17:16:25,592 - Peer 1006 has downloaded the piece 458 from 1005. Now the number of pieces it has is 352.
2026-04-22 17:16:25,593 - Peer 1006 has downloaded the piece 491 from 1004. Now the number of pieces it has is 353.
2026-04-22 17:16:25,595 - Peer 1006 received the 'not interested' message from 1002.
2026-04-22 17:16:25,596 - Peer 1006 received the 'not interested' message from 1002.
2026-04-22 17:16:25,599 - Peer 1006 received the 'not interested' message from 1002.
2026-04-22 17:16:25,601 - Peer 1006 received the 'not interested' message from 1005.
2026-04-22 17:16:25,602 - Peer 1006 received the 'not interested' message from 1003.
2026-04-22 17:16:25,602 - Peer 1006 received the 'not interested' message from 1002.
2026-04-22 17:16:25,602 - Peer 1006 received the 'not interested' message from 1005.
2026-04-22 17:16:25,603 - Peer 1006 received the 'not interested' message from 1003.
2026-04-22 17:16:25,604 - Peer 1006 received the 'not interested' message from 1001.
2026-04-22 17:16:25,604 - Peer 1006 received the 'not interested' message from 1005.
2026-04-22 17:16:25,604 - Peer 1006 received the 'not interested' message from 1001.
2026-04-22 17:16:25,605 - Peer 1006 received the 'not interested' message from 1001.
2026-04-22 17:16:25,605 - Peer 1006 received the 'not interested' message from 1001.
2026-04-22 17:16:25,606 - Peer 1006 has downloaded the piece 663 from 1005. Now the number of pieces it has is 354.
2026-04-22 17:16:25,606 - Peer 1006 has downloaded the piece 1584 from 1001. Now the number of pieces it has is 355.
2026-04-22 17:16:25,607 - Peer 1006 received the 'not interested' message from 1002.
2026-04-22 17:16:25,609 - Peer 1006 received the 'not interested' message from 1002.
2026-04-22 17:16:25,611 - Peer 1006 received the 'not interested' message from 1003.
2026-04-22 17:16:25,612 - Peer 1006 received the 'not interested' message from 1003.
2026-04-22 17:16:25,612 - Peer 1006 received the 'not interested' message from 1005.
2026-04-22 17:16:25,613 - Peer 1006 received the 'not interested' message from 1001.
2026-04-22 17:16:25,613 - Peer 1006 received the 'not interested' message from 1001.
2026-04-22 17:16:25,614 - Peer 1006 received the 'not interested' message from 1005.
2026-04-22 17:16:25,614 - Peer 1006 received the 'not interested' message from 1005.
2026-04-22 17:16:25,615 - Peer 1006 has downloaded the piece 1196 from 1001. Now the number of pieces it has is 356.
2026-04-22 17:16:25,616 - Peer 1006 received the 'not interested' message from 1003.
2026-04-22 17:16:25,616 - Peer 1006 received the 'not interested' message from 1003.
2026-04-22 17:16:25,616 - Peer 1006 has downloaded the piece 1443 from 1005. Now the number of pieces it has is 357.
2026-04-22 17:16:25,616 - Peer 1006 received the 'not interested' message from 1002.
2026-04-22 17:16:25,618 - Peer 1006 has downloaded the piece 833 from 1003. Now the number of pieces it has is 358.
2026-04-22 17:16:25,619 - Peer 1006 received the 'not interested' message from 1002.
2026-04-22 17:16:25,621 - Peer 1006 received the 'not interested' message from 1001.
2026-04-22 17:16:25,621 - Peer 1006 received the 'not interested' message from 1002.
2026-04-22 17:16:25,622 - Peer 1006 received the 'not interested' message from 1001.
2026-04-22 17:16:25,623 - Peer 1006 received the 'not interested' message from 1001.
2026-04-22 17:16:25,625 - Peer 1006 has downloaded the piece 408 from 1001. Now the number of pieces it has is 359.
2026-04-22 17:16:25,625 - Peer 1006 received the 'not interested' message from 1005.
2026-04-22 17:16:25,626 - Peer 1006 received the 'not interested' message from 1005.
2026-04-22 17:16:25,626 - Peer 1006 received the 'not interested' message from 1005.
2026-04-22 17:16:25,626 - Peer 1006 received the 'not interested' message from 1002.
2026-04-22 17:16:25,628 - Peer 1006 received the 'not interested' message from 1001.
2026-04-22 17:16:25,628 - Peer 1006 has downloaded the piece 1298 from 1005. Now the number of pieces it has is 360.
2026-04-22 17:16:25,629 - Peer 1006 has downloaded the piece 829 from 1001. Now the number of pieces it has is 361.
2026-04-22 17:16:25,629 - Peer 1006 received the 'not interested' message from 1003.
2026-04-22 17:16:25,631 - Peer 1006 received the 'not interested' message from 1002.
2026-04-22 17:16:25,632 - Peer 1006 received the 'not interested' message from 1003.
2026-04-22 17:16:25,633 - Peer 1006 received the 'not interested' message from 1002.
2026-04-22 17:16:25,635 - Peer 1006 received the 'not interested' message from 1005.
2026-04-22 17:16:25,635 - Peer 1006 received the 'not interested' message from 1001.
2026-04-22 17:16:25,635 - Peer 1006 received the 'not interested' message from 1005.
2026-04-22 17:16:25,635 - Peer 1006 received the 'not interested' message from 1001.
2026-04-22 17:16:25,636 - Peer 1006 received the 'not interested' message from 1005.
2026-04-22 17:16:25,636 - Peer 1006 has downloaded the piece 505 from 1001. Now the number of pieces it has is 362.
2026-04-22 17:16:25,636 - Peer 1006 received the 'not interested' message from 1003.
2026-04-22 17:16:25,637 - Peer 1006 has downloaded the piece 842 from 1005. Now the number of pieces it has is 363.
2026-04-22 17:16:25,639 - Peer 1006 received the 'not interested' message from 1002.
2026-04-22 17:16:25,640 - Peer 1006 received the 'not interested' message from 1002.
2026-04-22 17:16:25,641 - Peer 1006 received the 'not interested' message from 1001.
2026-04-22 17:16:25,642 - Peer 1006 received the 'not interested' message from 1001.
2026-04-22 17:16:25,643 - Peer 1006 has downloaded the piece 1 from 1001. Now the number of pieces it has is 364.
2026-04-22 17:16:25,645 - Peer 1006 received the 'not interested' message from 1005.
2026-04-22 17:16:25,645 - Peer 1006 received the 'not interested' message from 1002.
2026-04-22 17:16:25,645 - Peer 1006 received the 'not interested' message from 1005.
2026-04-22 17:16:25,647 - Peer 1006 received the 'not interested' message from 1001.
2026-04-22 17:16:25,648 - Peer 1006 has downloaded the piece 1471 from 1005. Now the number of pieces it has is 365.
2026-04-22 17:16:25,648 - Peer 1006 has downloaded the piece 797 from 1001. Now the number of pieces it has is 366.
2026-04-22 17:16:25,649 - Peer 1006 received the 'not interested' message from 1002.
2026-04-22 17:16:25,651 - Peer 1006 received the 'not interested' message from 1002.
2026-04-22 17:16:25,652 - Peer 1006 received the 'not interested' message from 1001.
2026-04-22 17:16:25,652 - Peer 1006 received the 'not interested' message from 1005.
2026-04-22 17:16:25,652 - Peer 1006 received the 'not interested' message from 1001.
2026-04-22 17:16:25,653 - Peer 1006 received the 'not interested' message from 1005.
2026-04-22 17:16:25,653 - Peer 1006 received the 'not interested' message from 1005.
2026-04-22 17:16:25,653 - Peer 1006 has downloaded the piece 598 from 1001. Now the number of pieces it has is 367.
2026-04-22 17:16:25,654 - Peer 1006 has downloaded the piece 195 from 1005. Now the number of pieces it has is 368.
2026-04-22 17:16:25,655 - Peer 1006 received the 'not interested' message from 1002.
2026-04-22 17:16:25,656 - Peer 1006 received the 'not interested' message from 1002.
2026-04-22 17:16:25,657 - Peer 1006 received the 'not interested' message from 1005.
2026-04-22 17:16:25,657 - Peer 1006 received the 'not interested' message from 1005.
2026-04-22 17:16:25,657 - Peer 1006 received the 'not interested' message from 1001.
2026-04-22 17:16:25,657 - Peer 1006 received the 'not interested' message from 1001.
2026-04-22 17:16:25,659 - Peer 1006 has downloaded the piece 70 from 1005. Now the number of pieces it has is 369.
2026-04-22 17:16:25,659 - Peer 1006 has downloaded the piece 178 from 1001. Now the number of pieces it has is 370.
2026-04-22 17:16:25,662 - Peer 1006 received the 'not interested' message from 1002.
2026-04-22 17:16:25,662 - Peer 1006 received the 'not interested' message from 1004.
2026-04-22 17:16:25,663 - Peer 1006 received the 'not interested' message from 1004.
2026-04-22 17:16:25,664 - Peer 1006 received the 'not interested' message from 1002.
2026-04-22 17:16:25,665 - Peer 1006 received the 'not interested' message from 1005.
2026-04-22 17:16:25,666 - Peer 1006 has downloaded the piece 22 from 1005. Now the number of pieces it has is 371.
2026-04-22 17:16:25,667 - Peer 1006 received the 'not interested' message from 1001.
2026-04-22 17:16:25,667 - Peer 1006 received the 'not interested' message from 1001.
2026-04-22 17:16:25,667 - Peer 1006 received the 'not interested' message from 1002.
2026-04-22 17:16:25,669 - Peer 1006 has downloaded the piece 841 from 1001. Now the number of pieces it has is 372.
2026-04-22 17:16:25,671 - Peer 1006 received the 'not interested' message from 1005.
2026-04-22 17:16:25,672 - Peer 1006 received the 'not interested' message from 1005.
2026-04-22 17:16:25,672 - Peer 1006 received the 'not interested' message from 1002.
2026-04-22 17:16:25,674 - Peer 1006 has downloaded the piece 1150 from 1005. Now the number of pieces it has is 373.
2026-04-22 17:16:25,675 - Peer 1006 received the 'not interested' message from 1001.
2026-04-22 17:16:25,675 - Peer 1006 received the 'not interested' message from 1002.
2026-04-22 17:16:25,676 - Peer 1006 received the 'not interested' message from 1001.
2026-04-22 17:16:25,676 - Peer 1006 received the 'not interested' message from 1001.
2026-04-22 17:16:25,678 - Peer 1006 has downloaded the piece 403 from 1001. Now the number of pieces it has is 374.
2026-04-22 17:16:25,678 - Peer 1006 received the 'not interested' message from 1005.
2026-04-22 17:16:25,679 - Peer 1006 received the 'not interested' message from 1005.
2026-04-22 17:16:25,680 - Peer 1006 received the 'not interested' message from 1002.
2026-04-22 17:16:25,680 - Peer 1006 has downloaded the piece 13 from 1005. Now the number of pieces it has is 375.
2026-04-22 17:16:25,682 - Peer 1006 received the 'not interested' message from 1001.
2026-04-22 17:16:25,683 - Peer 1006 received the 'not interested' message from 1002.
2026-04-22 17:16:25,683 - Peer 1006 received the 'not interested' message from 1001.
2026-04-22 17:16:25,684 - Peer 1006 has downloaded the piece 650 from 1001. Now the number of pieces it has is 376.
2026-04-22 17:16:25,685 - Peer 1006 received the 'not interested' message from 1005.
2026-04-22 17:16:25,686 - Peer 1006 received the 'not interested' message from 1005.
2026-04-22 17:16:25,686 - Peer 1006 received the 'not interested' message from 1002.
2026-04-22 17:16:25,687 - Peer 1006 has downloaded the piece 938 from 1005. Now the number of pieces it has is 377.
2026-04-22 17:16:25,687 - Peer 1006 received the 'not interested' message from 1004.
2026-04-22 17:16:25,689 - Peer 1006 received the 'not interested' message from 1001.
2026-04-22 17:16:25,690 - Peer 1006 received the 'not interested' message from 1002.
2026-04-22 17:16:25,691 - Peer 1006 has downloaded the piece 221 from 1001. Now the number of pieces it has is 378.
2026-04-22 17:16:25,693 - Peer 1006 received the 'not interested' message from 1002.
2026-04-22 17:16:25,694 - Peer 1006 received the 'not interested' message from 1005.
2026-04-22 17:16:25,694 - Peer 1006 received the 'not interested' message from 1005.
2026-04-22 17:16:25,694 - Peer 1006 received the 'not interested' message from 1001.
2026-04-22 17:16:25,695 - Peer 1006 received the 'not interested' message from 1001.
2026-04-22 17:16:25,695 - Peer 1006 has downloaded the piece 1393 from 1005. Now the number of pieces it has is 379.
2026-04-22 17:16:25,696 - Peer 1006 has downloaded the piece 1103 from 1001. Now the number of pieces it has is 380.
2026-04-22 17:16:25,697 - Peer 1006 received the 'not interested' message from 1002.
2026-04-22 17:16:25,699 - Peer 1006 received the 'not interested' message from 1005.
2026-04-22 17:16:25,700 - Peer 1006 received the 'not interested' message from 1002.
2026-04-22 17:16:25,700 - Peer 1006 received the 'not interested' message from 1005.
2026-04-22 17:16:25,701 - Peer 1006 received the 'not interested' message from 1001.
2026-04-22 17:16:25,701 - Peer 1006 received the 'not interested' message from 1001.
2026-04-22 17:16:25,702 - Peer 1006 has downloaded the piece 582 from 1005. Now the number of pieces it has is 381.
2026-04-22 17:16:25,702 - Peer 1006 has downloaded the piece 45 from 1001. Now the number of pieces it has is 382.
2026-04-22 17:16:25,704 - Peer 1006 received the 'not interested' message from 1002.
2026-04-22 17:16:25,704 - Peer 1006 received the 'not interested' message from 1002.
2026-04-22 17:16:25,706 - Peer 1006 received the 'not interested' message from 1001.
2026-04-22 17:16:25,706 - Peer 1006 received the 'not interested' message from 1001.
2026-04-22 17:16:25,707 - Peer 1006 received the 'not interested' message from 1005.
2026-04-22 17:16:25,707 - Peer 1006 received the 'not interested' message from 1005.
2026-04-22 17:16:25,707 - Peer 1006 received the 'not interested' message from 1005.
2026-04-22 17:16:25,707 - Peer 1006 has downloaded the piece 322 from 1001. Now the number of pieces it has is 383.
2026-04-22 17:16:25,709 - Peer 1006 has downloaded the piece 1178 from 1005. Now the number of pieces it has is 384.
2026-04-22 17:16:25,711 - Peer 1006 received the 'not interested' message from 1002.
2026-04-22 17:16:25,712 - Peer 1006 received the 'not interested' message from 1001.
2026-04-22 17:16:25,713 - Peer 1006 received the 'not interested' message from 1002.
2026-04-22 17:16:25,713 - Peer 1006 received the 'not interested' message from 1001.
2026-04-22 17:16:25,714 - Peer 1006 received the 'not interested' message from 1005.
2026-04-22 17:16:25,714 - Peer 1006 received the 'not interested' message from 1005.
2026-04-22 17:16:25,715 - Peer 1006 has downloaded the piece 1553 from 1001. Now the number of pieces it has is 385.
2026-04-22 17:16:25,716 - Peer 1006 has downloaded the piece 1049 from 1005. Now the number of pieces it has is 386.
2026-04-22 17:16:25,718 - Peer 1006 received the 'not interested' message from 1002.
2026-04-22 17:16:25,719 - Peer 1006 received the 'not interested' message from 1001.
2026-04-22 17:16:25,720 - Peer 1006 received the 'not interested' message from 1001.
2026-04-22 17:16:25,720 - Peer 1006 received the 'not interested' message from 1002.
2026-04-22 17:16:25,723 - Peer 1006 has downloaded the piece 1265 from 1001. Now the number of pieces it has is 387.
2026-04-22 17:16:25,725 - Peer 1006 received the 'not interested' message from 1005.
2026-04-22 17:16:25,726 - Peer 1006 received the 'not interested' message from 1005.
2026-04-22 17:16:25,726 - Peer 1006 received the 'not interested' message from 1002.
2026-04-22 17:16:25,727 - Peer 1006 has downloaded the piece 803 from 1005. Now the number of pieces it has is 388.
2026-04-22 17:16:25,727 - Peer 1006 received the 'not interested' message from 1004.
2026-04-22 17:16:25,729 - Peer 1006 received the 'not interested' message from 1003.
2026-04-22 17:16:25,729 - Peer 1006 received the 'not interested' message from 1001.
2026-04-22 17:16:25,729 - Peer 1006 received the 'not interested' message from 1001.
2026-04-22 17:16:25,730 - Peer 1006 received the 'not interested' message from 1002.
2026-04-22 17:16:25,731 - Peer 1006 has downloaded the piece 112 from 1001. Now the number of pieces it has is 389.
2026-04-22 17:16:25,733 - Peer 1006 received the 'not interested' message from 1002.
2026-04-22 17:16:25,735 - Peer 1006 received the 'not interested' message from 1001.
2026-04-22 17:16:25,735 - Peer 1006 received the 'not interested' message from 1005.
2026-04-22 17:16:25,736 - Peer 1006 received the 'not interested' message from 1005.
2026-04-22 17:16:25,736 - Peer 1006 received the 'not interested' message from 1005.
2026-04-22 17:16:25,737 - Peer 1006 has downloaded the piece 1099 from 1001. Now the number of pieces it has is 390.
2026-04-22 17:16:25,737 - Peer 1006 has downloaded the piece 366 from 1005. Now the number of pieces it has is 391.
2026-04-22 17:16:25,740 - Peer 1006 received the 'not interested' message from 1002.
2026-04-22 17:16:25,741 - Peer 1006 received the 'not interested' message from 1004.
2026-04-22 17:16:25,742 - Peer 1006 received the 'not interested' message from 1003.
2026-04-22 17:16:25,743 - Peer 1006 received the 'not interested' message from 1002.
2026-04-22 17:16:25,743 - Peer 1006 received the 'not interested' message from 1001.
2026-04-22 17:16:25,744 - Peer 1006 received the 'not interested' message from 1001.
2026-04-22 17:16:25,744 - Peer 1006 has downloaded the piece 534 from 1003. Now the number of pieces it has is 392.
2026-04-22 17:16:25,745 - Peer 1006 has downloaded the piece 1522 from 1004. Now the number of pieces it has is 393.
2026-04-22 17:16:25,747 - Peer 1006 has downloaded the piece 134 from 1001. Now the number of pieces it has is 394.
2026-04-22 17:16:25,750 - Peer 1006 received the 'not interested' message from 1002.
2026-04-22 17:16:25,750 - Peer 1006 received the 'not interested' message from 1002.
2026-04-22 17:16:25,750 - Peer 1006 received the 'not interested' message from 1005.
2026-04-22 17:16:25,751 - Peer 1006 received the 'not interested' message from 1002.
2026-04-22 17:16:25,753 - Peer 1006 received the 'not interested' message from 1005.
2026-04-22 17:16:25,755 - Peer 1006 received the 'not interested' message from 1004.
2026-04-22 17:16:25,755 - Peer 1006 received the 'not interested' message from 1003.
2026-04-22 17:16:25,755 - Peer 1006 received the 'not interested' message from 1001.
2026-04-22 17:16:25,755 - Peer 1006 received the 'not interested' message from 1004.
2026-04-22 17:16:25,756 - Peer 1006 received the 'not interested' message from 1003.
2026-04-22 17:16:25,756 - Peer 1006 received the 'not interested' message from 1001.
2026-04-22 17:16:25,756 - Peer 1006 received the 'not interested' message from 1004.
2026-04-22 17:16:25,756 - Peer 1006 received the 'not interested' message from 1003.
2026-04-22 17:16:25,756 - Peer 1006 received the 'not interested' message from 1001.
2026-04-22 17:16:25,756 - Peer 1006 received the 'not interested' message from 1004.
2026-04-22 17:16:25,758 - Peer 1006 received the 'not interested' message from 1003.
2026-04-22 17:16:25,758 - Peer 1006 has downloaded the piece 1412 from 1005. Now the number of pieces it has is 395.
2026-04-22 17:16:25,759 - Peer 1006 received the 'not interested' message from 1004.
2026-04-22 17:16:25,759 - Peer 1006 received the 'not interested' message from 1003.
2026-04-22 17:16:25,760 - Peer 1006 received the 'not interested' message from 1004.
2026-04-22 17:16:25,760 - Peer 1006 has downloaded the piece 1594 from 1001. Now the number of pieces it has is 396.
2026-04-22 17:16:25,760 - Peer 1006 received the 'not interested' message from 1003.
2026-04-22 17:16:25,761 - Peer 1006 received the 'not interested' message from 1004.
2026-04-22 17:16:25,761 - Peer 1006 received the 'not interested' message from 1002.
2026-04-22 17:16:25,761 - Peer 1006 received the 'not interested' message from 1003.
2026-04-22 17:16:25,762 - Peer 1006 received the 'not interested' message from 1004.
2026-04-22 17:16:25,764 - Peer 1006 received the 'not interested' message from 1002.
2026-04-22 17:16:25,764 - Peer 1006 received the 'not interested' message from 1003.
2026-04-22 17:16:25,764 - Peer 1006 received the 'not interested' message from 1005.
2026-04-22 17:16:25,766 - Peer 1006 received the 'not interested' message from 1001.
2026-04-22 17:16:25,766 - Peer 1006 received the 'not interested' message from 1004.
2026-04-22 17:16:25,766 - Peer 1006 received the 'not interested' message from 1003.
2026-04-22 17:16:25,766 - Peer 1006 received the 'not interested' message from 1005.
2026-04-22 17:16:25,766 - Peer 1006 received the 'not interested' message from 1001.
2026-04-22 17:16:25,767 - Peer 1006 received the 'not interested' message from 1004.
2026-04-22 17:16:25,767 - Peer 1006 received the 'not interested' message from 1003.
2026-04-22 17:16:25,767 - Peer 1006 received the 'not interested' message from 1005.
2026-04-22 17:16:25,767 - Peer 1006 received the 'not interested' message from 1004.
2026-04-22 17:16:25,769 - Peer 1006 received the 'not interested' message from 1003.
2026-04-22 17:16:25,769 - Peer 1006 received the 'not interested' message from 1005.
2026-04-22 17:16:25,769 - Peer 1006 received the 'not interested' message from 1004.
2026-04-22 17:16:25,769 - Peer 1006 received the 'not interested' message from 1003.
2026-04-22 17:16:25,769 - Peer 1006 received the 'not interested' message from 1005.
2026-04-22 17:16:25,769 - Peer 1006 received the 'not interested' message from 1004.
2026-04-22 17:16:25,771 - Peer 1006 has downloaded the piece 522 from 1001. Now the number of pieces it has is 397.
2026-04-22 17:16:25,771 - Peer 1006 received the 'not interested' message from 1003.
2026-04-22 17:16:25,771 - Peer 1006 received the 'not interested' message from 1004.
2026-04-22 17:16:25,772 - Peer 1006 received the 'not interested' message from 1003.
2026-04-22 17:16:25,772 - Peer 1006 has downloaded the piece 656 from 1005. Now the number of pieces it has is 398.
2026-04-22 17:16:25,772 - Peer 1006 received the 'not interested' message from 1004.
2026-04-22 17:16:25,772 - Peer 1006 received the 'not interested' message from 1003.
2026-04-22 17:16:25,773 - Peer 1006 received the 'not interested' message from 1004.
2026-04-22 17:16:25,773 - Peer 1006 received the 'not interested' message from 1002.
2026-04-22 17:16:25,775 - Peer 1006 received the 'not interested' message from 1004.
2026-04-22 17:16:25,775 - Peer 1006 received the 'not interested' message from 1003.
2026-04-22 17:16:25,775 - Peer 1006 received the 'not interested' message from 1001.
2026-04-22 17:16:25,775 - Peer 1006 received the 'not interested' message from 1002.
2026-04-22 17:16:25,776 - Peer 1006 received the 'not interested' message from 1004.
2026-04-22 17:16:25,776 - Peer 1006 received the 'not interested' message from 1005.
2026-04-22 17:16:25,776 - Peer 1006 received the 'not interested' message from 1001.
2026-04-22 17:16:25,776 - Peer 1006 received the 'not interested' message from 1004.
2026-04-22 17:16:25,778 - Peer 1006 received the 'not interested' message from 1005.
2026-04-22 17:16:25,778 - Peer 1006 received the 'not interested' message from 1004.
2026-04-22 17:16:25,778 - Peer 1006 received the 'not interested' message from 1004.
2026-04-22 17:16:25,779 - Peer 1006 received the 'not interested' message from 1004.
2026-04-22 17:16:25,779 - Peer 1006 has downloaded the piece 527 from 1001. Now the number of pieces it has is 399.
2026-04-22 17:16:25,779 - Peer 1006 received the 'not interested' message from 1004.
2026-04-22 17:16:25,779 - Peer 1006 has downloaded the piece 1303 from 1005. Now the number of pieces it has is 400.
2026-04-22 17:16:25,781 - Peer 1006 received the 'not interested' message from 1002.
2026-04-22 17:16:25,781 - Peer 1006 received the 'not interested' message from 1001.
2026-04-22 17:16:25,783 - Peer 1006 received the 'not interested' message from 1002.
2026-04-22 17:16:25,783 - Peer 1006 received the 'not interested' message from 1003.
2026-04-22 17:16:25,783 - Peer 1006 received the 'not interested' message from 1004.
2026-04-22 17:16:25,783 - Peer 1006 received the 'not interested' message from 1005.
2026-04-22 17:16:25,783 - Peer 1006 received the 'not interested' message from 1001.
2026-04-22 17:16:25,784 - Peer 1006 received the 'not interested' message from 1005.
2026-04-22 17:16:25,784 - Peer 1006 received the 'not interested' message from 1004.
2026-04-22 17:16:25,784 - Peer 1006 received the 'not interested' message from 1003.
2026-04-22 17:16:25,786 - Peer 1006 received the 'not interested' message from 1004.
2026-04-22 17:16:25,786 - Peer 1006 received the 'not interested' message from 1003.
2026-04-22 17:16:25,786 - Peer 1006 received the 'not interested' message from 1003.
2026-04-22 17:16:25,786 - Peer 1006 received the 'not interested' message from 1004.
2026-04-22 17:16:25,786 - Peer 1006 has downloaded the piece 127 from 1001. Now the number of pieces it has is 401.
2026-04-22 17:16:25,787 - Peer 1006 received the 'not interested' message from 1003.
2026-04-22 17:16:25,787 - Peer 1006 received the 'not interested' message from 1004.
2026-04-22 17:16:25,787 - Peer 1006 received the 'not interested' message from 1004.
2026-04-22 17:16:25,789 - Peer 1006 received the 'not interested' message from 1003.
2026-04-22 17:16:25,789 - Peer 1006 received the 'not interested' message from 1004.
2026-04-22 17:16:25,789 - Peer 1006 received the 'not interested' message from 1003.
2026-04-22 17:16:25,789 - Peer 1006 received the 'not interested' message from 1004.
2026-04-22 17:16:25,789 - Peer 1006 has downloaded the piece 127 from 1005. Now the number of pieces it has is 401.
2026-04-22 17:16:25,789 - Peer 1006 received the 'not interested' message from 1003.
2026-04-22 17:16:25,790 - Peer 1006 received the 'not interested' message from 1004.
2026-04-22 17:16:25,791 - Peer 1006 received the 'not interested' message from 1003.
2026-04-22 17:16:25,792 - Peer 1006 received the 'not interested' message from 1002.
2026-04-22 17:16:25,792 - Peer 1006 received the 'not interested' message from 1004.
2026-04-22 17:16:25,794 - Peer 1006 received the 'not interested' message from 1003.
2026-04-22 17:16:25,795 - Peer 1006 received the 'not interested' message from 1002.
2026-04-22 17:16:25,795 - Peer 1006 received the 'not interested' message from 1001.
2026-04-22 17:16:25,795 - Peer 1006 received the 'not interested' message from 1005.
2026-04-22 17:16:25,795 - Peer 1006 received the 'not interested' message from 1004.
2026-04-22 17:16:25,796 - Peer 1006 received the 'not interested' message from 1003.
2026-04-22 17:16:25,796 - Peer 1006 received the 'not interested' message from 1001.
2026-04-22 17:16:25,796 - Peer 1006 received the 'not interested' message from 1005.
2026-04-22 17:16:25,796 - Peer 1006 received the 'not interested' message from 1004.
2026-04-22 17:16:25,796 - Peer 1006 received the 'not interested' message from 1003.
2026-04-22 17:16:25,798 - Peer 1006 received the 'not interested' message from 1004.
2026-04-22 17:16:25,798 - Peer 1006 received the 'not interested' message from 1003.
2026-04-22 17:16:25,798 - Peer 1006 received the 'not interested' message from 1004.
2026-04-22 17:16:25,798 - Peer 1006 has downloaded the piece 142 from 1001. Now the number of pieces it has is 402.
2026-04-22 17:16:25,798 - Peer 1006 received the 'not interested' message from 1003.
2026-04-22 17:16:25,799 - Peer 1006 received the 'not interested' message from 1004.
2026-04-22 17:16:25,799 - Peer 1006 received the 'not interested' message from 1003.
2026-04-22 17:16:25,801 - Peer 1006 received the 'not interested' message from 1004.
2026-04-22 17:16:25,801 - Peer 1006 received the 'not interested' message from 1002.
2026-04-22 17:16:25,801 - Peer 1006 received the 'not interested' message from 1003.
2026-04-22 17:16:25,802 - Peer 1006 received the 'not interested' message from 1004.
2026-04-22 17:16:25,802 - Peer 1006 received the 'not interested' message from 1003.
2026-04-22 17:16:25,803 - Peer 1006 received the 'not interested' message from 1004.
2026-04-22 17:16:25,803 - Peer 1006 has downloaded the piece 1444 from 1005. Now the number of pieces it has is 403.
2026-04-22 17:16:25,803 - Peer 1006 received the 'not interested' message from 1003.
2026-04-22 17:16:25,804 - Peer 1006 received the 'not interested' message from 1004.
2026-04-22 17:16:25,806 - Peer 1006 received the 'not interested' message from 1003.
2026-04-22 17:16:25,806 - Peer 1006 received the 'not interested' message from 1003.
2026-04-22 17:16:25,806 - Peer 1006 received the 'not interested' message from 1001.
2026-04-22 17:16:25,806 - Peer 1006 received the 'not interested' message from 1002.
2026-04-22 17:16:25,807 - Peer 1006 has downloaded the piece 20 from 1004. Now the number of pieces it has is 404.
2026-04-22 17:16:25,809 - Peer 1006 has downloaded the piece 180 from 1003. Now the number of pieces it has is 405.
2026-04-22 17:16:25,809 - Peer 1006 has downloaded the piece 161 from 1001. Now the number of pieces it has is 406.
2026-04-22 17:16:25,812 - Peer 1006 received the 'not interested' message from 1002.
2026-04-22 17:16:25,813 - Peer 1006 received the 'not interested' message from 1002.
2026-04-22 17:16:25,813 - Peer 1006 received the 'not interested' message from 1005.
2026-04-22 17:16:25,815 - Peer 1006 received the 'not interested' message from 1002.
2026-04-22 17:16:25,816 - Peer 1006 received the 'not interested' message from 1003.
2026-04-22 17:16:25,816 - Peer 1006 received the 'not interested' message from 1004.
2026-04-22 17:16:25,817 - Peer 1006 received the 'not interested' message from 1005.
2026-04-22 17:16:25,817 - Peer 1006 received the 'not interested' message from 1003.
2026-04-22 17:16:25,819 - Peer 1006 received the 'not interested' message from 1001.
2026-04-22 17:16:25,819 - Peer 1006 received the 'not interested' message from 1004.
2026-04-22 17:16:25,819 - Peer 1006 received the 'not interested' message from 1003.
2026-04-22 17:16:25,819 - Peer 1006 received the 'not interested' message from 1001.
2026-04-22 17:16:25,820 - Peer 1006 has downloaded the piece 398 from 1005. Now the number of pieces it has is 407.
2026-04-22 17:16:25,820 - Peer 1006 received the 'not interested' message from 1004.
2026-04-22 17:16:25,821 - Peer 1006 received the 'not interested' message from 1003.
2026-04-22 17:16:25,821 - Peer 1006 received the 'not interested' message from 1001.
2026-04-22 17:16:25,821 - Peer 1006 received the 'not interested' message from 1004.
2026-04-22 17:16:25,822 - Peer 1006 received the 'not interested' message from 1003.
2026-04-22 17:16:25,822 - Peer 1006 received the 'not interested' message from 1001.
2026-04-22 17:16:25,823 - Peer 1006 received the 'not interested' message from 1004.
2026-04-22 17:16:25,823 - Peer 1006 received the 'not interested' message from 1003.
2026-04-22 17:16:25,824 - Peer 1006 received the 'not interested' message from 1002.
2026-04-22 17:16:25,824 - Peer 1006 received the 'not interested' message from 1005.
2026-04-22 17:16:25,824 - Peer 1006 received the 'not interested' message from 1004.
2026-04-22 17:16:25,824 - Peer 1006 received the 'not interested' message from 1003.
2026-04-22 17:16:25,825 - Peer 1006 received the 'not interested' message from 1005.
2026-04-22 17:16:25,825 - Peer 1006 received the 'not interested' message from 1004.
2026-04-22 17:16:25,825 - Peer 1006 has downloaded the piece 1201 from 1001. Now the number of pieces it has is 408.
2026-04-22 17:16:25,825 - Peer 1006 received the 'not interested' message from 1003.
2026-04-22 17:16:25,825 - Peer 1006 received the 'not interested' message from 1005.
2026-04-22 17:16:25,826 - Peer 1006 received the 'not interested' message from 1004.
2026-04-22 17:16:25,826 - Peer 1006 received the 'not interested' message from 1003.
2026-04-22 17:16:25,827 - Peer 1006 received the 'not interested' message from 1005.
2026-04-22 17:16:25,827 - Peer 1006 received the 'not interested' message from 1002.
2026-04-22 17:16:25,829 - Peer 1006 received the 'not interested' message from 1001.
2026-04-22 17:16:25,829 - Peer 1006 received the 'not interested' message from 1004.
2026-04-22 17:16:25,829 - Peer 1006 received the 'not interested' message from 1003.
2026-04-22 17:16:25,829 - Peer 1006 received the 'not interested' message from 1001.
2026-04-22 17:16:25,831 - Peer 1006 received the 'not interested' message from 1004.
2026-04-22 17:16:25,831 - Peer 1006 received the 'not interested' message from 1003.
2026-04-22 17:16:25,831 - Peer 1006 has downloaded the piece 594 from 1005. Now the number of pieces it has is 409.
2026-04-22 17:16:25,832 - Peer 1006 received the 'not interested' message from 1004.
2026-04-22 17:16:25,832 - Peer 1006 received the 'not interested' message from 1003.
2026-04-22 17:16:25,833 - Peer 1006 received the 'not interested' message from 1004.
2026-04-22 17:16:25,833 - Peer 1006 received the 'not interested' message from 1003.
2026-04-22 17:16:25,834 - Peer 1006 has downloaded the piece 439 from 1001. Now the number of pieces it has is 410.
2026-04-22 17:16:25,836 - Peer 1006 has downloaded the piece 1268 from 1004. Now the number of pieces it has is 411.
2026-04-22 17:16:25,837 - Peer 1006 has downloaded the piece 886 from 1003. Now the number of pieces it has is 412.
2026-04-22 17:16:25,837 - Peer 1006 received the 'not interested' message from 1002.
2026-04-22 17:16:25,841 - Peer 1006 received the 'not interested' message from 1002.
2026-04-22 17:16:25,842 - Peer 1006 received the 'not interested' message from 1002.
2026-04-22 17:16:25,844 - Peer 1006 received the 'not interested' message from 1002.
2026-04-22 17:16:25,845 - Peer 1006 received the 'not interested' message from 1004.
2026-04-22 17:16:25,845 - Peer 1006 received the 'not interested' message from 1001.
2026-04-22 17:16:25,846 - Peer 1006 received the 'not interested' message from 1003.
2026-04-22 17:16:25,846 - Peer 1006 received the 'not interested' message from 1004.
2026-04-22 17:16:25,847 - Peer 1006 received the 'not interested' message from 1005.
2026-04-22 17:16:25,847 - Peer 1006 received the 'not interested' message from 1001.
2026-04-22 17:16:25,847 - Peer 1006 received the 'not interested' message from 1003.
2026-04-22 17:16:25,847 - Peer 1006 received the 'not interested' message from 1004.
2026-04-22 17:16:25,847 - Peer 1006 received the 'not interested' message from 1005.
2026-04-22 17:16:25,849 - Peer 1006 received the 'not interested' message from 1001.
2026-04-22 17:16:25,849 - Peer 1006 received the 'not interested' message from 1005.
2026-04-22 17:16:25,850 - Peer 1006 received the 'not interested' message from 1001.
2026-04-22 17:16:25,850 - Peer 1006 received the 'not interested' message from 1005.
2026-04-22 17:16:25,850 - Peer 1006 received the 'not interested' message from 1005.
2026-04-22 17:16:25,851 - Peer 1006 has downloaded the piece 1291 from 1001. Now the number of pieces it has is 413.
2026-04-22 17:16:25,852 - Peer 1006 has downloaded the piece 275 from 1005. Now the number of pieces it has is 414.
2026-04-22 17:16:25,853 - Peer 1006 received the 'not interested' message from 1002.
2026-04-22 17:16:25,854 - Peer 1006 received the 'not interested' message from 1002.
2026-04-22 17:16:25,855 - Peer 1006 received the 'not interested' message from 1004.
2026-04-22 17:16:25,855 - Peer 1006 received the 'not interested' message from 1003.
2026-04-22 17:16:25,855 - Peer 1006 received the 'not interested' message from 1001.
2026-04-22 17:16:25,856 - Peer 1006 received the 'not interested' message from 1004.
2026-04-22 17:16:25,858 - Peer 1006 received the 'not interested' message from 1001.
2026-04-22 17:16:25,858 - Peer 1006 received the 'not interested' message from 1005.
2026-04-22 17:16:25,858 - Peer 1006 received the 'not interested' message from 1005.
2026-04-22 17:16:25,858 - Peer 1006 received the 'not interested' message from 1003.
2026-04-22 17:16:25,859 - Peer 1006 received the 'not interested' message from 1003.
2026-04-22 17:16:25,859 - Peer 1006 received the 'not interested' message from 1003.
2026-04-22 17:16:25,859 - Peer 1006 has downloaded the piece 157 from 1004. Now the number of pieces it has is 415.
2026-04-22 17:16:25,859 - Peer 1006 has downloaded the piece 1264 from 1001. Now the number of pieces it has is 416.
2026-04-22 17:16:25,861 - Peer 1006 has downloaded the piece 1377 from 1005. Now the number of pieces it has is 417.
2026-04-22 17:16:25,862 - Peer 1006 received the 'not interested' message from 1002.
2026-04-22 17:16:25,864 - Peer 1006 received the 'not interested' message from 1002.
2026-04-22 17:16:25,865 - Peer 1006 received the 'not interested' message from 1002.
2026-04-22 17:16:25,865 - Peer 1006 received the 'not interested' message from 1004.
2026-04-22 17:16:25,866 - Peer 1006 received the 'not interested' message from 1005.
2026-04-22 17:16:25,866 - Peer 1006 received the 'not interested' message from 1004.
2026-04-22 17:16:25,866 - Peer 1006 received the 'not interested' message from 1005.
2026-04-22 17:16:25,867 - Peer 1006 has downloaded the piece 1315 from 1003. Now the number of pieces it has is 418.
2026-04-22 17:16:25,868 - Peer 1006 has downloaded the piece 1546 from 1005. Now the number of pieces it has is 419.
2026-04-22 17:16:25,868 - Peer 1006 received the 'not interested' message from 1001.
2026-04-22 17:16:25,869 - Peer 1006 received the 'not interested' message from 1002.
2026-04-22 17:16:25,869 - Peer 1006 received the 'not interested' message from 1001.
2026-04-22 17:16:25,872 - Peer 1006 received the 'not interested' message from 1004.
2026-04-22 17:16:25,872 - Peer 1006 received the 'not interested' message from 1002.
2026-04-22 17:16:25,873 - Peer 1006 received the 'not interested' message from 1003.
2026-04-22 17:16:25,873 - Peer 1006 received the 'not interested' message from 1001.
2026-04-22 17:16:25,874 - Peer 1006 received the 'not interested' message from 1005.
2026-04-22 17:16:25,874 - Peer 1006 received the 'not interested' message from 1001.
2026-04-22 17:16:25,874 - Peer 1006 received the 'not interested' message from 1005.
2026-04-22 17:16:25,875 - Peer 1006 received the 'not interested' message from 1005.
2026-04-22 17:16:25,875 - Peer 1006 has downloaded the piece 813 from 1001. Now the number of pieces it has is 420.
2026-04-22 17:16:25,875 - Peer 1006 received the 'not interested' message from 1004.
2026-04-22 17:16:25,876 - Peer 1006 received the 'not interested' message from 1004.
2026-04-22 17:16:25,876 - Peer 1006 has downloaded the piece 1220 from 1005. Now the number of pieces it has is 421.
2026-04-22 17:16:25,877 - Peer 1006 has downloaded the piece 815 from 1004. Now the number of pieces it has is 422.
2026-04-22 17:16:25,879 - Peer 1006 received the 'not interested' message from 1002.
2026-04-22 17:16:25,881 - Peer 1006 received the 'not interested' message from 1002.
2026-04-22 17:16:25,883 - Peer 1006 received the 'not interested' message from 1002.
2026-04-22 17:16:25,884 - Peer 1006 received the 'not interested' message from 1001.
2026-04-22 17:16:25,885 - Peer 1006 received the 'not interested' message from 1001.
2026-04-22 17:16:25,885 - Peer 1006 received the 'not interested' message from 1005.
2026-04-22 17:16:25,886 - Peer 1006 received the 'not interested' message from 1001.
2026-04-22 17:16:25,886 - Peer 1006 received the 'not interested' message from 1005.
2026-04-22 17:16:25,886 - Peer 1006 received the 'not interested' message from 1001.
2026-04-22 17:16:25,886 - Peer 1006 received the 'not interested' message from 1005.
2026-04-22 17:16:25,887 - Peer 1006 has downloaded the piece 1033 from 1001. Now the number of pieces it has is 423.
2026-04-22 17:16:25,887 - Peer 1006 has downloaded the piece 1579 from 1005. Now the number of pieces it has is 424.
2026-04-22 17:16:25,889 - Peer 1006 received the 'not interested' message from 1002.
2026-04-22 17:16:25,891 - Peer 1006 received the 'not interested' message from 1002.
2026-04-22 17:16:25,891 - Peer 1006 received the 'not interested' message from 1003.
2026-04-22 17:16:25,891 - Peer 1006 received the 'not interested' message from 1004.
2026-04-22 17:16:25,891 - Peer 1006 received the 'not interested' message from 1001.
2026-04-22 17:16:25,892 - Peer 1006 received the 'not interested' message from 1003.
2026-04-22 17:16:25,892 - Peer 1006 received the 'not interested' message from 1005.
2026-04-22 17:16:25,893 - Peer 1006 received the 'not interested' message from 1003.
2026-04-22 17:16:25,893 - Peer 1006 received the 'not interested' message from 1001.
2026-04-22 17:16:25,893 - Peer 1006 received the 'not interested' message from 1005.
2026-04-22 17:16:25,893 - Peer 1006 received the 'not interested' message from 1003.
2026-04-22 17:16:25,895 - Peer 1006 has downloaded the piece 530 from 1001. Now the number of pieces it has is 425.
2026-04-22 17:16:25,896 - Peer 1006 received the 'not interested' message from 1004.
2026-04-22 17:16:25,896 - Peer 1006 received the 'not interested' message from 1003.
2026-04-22 17:16:25,896 - Peer 1006 received the 'not interested' message from 1004.
2026-04-22 17:16:25,897 - Peer 1006 received the 'not interested' message from 1004.
2026-04-22 17:16:25,896 - Peer 1006 has downloaded the piece 692 from 1005. Now the number of pieces it has is 426.
2026-04-22 17:16:25,897 - Peer 1006 received the 'not interested' message from 1002.
2026-04-22 17:16:25,901 - Peer 1006 received the 'not interested' message from 1002.
2026-04-22 17:16:25,902 - Peer 1006 received the 'not interested' message from 1003.
2026-04-22 17:16:25,903 - Peer 1006 received the 'not interested' message from 1004.
2026-04-22 17:16:25,903 - Peer 1006 received the 'not interested' message from 1001.
2026-04-22 17:16:25,903 - Peer 1006 received the 'not interested' message from 1005.
2026-04-22 17:16:25,904 - Peer 1006 received the 'not interested' message from 1004.
2026-04-22 17:16:25,904 - Peer 1006 received the 'not interested' message from 1001.
2026-04-22 17:16:25,905 - Peer 1006 has downloaded the piece 917 from 1003. Now the number of pieces it has is 427.
2026-04-22 17:16:25,906 - Peer 1006 received the 'not interested' message from 1005.
2026-04-22 17:16:25,906 - Peer 1006 has downloaded the piece 538 from 1001. Now the number of pieces it has is 428.
2026-04-22 17:16:25,908 - Peer 1006 has downloaded the piece 1288 from 1004. Now the number of pieces it has is 429.
2026-04-22 17:16:25,908 - Peer 1006 has downloaded the piece 1554 from 1005. Now the number of pieces it has is 430.
2026-04-22 17:16:25,909 - Peer 1006 received the 'not interested' message from 1002.
2026-04-22 17:16:25,913 - Peer 1006 received the 'not interested' message from 1002.
2026-04-22 17:16:25,914 - Peer 1006 received the 'not interested' message from 1004.
2026-04-22 17:16:25,914 - Peer 1006 received the 'not interested' message from 1002.
2026-04-22 17:16:25,915 - Peer 1006 received the 'not interested' message from 1004.
2026-04-22 17:16:25,915 - Peer 1006 received the 'not interested' message from 1003.
2026-04-22 17:16:25,917 - Peer 1006 received the 'not interested' message from 1004.
2026-04-22 17:16:25,917 - Peer 1006 received the 'not interested' message from 1002.
2026-04-22 17:16:25,917 - Peer 1006 received the 'not interested' message from 1003.
2026-04-22 17:16:25,917 - Peer 1006 received the 'not interested' message from 1005.
2026-04-22 17:16:25,919 - Peer 1006 received the 'not interested' message from 1004.
2026-04-22 17:16:25,919 - Peer 1006 received the 'not interested' message from 1001.
2026-04-22 17:16:25,919 - Peer 1006 received the 'not interested' message from 1003.
2026-04-22 17:16:25,919 - Peer 1006 received the 'not interested' message from 1005.
2026-04-22 17:16:25,920 - Peer 1006 received the 'not interested' message from 1004.
2026-04-22 17:16:25,920 - Peer 1006 received the 'not interested' message from 1001.
2026-04-22 17:16:25,921 - Peer 1006 received the 'not interested' message from 1003.
2026-04-22 17:16:25,921 - Peer 1006 received the 'not interested' message from 1005.
2026-04-22 17:16:25,922 - Peer 1006 received the 'not interested' message from 1001.
2026-04-22 17:16:25,922 - Peer 1006 received the 'not interested' message from 1004.
2026-04-22 17:16:25,922 - Peer 1006 received the 'not interested' message from 1003.
2026-04-22 17:16:25,922 - Peer 1006 received the 'not interested' message from 1005.
2026-04-22 17:16:25,922 - Peer 1006 received the 'not interested' message from 1001.
2026-04-22 17:16:25,923 - Peer 1006 received the 'not interested' message from 1004.
2026-04-22 17:16:25,924 - Peer 1006 has downloaded the piece 1233 from 1005. Now the number of pieces it has is 431.
2026-04-22 17:16:25,925 - Peer 1006 has downloaded the piece 1215 from 1001. Now the number of pieces it has is 432.
2026-04-22 17:16:25,926 - Peer 1006 has downloaded the piece 781 from 1004. Now the number of pieces it has is 433.
2026-04-22 17:16:25,927 - Peer 1006 received the 'not interested' message from 1002.
2026-04-22 17:16:25,929 - Peer 1006 received the 'not interested' message from 1002.
2026-04-22 17:16:25,930 - Peer 1006 received the 'not interested' message from 1002.
2026-04-22 17:16:25,931 - Peer 1006 received the 'not interested' message from 1005.
2026-04-22 17:16:25,932 - Peer 1006 received the 'not interested' message from 1001.
2026-04-22 17:16:25,933 - Peer 1006 received the 'not interested' message from 1005.
2026-04-22 17:16:25,933 - Peer 1006 received the 'not interested' message from 1001.
2026-04-22 17:16:25,933 - Peer 1006 received the 'not interested' message from 1005.
2026-04-22 17:16:25,933 - Peer 1006 received the 'not interested' message from 1001.
2026-04-22 17:16:25,934 - Peer 1006 received the 'not interested' message from 1004.
2026-04-22 17:16:25,934 - Peer 1006 received the 'not interested' message from 1004.
2026-04-22 17:16:25,935 - Peer 1006 has downloaded the piece 735 from 1005. Now the number of pieces it has is 434.
2026-04-22 17:16:25,936 - Peer 1006 has downloaded the piece 467 from 1001. Now the number of pieces it has is 435.
2026-04-22 17:16:25,938 - Peer 1006 received the 'not interested' message from 1002.
2026-04-22 17:16:25,938 - Peer 1006 received the 'not interested' message from 1002.
2026-04-22 17:16:25,939 - Peer 1006 received the 'not interested' message from 1001.
2026-04-22 17:16:25,939 - Peer 1006 received the 'not interested' message from 1005.
2026-04-22 17:16:25,939 - Peer 1006 received the 'not interested' message from 1001.
2026-04-22 17:16:25,941 - Peer 1006 received the 'not interested' message from 1004.
2026-04-22 17:16:25,941 - Peer 1006 received the 'not interested' message from 1005.
2026-04-22 17:16:25,942 - Peer 1006 has downloaded the piece 1091 from 1001. Now the number of pieces it has is 436.
2026-04-22 17:16:25,942 - Peer 1006 has downloaded the piece 1086 from 1005. Now the number of pieces it has is 437.
2026-04-22 17:16:25,944 - Peer 1006 received the 'not interested' message from 1002.
2026-04-22 17:16:25,944 - Peer 1006 received the 'not interested' message from 1002.
2026-04-22 17:16:25,946 - Peer 1006 received the 'not interested' message from 1005.
2026-04-22 17:16:25,946 - Peer 1006 received the 'not interested' message from 1001.
2026-04-22 17:16:25,946 - Peer 1006 received the 'not interested' message from 1005.
2026-04-22 17:16:25,946 - Peer 1006 received the 'not interested' message from 1001.
2026-04-22 17:16:25,947 - Peer 1006 has downloaded the piece 238 from 1005. Now the number of pieces it has is 438.
2026-04-22 17:16:25,947 - Peer 1006 has downloaded the piece 876 from 1001. Now the number of pieces it has is 439.
2026-04-22 17:16:25,949 - Peer 1006 received the 'not interested' message from 1002.
2026-04-22 17:16:25,951 - Peer 1006 received the 'not interested' message from 1001.
2026-04-22 17:16:25,951 - Peer 1006 received the 'not interested' message from 1002.
2026-04-22 17:16:25,951 - Peer 1006 received the 'not interested' message from 1005.
2026-04-22 17:16:25,952 - Peer 1006 received the 'not interested' message from 1001.
2026-04-22 17:16:25,952 - Peer 1006 received the 'not interested' message from 1005.
2026-04-22 17:16:25,953 - Peer 1006 received the 'not interested' message from 1004.
2026-04-22 17:16:25,954 - Peer 1006 has downloaded the piece 264 from 1001. Now the number of pieces it has is 440.
2026-04-22 17:16:25,955 - Peer 1006 has downloaded the piece 358 from 1005. Now the number of pieces it has is 441.
2026-04-22 17:16:25,956 - Peer 1006 received the 'not interested' message from 1004.
2026-04-22 17:16:25,957 - Peer 1006 received the 'not interested' message from 1002.
2026-04-22 17:16:25,957 - Peer 1006 received the 'not interested' message from 1002.
2026-04-22 17:16:25,959 - Peer 1006 received the 'not interested' message from 1001.
2026-04-22 17:16:25,959 - Peer 1006 received the 'not interested' message from 1001.
2026-04-22 17:16:25,961 - Peer 1006 has downloaded the piece 655 from 1001. Now the number of pieces it has is 442.
2026-04-22 17:16:25,963 - Peer 1006 received the 'not interested' message from 1002.
2026-04-22 17:16:25,964 - Peer 1006 received the 'not interested' message from 1005.
2026-04-22 17:16:25,964 - Peer 1006 received the 'not interested' message from 1001.
2026-04-22 17:16:25,964 - Peer 1006 received the 'not interested' message from 1003.
2026-04-22 17:16:25,965 - Peer 1006 received the 'not interested' message from 1005.
2026-04-22 17:16:25,965 - Peer 1006 received the 'not interested' message from 1003.
2026-04-22 17:16:25,965 - Peer 1006 received the 'not interested' message from 1005.
2026-04-22 17:16:25,965 - Peer 1006 received the 'not interested' message from 1003.
2026-04-22 17:16:25,967 - Peer 1006 has downloaded the piece 1024 from 1004. Now the number of pieces it has is 443.
2026-04-22 17:16:25,967 - Peer 1006 received the 'not interested' message from 1003.
2026-04-22 17:16:25,968 - Peer 1006 received the 'not interested' message from 1003.
2026-04-22 17:16:25,968 - Peer 1006 received the 'not interested' message from 1003.
2026-04-22 17:16:25,968 - Peer 1006 has downloaded the piece 544 from 1001. Now the number of pieces it has is 444.
2026-04-22 17:16:25,968 - Peer 1006 has downloaded the piece 441 from 1005. Now the number of pieces it has is 445.
2026-04-22 17:16:25,969 - Peer 1006 has downloaded the piece 1322 from 1003. Now the number of pieces it has is 446.
2026-04-22 17:16:25,969 - Peer 1006 received the 'not interested' message from 1002.
2026-04-22 17:16:25,974 - Peer 1006 received the 'not interested' message from 1002.
2026-04-22 17:16:25,976 - Peer 1006 received the 'not interested' message from 1002.
2026-04-22 17:16:25,976 - Peer 1006 received the 'not interested' message from 1002.
2026-04-22 17:16:25,976 - Peer 1006 received the 'not interested' message from 1001.
2026-04-22 17:16:25,976 - Peer 1006 received the 'not interested' message from 1004.
2026-04-22 17:16:25,978 - Peer 1006 received the 'not interested' message from 1003.
2026-04-22 17:16:25,978 - Peer 1006 received the 'not interested' message from 1001.
2026-04-22 17:16:25,978 - Peer 1006 received the 'not interested' message from 1004.
2026-04-22 17:16:25,979 - Peer 1006 received the 'not interested' message from 1005.
2026-04-22 17:16:25,979 - Peer 1006 received the 'not interested' message from 1003.
2026-04-22 17:16:25,979 - Peer 1006 received the 'not interested' message from 1001.
2026-04-22 17:16:25,979 - Peer 1006 received the 'not interested' message from 1004.
2026-04-22 17:16:25,979 - Peer 1006 received the 'not interested' message from 1005.
2026-04-22 17:16:25,980 - Peer 1006 received the 'not interested' message from 1003.
2026-04-22 17:16:25,980 - Peer 1006 received the 'not interested' message from 1001.
2026-04-22 17:16:25,981 - Peer 1006 received the 'not interested' message from 1004.
2026-04-22 17:16:25,981 - Peer 1006 received the 'not interested' message from 1005.
2026-04-22 17:16:25,982 - Peer 1006 received the 'not interested' message from 1003.
2026-04-22 17:16:25,982 - Peer 1006 received the 'not interested' message from 1004.
2026-04-22 17:16:25,983 - Peer 1006 received the 'not interested' message from 1005.
2026-04-22 17:16:25,983 - Peer 1006 received the 'not interested' message from 1003.
2026-04-22 17:16:25,983 - Peer 1006 received the 'not interested' message from 1004.
2026-04-22 17:16:25,984 - Peer 1006 has downloaded the piece 314 from 1001. Now the number of pieces it has is 447.
2026-04-22 17:16:25,984 - Peer 1006 received the 'not interested' message from 1003.
2026-04-22 17:16:25,984 - Peer 1006 received the 'not interested' message from 1004.
2026-04-22 17:16:25,984 - Peer 1006 received the 'not interested' message from 1003.
2026-04-22 17:16:25,985 - Peer 1006 received the 'not interested' message from 1004.
2026-04-22 17:16:25,985 - Peer 1006 has downloaded the piece 62 from 1005. Now the number of pieces it has is 448.
2026-04-22 17:16:25,985 - Peer 1006 received the 'not interested' message from 1003.
2026-04-22 17:16:25,986 - Peer 1006 received the 'not interested' message from 1004.
2026-04-22 17:16:25,986 - Peer 1006 received the 'not interested' message from 1002.
2026-04-22 17:16:25,988 - Peer 1006 received the 'not interested' message from 1003.
2026-04-22 17:16:25,989 - Peer 1006 received the 'not interested' message from 1004.
2026-04-22 17:16:25,989 - Peer 1006 received the 'not interested' message from 1001.
2026-04-22 17:16:25,991 - Peer 1006 received the 'not interested' message from 1002.
2026-04-22 17:16:25,991 - Peer 1006 received the 'not interested' message from 1003.
2026-04-22 17:16:25,991 - Peer 1006 received the 'not interested' message from 1005.
2026-04-22 17:16:25,991 - Peer 1006 received the 'not interested' message from 1001.
2026-04-22 17:16:25,991 - Peer 1006 received the 'not interested' message from 1003.
2026-04-22 17:16:25,992 - Peer 1006 received the 'not interested' message from 1005.
2026-04-22 17:16:25,993 - Peer 1006 received the 'not interested' message from 1003.
2026-04-22 17:16:25,993 - Peer 1006 received the 'not interested' message from 1003.
2026-04-22 17:16:25,993 - Peer 1006 has downloaded the piece 319 from 1001. Now the number of pieces it has is 449.
2026-04-22 17:16:25,993 - Peer 1006 received the 'not interested' message from 1004.
2026-04-22 17:16:25,993 - Peer 1006 has downloaded the piece 1142 from 1005. Now the number of pieces it has is 450.
2026-04-22 17:16:25,995 - Peer 1006 received the 'not interested' message from 1003.
2026-04-22 17:16:25,996 - Peer 1006 received the 'not interested' message from 1003.
2026-04-22 17:16:25,996 - Peer 1006 received the 'not interested' message from 1002.
2026-04-22 17:16:25,996 - Peer 1006 has downloaded the piece 818 from 1004. Now the number of pieces it has is 451.
2026-04-22 17:16:25,996 - Peer 1006 received the 'not interested' message from 1003.
2026-04-22 17:16:25,997 - Peer 1006 received the 'not interested' message from 1002.
2026-04-22 17:16:26,000 - Peer 1006 received the 'not interested' message from 1002.
2026-04-22 17:16:26,000 - Peer 1006 has downloaded the piece 33 from 1003. Now the number of pieces it has is 452.
2026-04-22 17:16:26,002 - Peer 1006 received the 'not interested' message from 1005.
2026-04-22 17:16:26,002 - Peer 1006 received the 'not interested' message from 1001.
2026-04-22 17:16:26,003 - Peer 1006 received the 'not interested' message from 1001.
2026-04-22 17:16:26,004 - Peer 1006 received the 'not interested' message from 1002.
2026-04-22 17:16:26,004 - Peer 1006 received the 'not interested' message from 1001.
2026-04-22 17:16:26,004 - Peer 1006 received the 'not interested' message from 1005.
2026-04-22 17:16:26,005 - Peer 1006 received the 'not interested' message from 1004.
2026-04-22 17:16:26,006 - Peer 1006 received the 'not interested' message from 1003.
2026-04-22 17:16:26,006 - Peer 1006 received the 'not interested' message from 1004.
2026-04-22 17:16:26,007 - Peer 1006 received the 'not interested' message from 1003.
2026-04-22 17:16:26,007 - Peer 1006 has downloaded the piece 828 from 1001. Now the number of pieces it has is 453.
2026-04-22 17:16:26,009 - Peer 1006 has downloaded the piece 1207 from 1005. Now the number of pieces it has is 454.
2026-04-22 17:16:26,009 - Peer 1006 received the 'not interested' message from 1003.
2026-04-22 17:16:26,011 - Peer 1006 received the 'not interested' message from 1003.
2026-04-22 17:16:26,011 - Peer 1006 received the 'not interested' message from 1002.
2026-04-22 17:16:26,012 - Peer 1006 received the 'not interested' message from 1001.
2026-04-22 17:16:26,013 - Peer 1006 received the 'not interested' message from 1002.
2026-04-22 17:16:26,014 - Peer 1006 received the 'not interested' message from 1005.
2026-04-22 17:16:26,014 - Peer 1006 received the 'not interested' message from 1001.
2026-04-22 17:16:26,014 - Peer 1006 received the 'not interested' message from 1005.
2026-04-22 17:16:26,014 - Peer 1006 received the 'not interested' message from 1001.
2026-04-22 17:16:26,015 - Peer 1006 received the 'not interested' message from 1005.
2026-04-22 17:16:26,015 - Peer 1006 received the 'not interested' message from 1005.
2026-04-22 17:16:26,016 - Peer 1006 has downloaded the piece 1424 from 1001. Now the number of pieces it has is 455.
2026-04-22 17:16:26,016 - Peer 1006 received the 'not interested' message from 1003.
2026-04-22 17:16:26,016 - Peer 1006 has downloaded the piece 412 from 1005. Now the number of pieces it has is 456.
2026-04-22 17:16:26,017 - Peer 1006 received the 'not interested' message from 1002.
2026-04-22 17:16:26,017 - Peer 1006 received the 'not interested' message from 1002.
2026-04-22 17:16:26,019 - Peer 1006 received the 'not interested' message from 1001.
2026-04-22 17:16:26,020 - Peer 1006 received the 'not interested' message from 1001.
2026-04-22 17:16:26,020 - Peer 1006 received the 'not interested' message from 1005.
2026-04-22 17:16:26,020 - Peer 1006 received the 'not interested' message from 1003.
2026-04-22 17:16:26,022 - Peer 1006 received the 'not interested' message from 1005.
2026-04-22 17:16:26,023 - Peer 1006 has downloaded the piece 766 from 1001. Now the number of pieces it has is 457.
2026-04-22 17:16:26,024 - Peer 1006 has downloaded the piece 1290 from 1003. Now the number of pieces it has is 458.
2026-04-22 17:16:26,025 - Peer 1006 has downloaded the piece 1519 from 1005. Now the number of pieces it has is 459.
2026-04-22 17:16:26,027 - Peer 1006 received the 'not interested' message from 1002.
2026-04-22 17:16:26,028 - Peer 1006 received the 'not interested' message from 1002.
2026-04-22 17:16:26,029 - Peer 1006 received the 'not interested' message from 1003.
2026-04-22 17:16:26,029 - Peer 1006 received the 'not interested' message from 1001.
2026-04-22 17:16:26,029 - Peer 1006 received the 'not interested' message from 1002.
2026-04-22 17:16:26,029 - Peer 1006 received the 'not interested' message from 1003.
2026-04-22 17:16:26,029 - Peer 1006 received the 'not interested' message from 1005.
2026-04-22 17:16:26,031 - Peer 1006 received the 'not interested' message from 1001.
2026-04-22 17:16:26,031 - Peer 1006 received the 'not interested' message from 1003.
2026-04-22 17:16:26,031 - Peer 1006 received the 'not interested' message from 1001.
2026-04-22 17:16:26,031 - Peer 1006 received the 'not interested' message from 1005.
2026-04-22 17:16:26,032 - Peer 1006 received the 'not interested' message from 1003.
2026-04-22 17:16:26,032 - Peer 1006 received the 'not interested' message from 1005.
2026-04-22 17:16:26,033 - Peer 1006 has downloaded the piece 362 from 1001. Now the number of pieces it has is 460.
2026-04-22 17:16:26,034 - Peer 1006 has downloaded the piece 336 from 1005. Now the number of pieces it has is 461.
2026-04-22 17:16:26,035 - Peer 1006 received the 'not interested' message from 1002.
2026-04-22 17:16:26,036 - Peer 1006 received the 'not interested' message from 1002.
2026-04-22 17:16:26,037 - Peer 1006 received the 'not interested' message from 1001.
2026-04-22 17:16:26,037 - Peer 1006 received the 'not interested' message from 1003.
2026-04-22 17:16:26,039 - Peer 1006 received the 'not interested' message from 1001.
2026-04-22 17:16:26,039 - Peer 1006 received the 'not interested' message from 1005.
2026-04-22 17:16:26,039 - Peer 1006 received the 'not interested' message from 1005.
2026-04-22 17:16:26,040 - Peer 1006 has downloaded the piece 566 from 1001. Now the number of pieces it has is 462.
2026-04-22 17:16:26,041 - Peer 1006 has downloaded the piece 800 from 1005. Now the number of pieces it has is 463.
2026-04-22 17:16:26,043 - Peer 1006 received the 'not interested' message from 1002.
2026-04-22 17:16:26,044 - Peer 1006 received the 'not interested' message from 1002.
2026-04-22 17:16:26,045 - Peer 1006 received the 'not interested' message from 1005.
2026-04-22 17:16:26,046 - Peer 1006 received the 'not interested' message from 1001.
2026-04-22 17:16:26,046 - Peer 1006 received the 'not interested' message from 1005.
2026-04-22 17:16:26,046 - Peer 1006 received the 'not interested' message from 1001.
2026-04-22 17:16:26,046 - Peer 1006 has downloaded the piece 651 from 1005. Now the number of pieces it has is 464.
2026-04-22 17:16:26,048 - Peer 1006 has downloaded the piece 730 from 1001. Now the number of pieces it has is 465.
2026-04-22 17:16:26,048 - Peer 1006 received the 'not interested' message from 1003.
2026-04-22 17:16:26,049 - Peer 1006 received the 'not interested' message from 1003.
2026-04-22 17:16:26,049 - Peer 1006 received the 'not interested' message from 1002.
2026-04-22 17:16:26,051 - Peer 1006 has downloaded the piece 241 from 1003. Now the number of pieces it has is 466.
2026-04-22 17:16:26,052 - Peer 1006 received the 'not interested' message from 1002.
2026-04-22 17:16:26,054 - Peer 1006 received the 'not interested' message from 1002.
2026-04-22 17:16:26,055 - Peer 1006 received the 'not interested' message from 1004.
2026-04-22 17:16:26,056 - Peer 1006 received the 'not interested' message from 1003.
2026-04-22 17:16:26,056 - Peer 1006 received the 'not interested' message from 1005.
2026-04-22 17:16:26,056 - Peer 1006 received the 'not interested' message from 1001.
2026-04-22 17:16:26,056 - Peer 1006 received the 'not interested' message from 1004.
2026-04-22 17:16:26,056 - Peer 1006 received the 'not interested' message from 1003.
2026-04-22 17:16:26,057 - Peer 1006 received the 'not interested' message from 1005.
2026-04-22 17:16:26,057 - Peer 1006 received the 'not interested' message from 1001.
2026-04-22 17:16:26,057 - Peer 1006 received the 'not interested' message from 1004.
2026-04-22 17:16:26,057 - Peer 1006 received the 'not interested' message from 1005.
2026-04-22 17:16:26,058 - Peer 1006 received the 'not interested' message from 1001.
2026-04-22 17:16:26,058 - Peer 1006 received the 'not interested' message from 1004.
2026-04-22 17:16:26,059 - Peer 1006 received the 'not interested' message from 1004.
2026-04-22 17:16:26,059 - Peer 1006 received the 'not interested' message from 1004.
2026-04-22 17:16:26,060 - Peer 1006 has downloaded the piece 918 from 1005. Now the number of pieces it has is 467.
2026-04-22 17:16:26,061 - Peer 1006 has downloaded the piece 691 from 1001. Now the number of pieces it has is 468.
2026-04-22 17:16:26,062 - Peer 1006 has downloaded the piece 1427 from 1004. Now the number of pieces it has is 469.
2026-04-22 17:16:26,064 - Peer 1006 received the 'not interested' message from 1002.
2026-04-22 17:16:26,065 - Peer 1006 received the 'not interested' message from 1003.
2026-04-22 17:16:26,066 - Peer 1006 received the 'not interested' message from 1001.
2026-04-22 17:16:26,066 - Peer 1006 received the 'not interested' message from 1005.
2026-04-22 17:16:26,066 - Peer 1006 received the 'not interested' message from 1003.
2026-04-22 17:16:26,066 - Peer 1006 received the 'not interested' message from 1002.
2026-04-22 17:16:26,067 - Peer 1006 received the 'not interested' message from 1001.
2026-04-22 17:16:26,067 - Peer 1006 received the 'not interested' message from 1004.
2026-04-22 17:16:26,067 - Peer 1006 received the 'not interested' message from 1005.
2026-04-22 17:16:26,067 - Peer 1006 received the 'not interested' message from 1003.
2026-04-22 17:16:26,069 - Peer 1006 received the 'not interested' message from 1002.
2026-04-22 17:16:26,069 - Peer 1006 received the 'not interested' message from 1001.
2026-04-22 17:16:26,069 - Peer 1006 received the 'not interested' message from 1005.
2026-04-22 17:16:26,069 - Peer 1006 received the 'not interested' message from 1004.
2026-04-22 17:16:26,069 - Peer 1006 received the 'not interested' message from 1003.
2026-04-22 17:16:26,071 - Peer 1006 received the 'not interested' message from 1003.
2026-04-22 17:16:26,071 - Peer 1006 received the 'not interested' message from 1004.
2026-04-22 17:16:26,072 - Peer 1006 received the 'not interested' message from 1004.
2026-04-22 17:16:26,072 - Peer 1006 received the 'not interested' message from 1004.
2026-04-22 17:16:26,072 - Peer 1006 has downloaded the piece 754 from 1005. Now the number of pieces it has is 470.
2026-04-22 17:16:26,072 - Peer 1006 received the 'not interested' message from 1004.
2026-04-22 17:16:26,073 - Peer 1006 received the 'not interested' message from 1004.
2026-04-22 17:16:26,074 - Peer 1006 has downloaded the piece 1340 from 1001. Now the number of pieces it has is 471.
2026-04-22 17:16:26,078 - Peer 1006 received the 'not interested' message from 1004.
2026-04-22 17:16:26,079 - Peer 1006 received the 'not interested' message from 1004.
2026-04-22 17:16:26,079 - Peer 1006 received the 'not interested' message from 1004.
2026-04-22 17:16:26,079 - Peer 1006 received the 'not interested' message from 1004.
2026-04-22 17:16:26,079 - Peer 1006 received the 'not interested' message from 1004.
2026-04-22 17:16:26,081 - Peer 1006 received the 'not interested' message from 1004.
2026-04-22 17:16:26,081 - Peer 1006 received the 'not interested' message from 1004.
2026-04-22 17:16:26,084 - Peer 1006 received the 'not interested' message from 1004.
2026-04-22 17:16:26,084 - Peer 1006 has downloaded the piece 1359 from 1003. Now the number of pieces it has is 472.
2026-04-22 17:16:26,085 - Peer 1006 received the 'not interested' message from 1002.
2026-04-22 17:16:26,085 - Peer 1006 received the 'not interested' message from 1005.
2026-04-22 17:16:26,087 - Peer 1006 received the 'not interested' message from 1004.
2026-04-22 17:16:26,090 - Peer 1006 received the 'not interested' message from 1003.
2026-04-22 17:16:26,090 - Peer 1006 received the 'not interested' message from 1002.
2026-04-22 17:16:26,091 - Peer 1006 has downloaded the piece 1514 from 1005. Now the number of pieces it has is 473.
2026-04-22 17:16:26,095 - Peer 1006 received the 'not interested' message from 1004.
2026-04-22 17:16:26,100 - Peer 1006 received the 'not interested' message from 1001.
2026-04-22 17:16:26,101 - Peer 1006 received the 'not interested' message from 1003.
2026-04-22 17:16:26,101 - Peer 1006 received the 'not interested' message from 1002.
2026-04-22 17:16:26,102 - Peer 1006 received the 'not interested' message from 1001.
2026-04-22 17:16:26,104 - Peer 1006 received the 'not interested' message from 1003.
2026-04-22 17:16:26,109 - Peer 1006 received the 'not interested' message from 1001.
2026-04-22 17:16:26,114 - Peer 1006 received the 'not interested' message from 1003.
2026-04-22 17:16:26,119 - Peer 1006 has downloaded the piece 1397 from 1004. Now the number of pieces it has is 474.
2026-04-22 17:16:26,121 - Peer 1006 has downloaded the piece 601 from 1001. Now the number of pieces it has is 475.
2026-04-22 17:16:26,123 - Peer 1006 received the 'not interested' message from 1002.
2026-04-22 17:16:26,123 - Peer 1006 received the 'not interested' message from 1003.
2026-04-22 17:16:26,126 - Peer 1006 received the 'not interested' message from 1005.
2026-04-22 17:16:26,127 - Peer 1006 received the 'not interested' message from 1001.
2026-04-22 17:16:26,127 - Peer 1006 received the 'not interested' message from 1004.
2026-04-22 17:16:26,128 - Peer 1006 received the 'not interested' message from 1002.
2026-04-22 17:16:26,128 - Peer 1006 received the 'not interested' message from 1005.
2026-04-22 17:16:26,129 - Peer 1006 received the 'not interested' message from 1001.
2026-04-22 17:16:26,129 - Peer 1006 has downloaded the piece 1450 from 1003. Now the number of pieces it has is 476.
2026-04-22 17:16:26,130 - Peer 1006 received the 'not interested' message from 1004.
2026-04-22 17:16:26,132 - Peer 1006 received the 'not interested' message from 1005.
2026-04-22 17:16:26,133 - Peer 1006 received the 'not interested' message from 1001.
2026-04-22 17:16:26,134 - Peer 1006 received the 'not interested' message from 1002.
2026-04-22 17:16:26,135 - Peer 1006 received the 'not interested' message from 1005.
2026-04-22 17:16:26,136 - Peer 1006 received the 'not interested' message from 1004.
2026-04-22 17:16:26,136 - Peer 1006 received the 'not interested' message from 1003.
2026-04-22 17:16:26,137 - Peer 1006 received the 'not interested' message from 1002.
2026-04-22 17:16:26,137 - Peer 1006 has downloaded the piece 34 from 1001. Now the number of pieces it has is 477.
2026-04-22 17:16:26,137 - Peer 1006 received the 'not interested' message from 1005.
2026-04-22 17:16:26,137 - Peer 1006 received the 'not interested' message from 1003.
2026-04-22 17:16:26,141 - Peer 1006 received the 'not interested' message from 1004.
2026-04-22 17:16:26,141 - Peer 1006 received the 'not interested' message from 1002.
2026-04-22 17:16:26,142 - Peer 1006 received the 'not interested' message from 1001.
2026-04-22 17:16:26,143 - Peer 1006 received the 'not interested' message from 1003.
2026-04-22 17:16:26,144 - Peer 1006 has downloaded the piece 1157 from 1005. Now the number of pieces it has is 478.
2026-04-22 17:16:26,144 - Peer 1006 received the 'not interested' message from 1003.
2026-04-22 17:16:26,145 - Peer 1006 received the 'not interested' message from 1001.
2026-04-22 17:16:26,146 - Peer 1006 received the 'not interested' message from 1002.
2026-04-22 17:16:26,147 - Peer 1006 has downloaded the piece 1372 from 1001. Now the number of pieces it has is 479.
2026-04-22 17:16:26,150 - Peer 1006 received the 'not interested' message from 1004.
2026-04-22 17:16:26,151 - Peer 1006 received the 'not interested' message from 1005.
2026-04-22 17:16:26,152 - Peer 1006 received the 'not interested' message from 1004.
2026-04-22 17:16:26,152 - Peer 1006 received the 'not interested' message from 1002.
2026-04-22 17:16:26,153 - Peer 1006 received the 'not interested' message from 1005.
2026-04-22 17:16:26,154 - Peer 1006 received the 'not interested' message from 1003.
2026-04-22 17:16:26,155 - Peer 1006 received the 'not interested' message from 1001.
2026-04-22 17:16:26,156 - Peer 1006 has downloaded the piece 948 from 1004. Now the number of pieces it has is 480.
2026-04-22 17:16:26,157 - Peer 1006 received the 'not interested' message from 1005.
2026-04-22 17:16:26,157 - Peer 1006 received the 'not interested' message from 1001.
2026-04-22 17:16:26,157 - Peer 1006 received the 'not interested' message from 1005.
2026-04-22 17:16:26,159 - Peer 1006 received the 'not interested' message from 1002.
2026-04-22 17:16:26,160 - Peer 1006 has downloaded the piece 1585 from 1001. Now the number of pieces it has is 481.
2026-04-22 17:16:26,161 - Peer 1006 has downloaded the piece 728 from 1003. Now the number of pieces it has is 482.
2026-04-22 17:16:26,162 - Peer 1006 has downloaded the piece 1499 from 1005. Now the number of pieces it has is 483.
2026-04-22 17:16:26,164 - Peer 1006 received the 'not interested' message from 1004.
2026-04-22 17:16:26,165 - Peer 1006 received the 'not interested' message from 1004.
2026-04-22 17:16:26,166 - Peer 1006 received the 'not interested' message from 1002.
2026-04-22 17:16:26,167 - Peer 1006 received the 'not interested' message from 1004.
2026-04-22 17:16:26,167 - Peer 1006 received the 'not interested' message from 1003.
2026-04-22 17:16:26,167 - Peer 1006 received the 'not interested' message from 1002.
2026-04-22 17:16:26,169 - Peer 1006 received the 'not interested' message from 1001.
2026-04-22 17:16:26,169 - Peer 1006 received the 'not interested' message from 1003.
2026-04-22 17:16:26,169 - Peer 1006 received the 'not interested' message from 1002.
2026-04-22 17:16:26,171 - Peer 1006 received the 'not interested' message from 1004.
2026-04-22 17:16:26,171 - Peer 1006 received the 'not interested' message from 1001.
2026-04-22 17:16:26,171 - Peer 1006 received the 'not interested' message from 1003.
2026-04-22 17:16:26,171 - Peer 1006 received the 'not interested' message from 1005.
2026-04-22 17:16:26,172 - Peer 1006 received the 'not interested' message from 1004.
2026-04-22 17:16:26,172 - Peer 1006 received the 'not interested' message from 1001.
2026-04-22 17:16:26,172 - Peer 1006 received the 'not interested' message from 1003.
2026-04-22 17:16:26,172 - Peer 1006 received the 'not interested' message from 1005.
2026-04-22 17:16:26,173 - Peer 1006 received the 'not interested' message from 1001.
2026-04-22 17:16:26,173 - Peer 1006 received the 'not interested' message from 1005.
2026-04-22 17:16:26,174 - Peer 1006 has downloaded the piece 406 from 1004. Now the number of pieces it has is 484.
2026-04-22 17:16:26,174 - Peer 1006 received the 'not interested' message from 1005.
2026-04-22 17:16:26,175 - Peer 1006 has downloaded the piece 1057 from 1001. Now the number of pieces it has is 485.
2026-04-22 17:16:26,176 - Peer 1006 received the 'not interested' message from 1002.
2026-04-22 17:16:26,179 - Peer 1006 has downloaded the piece 168 from 1005. Now the number of pieces it has is 486.
2026-04-22 17:16:26,180 - Peer 1006 received the 'not interested' message from 1003.
2026-04-22 17:16:26,182 - Peer 1006 received the 'not interested' message from 1004.
2026-04-22 17:16:26,185 - Peer 1006 received the 'not interested' message from 1001.
2026-04-22 17:16:26,186 - Peer 1006 received the 'not interested' message from 1002.
2026-04-22 17:16:26,186 - Peer 1006 received the 'not interested' message from 1003.
2026-04-22 17:16:26,187 - Peer 1006 received the 'not interested' message from 1001.
2026-04-22 17:16:26,187 - Peer 1006 received the 'not interested' message from 1005.
2026-04-22 17:16:26,187 - Peer 1006 received the 'not interested' message from 1002.
2026-04-22 17:16:26,189 - Peer 1006 received the 'not interested' message from 1003.
2026-04-22 17:16:26,189 - Peer 1006 received the 'not interested' message from 1001.
2026-04-22 17:16:26,191 - Peer 1006 has downloaded the piece 968 from 1001. Now the number of pieces it has is 487.
2026-04-22 17:16:26,192 - Peer 1006 received the 'not interested' message from 1005.
2026-04-22 17:16:26,192 - Peer 1006 has downloaded the piece 677 from 1003. Now the number of pieces it has is 488.
2026-04-22 17:16:26,193 - Peer 1006 received the 'not interested' message from 1005.
2026-04-22 17:16:26,194 - Peer 1006 received the 'not interested' message from 1002.
2026-04-22 17:16:26,195 - Peer 1006 received the 'not interested' message from 1002.
2026-04-22 17:16:26,196 - Peer 1006 has downloaded the piece 1542 from 1005. Now the number of pieces it has is 489.
2026-04-22 17:16:26,197 - Peer 1006 received the 'not interested' message from 1004.
2026-04-22 17:16:26,199 - Peer 1006 received the 'not interested' message from 1003.
2026-04-22 17:16:26,199 - Peer 1006 received the 'not interested' message from 1004.
2026-04-22 17:16:26,199 - Peer 1006 received the 'not interested' message from 1002.
2026-04-22 17:16:26,201 - Peer 1006 received the 'not interested' message from 1001.
2026-04-22 17:16:26,202 - Peer 1006 received the 'not interested' message from 1001.
2026-04-22 17:16:26,202 - Peer 1006 received the 'not interested' message from 1005.
2026-04-22 17:16:26,202 - Peer 1006 received the 'not interested' message from 1001.
2026-04-22 17:16:26,202 - Peer 1006 received the 'not interested' message from 1005.
2026-04-22 17:16:26,202 - Peer 1006 received the 'not interested' message from 1003.
2026-04-22 17:16:26,203 - Peer 1006 received the 'not interested' message from 1004.
2026-04-22 17:16:26,203 - Peer 1006 received the 'not interested' message from 1005.
2026-04-22 17:16:26,203 - Peer 1006 received the 'not interested' message from 1003.
2026-04-22 17:16:26,205 - Peer 1006 has downloaded the piece 1353 from 1001. Now the number of pieces it has is 490.
2026-04-22 17:16:26,206 - Peer 1006 has downloaded the piece 870 from 1005. Now the number of pieces it has is 491.
2026-04-22 17:16:26,207 - Peer 1006 received the 'not interested' message from 1002.
2026-04-22 17:16:26,208 - Peer 1006 received the 'not interested' message from 1002.
2026-04-22 17:16:26,208 - Peer 1006 has downloaded the piece 695 from 1004. Now the number of pieces it has is 492.
2026-04-22 17:16:26,211 - Peer 1006 received the 'not interested' message from 1003.
2026-04-22 17:16:26,212 - Peer 1006 received the 'not interested' message from 1001.
2026-04-22 17:16:26,212 - Peer 1006 received the 'not interested' message from 1002.
2026-04-22 17:16:26,212 - Peer 1006 received the 'not interested' message from 1005.
2026-04-22 17:16:26,213 - Peer 1006 received the 'not interested' message from 1003.
2026-04-22 17:16:26,213 - Peer 1006 received the 'not interested' message from 1001.
2026-04-22 17:16:26,214 - Peer 1006 received the 'not interested' message from 1004.
2026-04-22 17:16:26,214 - Peer 1006 received the 'not interested' message from 1005.
2026-04-22 17:16:26,214 - Peer 1006 received the 'not interested' message from 1001.
2026-04-22 17:16:26,214 - Peer 1006 received the 'not interested' message from 1004.
2026-04-22 17:16:26,215 - Peer 1006 received the 'not interested' message from 1004.
2026-04-22 17:16:26,215 - Peer 1006 received the 'not interested' message from 1004.
2026-04-22 17:16:26,215 - Peer 1006 has downloaded the piece 1312 from 1003. Now the number of pieces it has is 493.
2026-04-22 17:16:26,216 - Peer 1006 received the 'not interested' message from 1004.
2026-04-22 17:16:26,216 - Peer 1006 has downloaded the piece 1559 from 1005. Now the number of pieces it has is 494.
2026-04-22 17:16:26,216 - Peer 1006 has downloaded the piece 1067 from 1001. Now the number of pieces it has is 495.
2026-04-22 17:16:26,219 - Peer 1006 received the 'not interested' message from 1002.
2026-04-22 17:16:26,221 - Peer 1006 received the 'not interested' message from 1002.
2026-04-22 17:16:26,222 - Peer 1006 received the 'not interested' message from 1004.
2026-04-22 17:16:26,223 - Peer 1006 received the 'not interested' message from 1002.
2026-04-22 17:16:26,223 - Peer 1006 received the 'not interested' message from 1005.
2026-04-22 17:16:26,223 - Peer 1006 received the 'not interested' message from 1001.
2026-04-22 17:16:26,224 - Peer 1006 received the 'not interested' message from 1003.
2026-04-22 17:16:26,224 - Peer 1006 received the 'not interested' message from 1005.
2026-04-22 17:16:26,224 - Peer 1006 received the 'not interested' message from 1003.
2026-04-22 17:16:26,225 - Peer 1006 received the 'not interested' message from 1001.
2026-04-22 17:16:26,225 - Peer 1006 received the 'not interested' message from 1005.
2026-04-22 17:16:26,225 - Peer 1006 received the 'not interested' message from 1003.
2026-04-22 17:16:26,225 - Peer 1006 received the 'not interested' message from 1001.
2026-04-22 17:16:26,226 - Peer 1006 received the 'not interested' message from 1005.
2026-04-22 17:16:26,226 - Peer 1006 has downloaded the piece 432 from 1001. Now the number of pieces it has is 496.
2026-04-22 17:16:26,226 - Peer 1006 has downloaded the piece 817 from 1005. Now the number of pieces it has is 497.
2026-04-22 17:16:26,228 - Peer 1006 received the 'not interested' message from 1002.
2026-04-22 17:16:26,229 - Peer 1006 received the 'not interested' message from 1003.
2026-04-22 17:16:26,229 - Peer 1006 received the 'not interested' message from 1004.
2026-04-22 17:16:26,231 - Peer 1006 received the 'not interested' message from 1002.
2026-04-22 17:16:26,231 - Peer 1006 received the 'not interested' message from 1001.
2026-04-22 17:16:26,231 - Peer 1006 received the 'not interested' message from 1004.
2026-04-22 17:16:26,231 - Peer 1006 received the 'not interested' message from 1005.
2026-04-22 17:16:26,232 - Peer 1006 received the 'not interested' message from 1001.
2026-04-22 17:16:26,232 - Peer 1006 received the 'not interested' message from 1005.
2026-04-22 17:16:26,233 - Peer 1006 has downloaded the piece 1299 from 1004. Now the number of pieces it has is 498.
2026-04-22 17:16:26,233 - Peer 1006 has downloaded the piece 914 from 1001. Now the number of pieces it has is 499.
2026-04-22 17:16:26,235 - Peer 1006 has downloaded the piece 614 from 1005. Now the number of pieces it has is 500.
2026-04-22 17:16:26,237 - Peer 1006 received the 'not interested' message from 1002.
2026-04-22 17:16:26,239 - Peer 1006 received the 'not interested' message from 1001.
2026-04-22 17:16:26,239 - Peer 1006 received the 'not interested' message from 1003.
2026-04-22 17:16:26,239 - Peer 1006 received the 'not interested' message from 1002.
2026-04-22 17:16:26,240 - Peer 1006 received the 'not interested' message from 1004.
2026-04-22 17:16:26,241 - Peer 1006 received the 'not interested' message from 1005.
2026-04-22 17:16:26,241 - Peer 1006 received the 'not interested' message from 1001.
2026-04-22 17:16:26,241 - Peer 1006 received the 'not interested' message from 1003.
2026-04-22 17:16:26,242 - Peer 1006 received the 'not interested' message from 1002.
2026-04-22 17:16:26,242 - Peer 1006 received the 'not interested' message from 1005.
2026-04-22 17:16:26,242 - Peer 1006 received the 'not interested' message from 1001.
2026-04-22 17:16:26,242 - Peer 1006 received the 'not interested' message from 1003.
2026-04-22 17:16:26,243 - Peer 1006 received the 'not interested' message from 1005.
2026-04-22 17:16:26,243 - Peer 1006 received the 'not interested' message from 1004.
2026-04-22 17:16:26,244 - Peer 1006 received the 'not interested' message from 1004.
2026-04-22 17:16:26,244 - Peer 1006 has downloaded the piece 1406 from 1001. Now the number of pieces it has is 501.
2026-04-22 17:16:26,245 - Peer 1006 has downloaded the piece 216 from 1003. Now the number of pieces it has is 502.
2026-04-22 17:16:26,246 - Peer 1006 has downloaded the piece 1309 from 1005. Now the number of pieces it has is 503.
2026-04-22 17:16:26,247 - Peer 1006 received the 'not interested' message from 1002.
2026-04-22 17:16:26,249 - Peer 1006 received the 'not interested' message from 1004.
2026-04-22 17:16:26,250 - Peer 1006 received the 'not interested' message from 1002.
2026-04-22 17:16:26,251 - Peer 1006 received the 'not interested' message from 1004.
2026-04-22 17:16:26,252 - Peer 1006 received the 'not interested' message from 1005.
2026-04-22 17:16:26,252 - Peer 1006 received the 'not interested' message from 1003.
2026-04-22 17:16:26,253 - Peer 1006 received the 'not interested' message from 1002.
2026-04-22 17:16:26,253 - Peer 1006 received the 'not interested' message from 1001.
2026-04-22 17:16:26,253 - Peer 1006 received the 'not interested' message from 1005.
2026-04-22 17:16:26,254 - Peer 1006 received the 'not interested' message from 1001.
2026-04-22 17:16:26,255 - Peer 1006 received the 'not interested' message from 1005.
2026-04-22 17:16:26,255 - Peer 1006 received the 'not interested' message from 1004.
2026-04-22 17:16:26,255 - Peer 1006 received the 'not interested' message from 1001.
2026-04-22 17:16:26,256 - Peer 1006 received the 'not interested' message from 1003.
2026-04-22 17:16:26,256 - Peer 1006 received the 'not interested' message from 1004.
2026-04-22 17:16:26,256 - Peer 1006 received the 'not interested' message from 1003.
2026-04-22 17:16:26,256 - Peer 1006 has downloaded the piece 107 from 1005. Now the number of pieces it has is 504.
2026-04-22 17:16:26,256 - Peer 1006 received the 'not interested' message from 1003.
2026-04-22 17:16:26,257 - Peer 1006 received the 'not interested' message from 1003.
2026-04-22 17:16:26,257 - Peer 1006 has downloaded the piece 1182 from 1001. Now the number of pieces it has is 505.
2026-04-22 17:16:26,259 - Peer 1006 has downloaded the piece 1111 from 1004. Now the number of pieces it has is 506.
2026-04-22 17:16:26,260 - Peer 1006 received the 'not interested' message from 1002.
2026-04-22 17:16:26,262 - Peer 1006 received the 'not interested' message from 1002.
2026-04-22 17:16:26,263 - Peer 1006 received the 'not interested' message from 1002.
2026-04-22 17:16:26,264 - Peer 1006 received the 'not interested' message from 1001.
2026-04-22 17:16:26,264 - Peer 1006 received the 'not interested' message from 1005.
2026-04-22 17:16:26,264 - Peer 1006 received the 'not interested' message from 1001.
2026-04-22 17:16:26,265 - Peer 1006 received the 'not interested' message from 1001.
2026-04-22 17:16:26,266 - Peer 1006 has downloaded the piece 382 from 1001. Now the number of pieces it has is 507.
2026-04-22 17:16:26,266 - Peer 1006 received the 'not interested' message from 1005.
2026-04-22 17:16:26,267 - Peer 1006 received the 'not interested' message from 1003.
2026-04-22 17:16:26,267 - Peer 1006 received the 'not interested' message from 1004.
2026-04-22 17:16:26,267 - Peer 1006 received the 'not interested' message from 1005.
2026-04-22 17:16:26,268 - Peer 1006 received the 'not interested' message from 1001.
2026-04-22 17:16:26,269 - Peer 1006 has downloaded the piece 1096 from 1005. Now the number of pieces it has is 508.
2026-04-22 17:16:26,270 - Peer 1006 has downloaded the piece 1050 from 1001. Now the number of pieces it has is 509.
2026-04-22 17:16:26,271 - Peer 1006 received the 'not interested' message from 1002.
2026-04-22 17:16:26,274 - Peer 1006 received the 'not interested' message from 1002.
2026-04-22 17:16:26,274 - Peer 1006 received the 'not interested' message from 1004.
2026-04-22 17:16:26,274 - Peer 1006 received the 'not interested' message from 1003.
2026-04-22 17:16:26,275 - Peer 1006 received the 'not interested' message from 1002.
2026-04-22 17:16:26,275 - Peer 1006 received the 'not interested' message from 1005.
2026-04-22 17:16:26,275 - Peer 1006 received the 'not interested' message from 1004.
2026-04-22 17:16:26,276 - Peer 1006 received the 'not interested' message from 1003.
2026-04-22 17:16:26,277 - Peer 1006 received the 'not interested' message from 1001.
2026-04-22 17:16:26,277 - Peer 1006 received the 'not interested' message from 1005.
2026-04-22 17:16:26,277 - Peer 1006 received the 'not interested' message from 1004.
2026-04-22 17:16:26,277 - Peer 1006 received the 'not interested' message from 1001.
2026-04-22 17:16:26,279 - Peer 1006 received the 'not interested' message from 1004.
2026-04-22 17:16:26,279 - Peer 1006 has downloaded the piece 482 from 1003. Now the number of pieces it has is 510.
2026-04-22 17:16:26,279 - Peer 1006 received the 'not interested' message from 1004.
2026-04-22 17:16:26,280 - Peer 1006 has downloaded the piece 210 from 1005. Now the number of pieces it has is 511.
2026-04-22 17:16:26,281 - Peer 1006 has downloaded the piece 1055 from 1001. Now the number of pieces it has is 512.
2026-04-22 17:16:26,283 - Peer 1006 has downloaded the piece 927 from 1004. Now the number of pieces it has is 513.
2026-04-22 17:16:26,285 - Peer 1006 received the 'not interested' message from 1002.
2026-04-22 17:16:26,286 - Peer 1006 received the 'not interested' message from 1002.
2026-04-22 17:16:26,289 - Peer 1006 received the 'not interested' message from 1004.
2026-04-22 17:16:26,289 - Peer 1006 received the 'not interested' message from 1002.
2026-04-22 17:16:26,289 - Peer 1006 received the 'not interested' message from 1003.
2026-04-22 17:16:26,291 - Peer 1006 received the 'not interested' message from 1001.
2026-04-22 17:16:26,291 - Peer 1006 received the 'not interested' message from 1005.
2026-04-22 17:16:26,291 - Peer 1006 received the 'not interested' message from 1004.
2026-04-22 17:16:26,291 - Peer 1006 received the 'not interested' message from 1002.
2026-04-22 17:16:26,291 - Peer 1006 received the 'not interested' message from 1003.
2026-04-22 17:16:26,291 - Peer 1006 received the 'not interested' message from 1001.
2026-04-22 17:16:26,292 - Peer 1006 received the 'not interested' message from 1005.
2026-04-22 17:16:26,292 - Peer 1006 received the 'not interested' message from 1004.
2026-04-22 17:16:26,292 - Peer 1006 received the 'not interested' message from 1003.
2026-04-22 17:16:26,293 - Peer 1006 received the 'not interested' message from 1001.
2026-04-22 17:16:26,293 - Peer 1006 received the 'not interested' message from 1005.
2026-04-22 17:16:26,293 - Peer 1006 received the 'not interested' message from 1001.
2026-04-22 17:16:26,293 - Peer 1006 received the 'not interested' message from 1005.
2026-04-22 17:16:26,294 - Peer 1006 received the 'not interested' message from 1003.
2026-04-22 17:16:26,294 - Peer 1006 received the 'not interested' message from 1005.
2026-04-22 17:16:26,295 - Peer 1006 received the 'not interested' message from 1003.
2026-04-22 17:16:26,295 - Peer 1006 has downloaded the piece 714 from 1001. Now the number of pieces it has is 514.
2026-04-22 17:16:26,296 - Peer 1006 has downloaded the piece 1129 from 1005. Now the number of pieces it has is 515.
2026-04-22 17:16:26,297 - Peer 1006 received the 'not interested' message from 1002.
2026-04-22 17:16:26,298 - Peer 1006 received the 'not interested' message from 1002.
2026-04-22 17:16:26,298 - Peer 1006 received the 'not interested' message from 1003.
2026-04-22 17:16:26,299 - Peer 1006 received the 'not interested' message from 1001.
2026-04-22 17:16:26,299 - Peer 1006 received the 'not interested' message from 1001.
2026-04-22 17:16:26,301 - Peer 1006 received the 'not interested' message from 1005.
2026-04-22 17:16:26,302 - Peer 1006 received the 'not interested' message from 1005.
2026-04-22 17:16:26,302 - Peer 1006 has downloaded the piece 795 from 1001. Now the number of pieces it has is 516.
2026-04-22 17:16:26,302 - Peer 1006 received the 'not interested' message from 1003.
2026-04-22 17:16:26,303 - Peer 1006 has downloaded the piece 862 from 1005. Now the number of pieces it has is 517.
2026-04-22 17:16:26,304 - Peer 1006 received the 'not interested' message from 1002.
2026-04-22 17:16:26,305 - Peer 1006 received the 'not interested' message from 1002.
2026-04-22 17:16:26,306 - Peer 1006 received the 'not interested' message from 1001.
2026-04-22 17:16:26,306 - Peer 1006 received the 'not interested' message from 1001.
2026-04-22 17:16:26,306 - Peer 1006 received the 'not interested' message from 1005.
2026-04-22 17:16:26,307 - Peer 1006 received the 'not interested' message from 1005.
2026-04-22 17:16:26,307 - Peer 1006 has downloaded the piece 900 from 1001. Now the number of pieces it has is 518.
2026-04-22 17:16:26,309 - Peer 1006 has downloaded the piece 899 from 1005. Now the number of pieces it has is 519.
2026-04-22 17:16:26,311 - Peer 1006 received the 'not interested' message from 1003.
2026-04-22 17:16:26,312 - Peer 1006 received the 'not interested' message from 1002.
2026-04-22 17:16:26,312 - Peer 1006 received the 'not interested' message from 1003.
2026-04-22 17:16:26,314 - Peer 1006 received the 'not interested' message from 1003.
2026-04-22 17:16:26,314 - Peer 1006 received the 'not interested' message from 1001.
2026-04-22 17:16:26,314 - Peer 1006 received the 'not interested' message from 1002.
2026-04-22 17:16:26,314 - Peer 1006 received the 'not interested' message from 1005.
2026-04-22 17:16:26,316 - Peer 1006 received the 'not interested' message from 1001.
2026-04-22 17:16:26,316 - Peer 1006 received the 'not interested' message from 1005.
2026-04-22 17:16:26,316 - Peer 1006 has downloaded the piece 501 from 1003. Now the number of pieces it has is 520.
2026-04-22 17:16:26,317 - Peer 1006 has downloaded the piece 751 from 1001. Now the number of pieces it has is 521.
2026-04-22 17:16:26,317 - Peer 1006 has downloaded the piece 555 from 1005. Now the number of pieces it has is 522.
2026-04-22 17:16:26,320 - Peer 1006 received the 'not interested' message from 1002.
2026-04-22 17:16:26,322 - Peer 1006 received the 'not interested' message from 1002.
2026-04-22 17:16:26,323 - Peer 1006 received the 'not interested' message from 1002.
2026-04-22 17:16:26,325 - Peer 1006 received the 'not interested' message from 1003.
2026-04-22 17:16:26,325 - Peer 1006 received the 'not interested' message from 1001.
2026-04-22 17:16:26,325 - Peer 1006 received the 'not interested' message from 1003.
2026-04-22 17:16:26,326 - Peer 1006 received the 'not interested' message from 1001.
2026-04-22 17:16:26,326 - Peer 1006 received the 'not interested' message from 1003.
2026-04-22 17:16:26,327 - Peer 1006 received the 'not interested' message from 1001.
2026-04-22 17:16:26,327 - Peer 1006 received the 'not interested' message from 1003.
2026-04-22 17:16:26,327 - Peer 1006 received the 'not interested' message from 1005.
2026-04-22 17:16:26,328 - Peer 1006 received the 'not interested' message from 1003.
2026-04-22 17:16:26,328 - Peer 1006 received the 'not interested' message from 1003.
2026-04-22 17:16:26,328 - Peer 1006 has downloaded the piece 1401 from 1001. Now the number of pieces it has is 523.
2026-04-22 17:16:26,329 - Peer 1006 received the 'not interested' message from 1005.
2026-04-22 17:16:26,331 - Peer 1006 received the 'not interested' message from 1005.
2026-04-22 17:16:26,331 - Peer 1006 received the 'not interested' message from 1003.
2026-04-22 17:16:26,331 - Peer 1006 received the 'not interested' message from 1002.
2026-04-22 17:16:26,332 - Peer 1006 has downloaded the piece 924 from 1005. Now the number of pieces it has is 524.
2026-04-22 17:16:26,333 - Peer 1006 received the 'not interested' message from 1003.
2026-04-22 17:16:26,334 - Peer 1006 received the 'not interested' message from 1003.
2026-04-22 17:16:26,335 - Peer 1006 received the 'not interested' message from 1001.
2026-04-22 17:16:26,335 - Peer 1006 received the 'not interested' message from 1001.
2026-04-22 17:16:26,335 - Peer 1006 received the 'not interested' message from 1002.
2026-04-22 17:16:26,335 - Peer 1006 has downloaded the piece 573 from 1003. Now the number of pieces it has is 525.
2026-04-22 17:16:26,337 - Peer 1006 has downloaded the piece 1569 from 1001. Now the number of pieces it has is 526.
2026-04-22 17:16:26,338 - Peer 1006 received the 'not interested' message from 1004.
2026-04-22 17:16:26,339 - Peer 1006 received the 'not interested' message from 1002.
2026-04-22 17:16:26,340 - Peer 1006 received the 'not interested' message from 1002.
2026-04-22 17:16:26,342 - Peer 1006 received the 'not interested' message from 1005.
2026-04-22 17:16:26,343 - Peer 1006 received the 'not interested' message from 1001.
2026-04-22 17:16:26,343 - Peer 1006 received the 'not interested' message from 1005.
2026-04-22 17:16:26,343 - Peer 1006 received the 'not interested' message from 1001.
2026-04-22 17:16:26,343 - Peer 1006 received the 'not interested' message from 1005.
2026-04-22 17:16:26,344 - Peer 1006 received the 'not interested' message from 1005.
2026-04-22 17:16:26,344 - Peer 1006 has downloaded the piece 164 from 1001. Now the number of pieces it has is 527.
2026-04-22 17:16:26,345 - Peer 1006 received the 'not interested' message from 1003.
2026-04-22 17:16:26,345 - Peer 1006 received the 'not interested' message from 1004.
2026-04-22 17:16:26,345 - Peer 1006 has downloaded the piece 844 from 1005. Now the number of pieces it has is 528.
2026-04-22 17:16:26,346 - Peer 1006 received the 'not interested' message from 1002.
2026-04-22 17:16:26,347 - Peer 1006 received the 'not interested' message from 1002.
2026-04-22 17:16:26,349 - Peer 1006 received the 'not interested' message from 1004.
2026-04-22 17:16:26,349 - Peer 1006 received the 'not interested' message from 1004.
2026-04-22 17:16:26,349 - Peer 1006 received the 'not interested' message from 1001.
2026-04-22 17:16:26,351 - Peer 1006 received the 'not interested' message from 1004.
2026-04-22 17:16:26,351 - Peer 1006 received the 'not interested' message from 1003.
2026-04-22 17:16:26,351 - Peer 1006 received the 'not interested' message from 1005.
2026-04-22 17:16:26,352 - Peer 1006 received the 'not interested' message from 1001.
2026-04-22 17:16:26,352 - Peer 1006 received the 'not interested' message from 1003.
2026-04-22 17:16:26,353 - Peer 1006 received the 'not interested' message from 1005.
2026-04-22 17:16:26,353 - Peer 1006 received the 'not interested' message from 1003.
2026-04-22 17:16:26,354 - Peer 1006 has downloaded the piece 1160 from 1004. Now the number of pieces it has is 529.
2026-04-22 17:16:26,355 - Peer 1006 has downloaded the piece 429 from 1001. Now the number of pieces it has is 530.
2026-04-22 17:16:26,355 - Peer 1006 has downloaded the piece 1165 from 1003. Now the number of pieces it has is 531.
2026-04-22 17:16:26,357 - Peer 1006 has downloaded the piece 916 from 1005. Now the number of pieces it has is 532.
2026-04-22 17:16:26,357 - Peer 1006 received the 'not interested' message from 1002.
2026-04-22 17:16:26,360 - Peer 1006 received the 'not interested' message from 1002.
2026-04-22 17:16:26,365 - Peer 1006 received the 'not interested' message from 1003.
2026-04-22 17:16:26,365 - Peer 1006 received the 'not interested' message from 1004.
2026-04-22 17:16:26,366 - Peer 1006 received the 'not interested' message from 1001.
2026-04-22 17:16:26,366 - Peer 1006 received the 'not interested' message from 1002.
2026-04-22 17:16:26,366 - Peer 1006 received the 'not interested' message from 1005.
2026-04-22 17:16:26,366 - Peer 1006 received the 'not interested' message from 1004.
2026-04-22 17:16:26,366 - Peer 1006 received the 'not interested' message from 1001.
2026-04-22 17:16:26,366 - Peer 1006 received the 'not interested' message from 1002.
2026-04-22 17:16:26,366 - Peer 1006 received the 'not interested' message from 1005.
2026-04-22 17:16:26,367 - Peer 1006 received the 'not interested' message from 1004.
2026-04-22 17:16:26,367 - Peer 1006 received the 'not interested' message from 1001.
2026-04-22 17:16:26,367 - Peer 1006 received the 'not interested' message from 1005.
2026-04-22 17:16:26,367 - Peer 1006 received the 'not interested' message from 1004.
2026-04-22 17:16:26,367 - Peer 1006 received the 'not interested' message from 1001.
2026-04-22 17:16:26,369 - Peer 1006 received the 'not interested' message from 1005.
2026-04-22 17:16:26,369 - Peer 1006 received the 'not interested' message from 1004.
2026-04-22 17:16:26,369 - Peer 1006 received the 'not interested' message from 1003.
2026-04-22 17:16:26,370 - Peer 1006 received the 'not interested' message from 1004.
2026-04-22 17:16:26,370 - Peer 1006 received the 'not interested' message from 1004.
2026-04-22 17:16:26,370 - Peer 1006 has downloaded the piece 551 from 1001. Now the number of pieces it has is 533.
2026-04-22 17:16:26,370 - Peer 1006 received the 'not interested' message from 1004.
2026-04-22 17:16:26,371 - Peer 1006 received the 'not interested' message from 1004.
2026-04-22 17:16:26,371 - Peer 1006 has downloaded the piece 471 from 1005. Now the number of pieces it has is 534.
2026-04-22 17:16:26,371 - Peer 1006 received the 'not interested' message from 1004.
2026-04-22 17:16:26,372 - Peer 1006 received the 'not interested' message from 1002.
2026-04-22 17:16:26,373 - Peer 1006 received the 'not interested' message from 1003.
2026-04-22 17:16:26,373 - Peer 1006 received the 'not interested' message from 1004.
2026-04-22 17:16:26,374 - Peer 1006 received the 'not interested' message from 1002.
2026-04-22 17:16:26,375 - Peer 1006 received the 'not interested' message from 1003.
2026-04-22 17:16:26,375 - Peer 1006 received the 'not interested' message from 1001.
2026-04-22 17:16:26,375 - Peer 1006 received the 'not interested' message from 1004.
2026-04-22 17:16:26,376 - Peer 1006 received the 'not interested' message from 1003.
2026-04-22 17:16:26,377 - Peer 1006 received the 'not interested' message from 1005.
2026-04-22 17:16:26,377 - Peer 1006 received the 'not interested' message from 1001.
2026-04-22 17:16:26,377 - Peer 1006 received the 'not interested' message from 1004.
2026-04-22 17:16:26,379 - Peer 1006 received the 'not interested' message from 1003.
2026-04-22 17:16:26,379 - Peer 1006 received the 'not interested' message from 1005.
2026-04-22 17:16:26,379 - Peer 1006 received the 'not interested' message from 1004.
2026-04-22 17:16:26,379 - Peer 1006 received the 'not interested' message from 1004.
2026-04-22 17:16:26,380 - Peer 1006 has downloaded the piece 871 from 1001. Now the number of pieces it has is 535.
2026-04-22 17:16:26,380 - Peer 1006 received the 'not interested' message from 1004.
2026-04-22 17:16:26,381 - Peer 1006 received the 'not interested' message from 1004.
2026-04-22 17:16:26,381 - Peer 1006 received the 'not interested' message from 1004.
2026-04-22 17:16:26,381 - Peer 1006 has downloaded the piece 928 from 1003. Now the number of pieces it has is 536.
2026-04-22 17:16:26,381 - Peer 1006 received the 'not interested' message from 1004.
2026-04-22 17:16:26,382 - Peer 1006 has downloaded the piece 832 from 1005. Now the number of pieces it has is 537.
2026-04-22 17:16:26,383 - Peer 1006 has downloaded the piece 1321 from 1004. Now the number of pieces it has is 538.
2026-04-22 17:16:26,383 - Peer 1006 received the 'not interested' message from 1002.
2026-04-22 17:16:26,386 - Peer 1006 received the 'not interested' message from 1002.
2026-04-22 17:16:26,387 - Peer 1006 received the 'not interested' message from 1002.
2026-04-22 17:16:26,388 - Peer 1006 received the 'not interested' message from 1003.
2026-04-22 17:16:26,391 - Peer 1006 received the 'not interested' message from 1001.
2026-04-22 17:16:26,391 - Peer 1006 received the 'not interested' message from 1002.
2026-04-22 17:16:26,391 - Peer 1006 received the 'not interested' message from 1004.
2026-04-22 17:16:26,391 - Peer 1006 received the 'not interested' message from 1005.
2026-04-22 17:16:26,392 - Peer 1006 received the 'not interested' message from 1001.
2026-04-22 17:16:26,392 - Peer 1006 received the 'not interested' message from 1004.
2026-04-22 17:16:26,392 - Peer 1006 received the 'not interested' message from 1005.
2026-04-22 17:16:26,392 - Peer 1006 received the 'not interested' message from 1001.
2026-04-22 17:16:26,392 - Peer 1006 received the 'not interested' message from 1005.
2026-04-22 17:16:26,393 - Peer 1006 received the 'not interested' message from 1001.
2026-04-22 17:16:26,393 - Peer 1006 received the 'not interested' message from 1005.
2026-04-22 17:16:26,393 - Peer 1006 has downloaded the piece 733 from 1001. Now the number of pieces it has is 539.
2026-04-22 17:16:26,395 - Peer 1006 has downloaded the piece 891 from 1005. Now the number of pieces it has is 540.
2026-04-22 17:16:26,396 - Peer 1006 received the 'not interested' message from 1002.
2026-04-22 17:16:26,398 - Peer 1006 received the 'not interested' message from 1002.
2026-04-22 17:16:26,398 - Peer 1006 received the 'not interested' message from 1001.
2026-04-22 17:16:26,398 - Peer 1006 received the 'not interested' message from 1001.
2026-04-22 17:16:26,398 - Peer 1006 received the 'not interested' message from 1004.
2026-04-22 17:16:26,401 - Peer 1006 received the 'not interested' message from 1005.
2026-04-22 17:16:26,401 - Peer 1006 received the 'not interested' message from 1005.
2026-04-22 17:16:26,401 - Peer 1006 has downloaded the piece 993 from 1001. Now the number of pieces it has is 541.
2026-04-22 17:16:26,401 - Peer 1006 has downloaded the piece 558 from 1005. Now the number of pieces it has is 542.
2026-04-22 17:16:26,403 - Peer 1006 received the 'not interested' message from 1004.
2026-04-22 17:16:26,403 - Peer 1006 received the 'not interested' message from 1002.
2026-04-22 17:16:26,404 - Peer 1006 received the 'not interested' message from 1001.
2026-04-22 17:16:26,406 - Peer 1006 received the 'not interested' message from 1002.
2026-04-22 17:16:26,406 - Peer 1006 received the 'not interested' message from 1001.
2026-04-22 17:16:26,407 - Peer 1006 received the 'not interested' message from 1005.
2026-04-22 17:16:26,407 - Peer 1006 received the 'not interested' message from 1004.
2026-04-22 17:16:26,407 - Peer 1006 received the 'not interested' message from 1005.
2026-04-22 17:16:26,407 - Peer 1006 received the 'not interested' message from 1004.
2026-04-22 17:16:26,409 - Peer 1006 has downloaded the piece 485 from 1001. Now the number of pieces it has is 543.
2026-04-22 17:16:26,409 - Peer 1006 has downloaded the piece 888 from 1004. Now the number of pieces it has is 544.
2026-04-22 17:16:26,410 - Peer 1006 has downloaded the piece 821 from 1005. Now the number of pieces it has is 545.
2026-04-22 17:16:26,412 - Peer 1006 received the 'not interested' message from 1002.
2026-04-22 17:16:26,414 - Peer 1006 received the 'not interested' message from 1001.
2026-04-22 17:16:26,416 - Peer 1006 received the 'not interested' message from 1001.
2026-04-22 17:16:26,416 - Peer 1006 received the 'not interested' message from 1005.
2026-04-22 17:16:26,416 - Peer 1006 received the 'not interested' message from 1004.
2026-04-22 17:16:26,416 - Peer 1006 received the 'not interested' message from 1001.
2026-04-22 17:16:26,416 - Peer 1006 received the 'not interested' message from 1005.
2026-04-22 17:16:26,416 - Peer 1006 received the 'not interested' message from 1004.
2026-04-22 17:16:26,417 - Peer 1006 received the 'not interested' message from 1005.
2026-04-22 17:16:26,417 - Peer 1006 has downloaded the piece 300 from 1001. Now the number of pieces it has is 546.
2026-04-22 17:16:26,419 - Peer 1006 has downloaded the piece 1329 from 1005. Now the number of pieces it has is 547.
2026-04-22 17:16:26,419 - Peer 1006 received the 'not interested' message from 1004.
2026-04-22 17:16:26,421 - Peer 1006 received the 'not interested' message from 1004.
2026-04-22 17:16:26,422 - Peer 1006 received the 'not interested' message from 1002.
2026-04-22 17:16:26,422 - Peer 1006 received the 'not interested' message from 1001.
2026-04-22 17:16:26,422 - Peer 1006 received the 'not interested' message from 1002.
2026-04-22 17:16:26,422 - Peer 1006 received the 'not interested' message from 1001.
2026-04-22 17:16:26,423 - Peer 1006 received the 'not interested' message from 1002.
2026-04-22 17:16:26,423 - Peer 1006 received the 'not interested' message from 1005.
2026-04-22 17:16:26,423 - Peer 1006 received the 'not interested' message from 1002.
2026-04-22 17:16:26,423 - Peer 1006 received the 'not interested' message from 1005.
2026-04-22 17:16:26,425 - Peer 1006 received the 'not interested' message from 1004.
2026-04-22 17:16:26,425 - Peer 1006 received the 'not interested' message from 1004.
2026-04-22 17:16:26,425 - Peer 1006 received the 'not interested' message from 1004.
2026-04-22 17:16:26,427 - Peer 1006 has downloaded the piece 272 from 1001. Now the number of pieces it has is 548.
2026-04-22 17:16:26,427 - Peer 1006 has downloaded the piece 88 from 1005. Now the number of pieces it has is 549.
2026-04-22 17:16:26,428 - Peer 1006 has downloaded the piece 906 from 1004. Now the number of pieces it has is 550.
2026-04-22 17:16:26,429 - Peer 1006 received the 'not interested' message from 1002.
2026-04-22 17:16:26,429 - Peer 1006 received the 'not interested' message from 1003.
2026-04-22 17:16:26,432 - Peer 1006 received the 'not interested' message from 1001.
2026-04-22 17:16:26,433 - Peer 1006 received the 'not interested' message from 1002.
2026-04-22 17:16:26,434 - Peer 1006 received the 'not interested' message from 1005.
2026-04-22 17:16:26,434 - Peer 1006 received the 'not interested' message from 1004.
2026-04-22 17:16:26,435 - Peer 1006 received the 'not interested' message from 1001.
2026-04-22 17:16:26,435 - Peer 1006 received the 'not interested' message from 1002.
2026-04-22 17:16:26,435 - Peer 1006 received the 'not interested' message from 1005.
2026-04-22 17:16:26,436 - Peer 1006 received the 'not interested' message from 1001.
2026-04-22 17:16:26,436 - Peer 1006 received the 'not interested' message from 1005.
2026-04-22 17:16:26,438 - Peer 1006 has downloaded the piece 474 from 1001. Now the number of pieces it has is 551.
2026-04-22 17:16:26,439 - Peer 1006 received the 'not interested' message from 1004.
2026-04-22 17:16:26,441 - Peer 1006 received the 'not interested' message from 1003.
2026-04-22 17:16:26,441 - Peer 1006 received the 'not interested' message from 1002.
2026-04-22 17:16:26,441 - Peer 1006 received the 'not interested' message from 1003.
2026-04-22 17:16:26,441 - Peer 1006 has downloaded the piece 693 from 1005. Now the number of pieces it has is 552.
2026-04-22 17:16:26,442 - Peer 1006 received the 'not interested' message from 1003.
2026-04-22 17:16:26,443 - Peer 1006 received the 'not interested' message from 1003.
2026-04-22 17:16:26,443 - Peer 1006 received the 'not interested' message from 1004.
2026-04-22 17:16:26,445 - Peer 1006 received the 'not interested' message from 1002.
2026-04-22 17:16:26,446 - Peer 1006 received the 'not interested' message from 1001.
2026-04-22 17:16:26,446 - Peer 1006 received the 'not interested' message from 1001.
2026-04-22 17:16:26,447 - Peer 1006 has downloaded the piece 326 from 1003. Now the number of pieces it has is 553.
2026-04-22 17:16:26,447 - Peer 1006 received the 'not interested' message from 1004.
2026-04-22 17:16:26,447 - Peer 1006 received the 'not interested' message from 1004.
2026-04-22 17:16:26,449 - Peer 1006 has downloaded the piece 847 from 1001. Now the number of pieces it has is 554.
2026-04-22 17:16:26,449 - Peer 1006 received the 'not interested' message from 1005.
2026-04-22 17:16:26,452 - Peer 1006 received the 'not interested' message from 1002.
2026-04-22 17:16:26,453 - Peer 1006 received the 'not interested' message from 1005.
2026-04-22 17:16:26,453 - Peer 1006 has downloaded the piece 1010 from 1004. Now the number of pieces it has is 555.
2026-04-22 17:16:26,455 - Peer 1006 received the 'not interested' message from 1002.
2026-04-22 17:16:26,456 - Peer 1006 received the 'not interested' message from 1001.
2026-04-22 17:16:26,457 - Peer 1006 has downloaded the piece 296 from 1005. Now the number of pieces it has is 556.
2026-04-22 17:16:26,458 - Peer 1006 received the 'not interested' message from 1001.
2026-04-22 17:16:26,458 - Peer 1006 received the 'not interested' message from 1003.
2026-04-22 17:16:26,460 - Peer 1006 received the 'not interested' message from 1002.
2026-04-22 17:16:26,460 - Peer 1006 received the 'not interested' message from 1003.
2026-04-22 17:16:26,461 - Peer 1006 received the 'not interested' message from 1002.
2026-04-22 17:16:26,461 - Peer 1006 received the 'not interested' message from 1003.
2026-04-22 17:16:26,461 - Peer 1006 received the 'not interested' message from 1003.
2026-04-22 17:16:26,461 - Peer 1006 received the 'not interested' message from 1003.
2026-04-22 17:16:26,463 - Peer 1006 has downloaded the piece 171 from 1001. Now the number of pieces it has is 557.
2026-04-22 17:16:26,464 - Peer 1006 received the 'not interested' message from 1003.
2026-04-22 17:16:26,464 - Peer 1006 received the 'not interested' message from 1005.
2026-04-22 17:16:26,465 - Peer 1006 received the 'not interested' message from 1004.
2026-04-22 17:16:26,465 - Peer 1006 received the 'not interested' message from 1003.
2026-04-22 17:16:26,465 - Peer 1006 received the 'not interested' message from 1005.
2026-04-22 17:16:26,466 - Peer 1006 received the 'not interested' message from 1002.
2026-04-22 17:16:26,466 - Peer 1006 received the 'not interested' message from 1003.
2026-04-22 17:16:26,467 - Peer 1006 received the 'not interested' message from 1005.
2026-04-22 17:16:26,467 - Peer 1006 received the 'not interested' message from 1001.
2026-04-22 17:16:26,467 - Peer 1006 received the 'not interested' message from 1003.
2026-04-22 17:16:26,467 - Peer 1006 received the 'not interested' message from 1005.
2026-04-22 17:16:26,467 - Peer 1006 received the 'not interested' message from 1001.
2026-04-22 17:16:26,469 - Peer 1006 received the 'not interested' message from 1004.
2026-04-22 17:16:26,469 - Peer 1006 received the 'not interested' message from 1003.
2026-04-22 17:16:26,469 - Peer 1006 received the 'not interested' message from 1001.
2026-04-22 17:16:26,469 - Peer 1006 received the 'not interested' message from 1004.
2026-04-22 17:16:26,469 - Peer 1006 received the 'not interested' message from 1003.
2026-04-22 17:16:26,470 - Peer 1006 has downloaded the piece 1046 from 1005. Now the number of pieces it has is 558.
2026-04-22 17:16:26,471 - Peer 1006 has downloaded the piece 1356 from 1001. Now the number of pieces it has is 559.
2026-04-22 17:16:26,472 - Peer 1006 received the 'not interested' message from 1003.
2026-04-22 17:16:26,474 - Peer 1006 received the 'not interested' message from 1003.
2026-04-22 17:16:26,475 - Peer 1006 received the 'not interested' message from 1002.
2026-04-22 17:16:26,475 - Peer 1006 received the 'not interested' message from 1002.
2026-04-22 17:16:26,475 - Peer 1006 received the 'not interested' message from 1003.
2026-04-22 17:16:26,478 - Peer 1006 received the 'not interested' message from 1003.
2026-04-22 17:16:26,478 - Peer 1006 received the 'not interested' message from 1005.
2026-04-22 17:16:26,478 - Peer 1006 received the 'not interested' message from 1003.
2026-04-22 17:16:26,478 - Peer 1006 received the 'not interested' message from 1001.
2026-04-22 17:16:26,478 - Peer 1006 received the 'not interested' message from 1004.
2026-04-22 17:16:26,478 - Peer 1006 received the 'not interested' message from 1005.
2026-04-22 17:16:26,479 - Peer 1006 received the 'not interested' message from 1001.
2026-04-22 17:16:26,479 - Peer 1006 received the 'not interested' message from 1005.
2026-04-22 17:16:26,479 - Peer 1006 has downloaded the piece 1464 from 1003. Now the number of pieces it has is 560.
2026-04-22 17:16:26,482 - Peer 1006 has downloaded the piece 1128 from 1001. Now the number of pieces it has is 561.
2026-04-22 17:16:26,483 - Peer 1006 received the 'not interested' message from 1004.
2026-04-22 17:16:26,483 - Peer 1006 has downloaded the piece 1446 from 1005. Now the number of pieces it has is 562.
2026-04-22 17:16:26,484 - Peer 1006 received the 'not interested' message from 1004.
2026-04-22 17:16:26,485 - Peer 1006 received the 'not interested' message from 1002.
2026-04-22 17:16:26,487 - Peer 1006 received the 'not interested' message from 1002.
2026-04-22 17:16:26,489 - Peer 1006 received the 'not interested' message from 1003.
2026-04-22 17:16:26,489 - Peer 1006 received the 'not interested' message from 1001.
2026-04-22 17:16:26,489 - Peer 1006 received the 'not interested' message from 1002.
2026-04-22 17:16:26,489 - Peer 1006 received the 'not interested' message from 1003.
2026-04-22 17:16:26,489 - Peer 1006 has downloaded the piece 609 from 1004. Now the number of pieces it has is 563.
2026-04-22 17:16:26,491 - Peer 1006 received the 'not interested' message from 1001.
2026-04-22 17:16:26,491 - Peer 1006 received the 'not interested' message from 1005.
2026-04-22 17:16:26,491 - Peer 1006 received the 'not interested' message from 1003.
2026-04-22 17:16:26,492 - Peer 1006 received the 'not interested' message from 1001.
2026-04-22 17:16:26,492 - Peer 1006 received the 'not interested' message from 1005.
2026-04-22 17:16:26,492 - Peer 1006 received the 'not interested' message from 1002.
2026-04-22 17:16:26,494 - Peer 1006 received the 'not interested' message from 1004.
2026-04-22 17:16:26,494 - Peer 1006 received the 'not interested' message from 1004.
2026-04-22 17:16:26,494 - Peer 1006 received the 'not interested' message from 1005.
2026-04-22 17:16:26,495 - Peer 1006 received the 'not interested' message from 1004.
2026-04-22 17:16:26,495 - Peer 1006 has downloaded the piece 946 from 1001. Now the number of pieces it has is 564.
2026-04-22 17:16:26,496 - Peer 1006 has downloaded the piece 965 from 1005. Now the number of pieces it has is 565.
2026-04-22 17:16:26,497 - Peer 1006 received the 'not interested' message from 1002.
2026-04-22 17:16:26,497 - Peer 1006 received the 'not interested' message from 1002.
2026-04-22 17:16:26,497 - Peer 1006 received the 'not interested' message from 1003.
2026-04-22 17:16:26,499 - Peer 1006 received the 'not interested' message from 1001.
2026-04-22 17:16:26,499 - Peer 1006 received the 'not interested' message from 1005.
2026-04-22 17:16:26,500 - Peer 1006 received the 'not interested' message from 1003.
2026-04-22 17:16:26,500 - Peer 1006 received the 'not interested' message from 1001.
2026-04-22 17:16:26,500 - Peer 1006 received the 'not interested' message from 1005.
2026-04-22 17:16:26,501 - Peer 1006 received the 'not interested' message from 1001.
2026-04-22 17:16:26,501 - Peer 1006 received the 'not interested' message from 1005.
2026-04-22 17:16:26,503 - Peer 1006 has downloaded the piece 996 from 1001. Now the number of pieces it has is 566.
2026-04-22 17:16:26,504 - Peer 1006 has downloaded the piece 1191 from 1005. Now the number of pieces it has is 567.
2026-04-22 17:16:26,505 - Peer 1006 received the 'not interested' message from 1002.
2026-04-22 17:16:26,506 - Peer 1006 received the 'not interested' message from 1002.
2026-04-22 17:16:26,506 - Peer 1006 received the 'not interested' message from 1005.
2026-04-22 17:16:26,506 - Peer 1006 received the 'not interested' message from 1001.
2026-04-22 17:16:26,508 - Peer 1006 received the 'not interested' message from 1003.
2026-04-22 17:16:26,508 - Peer 1006 received the 'not interested' message from 1004.
2026-04-22 17:16:26,508 - Peer 1006 received the 'not interested' message from 1005.
2026-04-22 17:16:26,508 - Peer 1006 received the 'not interested' message from 1001.
2026-04-22 17:16:26,508 - Peer 1006 received the 'not interested' message from 1003.
2026-04-22 17:16:26,509 - Peer 1006 received the 'not interested' message from 1004.
2026-04-22 17:16:26,509 - Peer 1006 received the 'not interested' message from 1003.
2026-04-22 17:16:26,510 - Peer 1006 received the 'not interested' message from 1004.
2026-04-22 17:16:26,510 - Peer 1006 received the 'not interested' message from 1004.
2026-04-22 17:16:26,511 - Peer 1006 has downloaded the piece 1118 from 1005. Now the number of pieces it has is 568.
2026-04-22 17:16:26,512 - Peer 1006 has downloaded the piece 975 from 1001. Now the number of pieces it has is 569.
2026-04-22 17:16:26,513 - Peer 1006 has downloaded the piece 591 from 1003. Now the number of pieces it has is 570.
2026-04-22 17:16:26,514 - Peer 1006 has downloaded the piece 1469 from 1004. Now the number of pieces it has is 571.
2026-04-22 17:16:26,515 - Peer 1006 received the 'not interested' message from 1002.
2026-04-22 17:16:26,517 - Peer 1006 received the 'not interested' message from 1002.
2026-04-22 17:16:26,517 - Peer 1006 received the 'not interested' message from 1003.
2026-04-22 17:16:26,521 - Peer 1006 received the 'not interested' message from 1003.
2026-04-22 17:16:26,521 - Peer 1006 received the 'not interested' message from 1002.
2026-04-22 17:16:26,522 - Peer 1006 received the 'not interested' message from 1005.
2026-04-22 17:16:26,522 - Peer 1006 received the 'not interested' message from 1004.
2026-04-22 17:16:26,522 - Peer 1006 received the 'not interested' message from 1003.
2026-04-22 17:16:26,523 - Peer 1006 received the 'not interested' message from 1001.
2026-04-22 17:16:26,523 - Peer 1006 received the 'not interested' message from 1002.
2026-04-22 17:16:26,523 - Peer 1006 received the 'not interested' message from 1005.
2026-04-22 17:16:26,524 - Peer 1006 received the 'not interested' message from 1004.
2026-04-22 17:16:26,524 - Peer 1006 received the 'not interested' message from 1003.
2026-04-22 17:16:26,524 - Peer 1006 received the 'not interested' message from 1001.
2026-04-22 17:16:26,525 - Peer 1006 received the 'not interested' message from 1005.
2026-04-22 17:16:26,525 - Peer 1006 received the 'not interested' message from 1004.
2026-04-22 17:16:26,525 - Peer 1006 received the 'not interested' message from 1003.
2026-04-22 17:16:26,525 - Peer 1006 received the 'not interested' message from 1001.
2026-04-22 17:16:26,526 - Peer 1006 received the 'not interested' message from 1005.
2026-04-22 17:16:26,526 - Peer 1006 received the 'not interested' message from 1004.
2026-04-22 17:16:26,526 - Peer 1006 received the 'not interested' message from 1001.
2026-04-22 17:16:26,527 - Peer 1006 has downloaded the piece 1115 from 1005. Now the number of pieces it has is 572.
2026-04-22 17:16:26,527 - Peer 1006 has downloaded the piece 1283 from 1001. Now the number of pieces it has is 573.
2026-04-22 17:16:26,531 - Peer 1006 received the 'not interested' message from 1002.
2026-04-22 17:16:26,532 - Peer 1006 received the 'not interested' message from 1002.
2026-04-22 17:16:26,533 - Peer 1006 received the 'not interested' message from 1005.
2026-04-22 17:16:26,533 - Peer 1006 received the 'not interested' message from 1001.
2026-04-22 17:16:26,534 - Peer 1006 received the 'not interested' message from 1005.
2026-04-22 17:16:26,534 - Peer 1006 received the 'not interested' message from 1001.
2026-04-22 17:16:26,534 - Peer 1006 has downloaded the piece 71 from 1005. Now the number of pieces it has is 574.
2026-04-22 17:16:26,535 - Peer 1006 has downloaded the piece 1488 from 1001. Now the number of pieces it has is 575.
2026-04-22 17:16:26,537 - Peer 1006 received the 'not interested' message from 1002.
2026-04-22 17:16:26,537 - Peer 1006 received the 'not interested' message from 1002.
2026-04-22 17:16:26,539 - Peer 1006 received the 'not interested' message from 1001.
2026-04-22 17:16:26,539 - Peer 1006 received the 'not interested' message from 1004.
2026-04-22 17:16:26,539 - Peer 1006 received the 'not interested' message from 1003.
2026-04-22 17:16:26,539 - Peer 1006 received the 'not interested' message from 1001.
2026-04-22 17:16:26,541 - Peer 1006 received the 'not interested' message from 1003.
2026-04-22 17:16:26,540 - Peer 1006 received the 'not interested' message from 1004.
2026-04-22 17:16:26,540 - Peer 1006 received the 'not interested' message from 1005.
2026-04-22 17:16:26,546 - Peer 1006 received the 'not interested' message from 1003.
2026-04-22 17:16:26,546 - Peer 1006 received the 'not interested' message from 1004.
2026-04-22 17:16:26,546 - Peer 1006 received the 'not interested' message from 1003.
2026-04-22 17:16:26,548 - Peer 1006 received the 'not interested' message from 1005.
2026-04-22 17:16:26,548 - Peer 1006 has downloaded the piece 1524 from 1004. Now the number of pieces it has is 576.
2026-04-22 17:16:26,549 - Peer 1006 has downloaded the piece 490 from 1001. Now the number of pieces it has is 577.
2026-04-22 17:16:26,551 - Peer 1006 has downloaded the piece 1495 from 1003. Now the number of pieces it has is 578.
2026-04-22 17:16:26,556 - Peer 1006 received the 'not interested' message from 1002.
2026-04-22 17:16:26,557 - Peer 1006 received the 'not interested' message from 1003.
2026-04-22 17:16:26,557 - Peer 1006 received the 'not interested' message from 1004.
2026-04-22 17:16:26,574 - Peer 1006 has downloaded the piece 1568 from 1005. Now the number of pieces it has is 579.
2026-04-22 17:16:26,575 - Peer 1006 received the 'not interested' message from 1002.
2026-04-22 17:16:26,577 - Peer 1006 received the 'not interested' message from 1003.
2026-04-22 17:16:26,579 - Peer 1006 received the 'not interested' message from 1004.
2026-04-22 17:16:26,580 - Peer 1006 received the 'not interested' message from 1004.
2026-04-22 17:16:26,580 - Peer 1006 received the 'not interested' message from 1003.
2026-04-22 17:16:26,581 - Peer 1006 received the 'not interested' message from 1004.
2026-04-22 17:16:26,582 - Peer 1006 received the 'not interested' message from 1003.
2026-04-22 17:16:26,583 - Peer 1006 received the 'not interested' message from 1002.
2026-04-22 17:16:26,584 - Peer 1006 received the 'not interested' message from 1004.
2026-04-22 17:16:26,585 - Peer 1006 received the 'not interested' message from 1003.
2026-04-22 17:16:26,586 - Peer 1006 received the 'not interested' message from 1005.
2026-04-22 17:16:26,586 - Peer 1006 received the 'not interested' message from 1002.
2026-04-22 17:16:26,586 - Peer 1006 received the 'not interested' message from 1004.
2026-04-22 17:16:26,587 - Peer 1006 received the 'not interested' message from 1001.
2026-04-22 17:16:26,587 - Peer 1006 received the 'not interested' message from 1005.
2026-04-22 17:16:26,589 - Peer 1006 received the 'not interested' message from 1004.
2026-04-22 17:16:26,589 - Peer 1006 has downloaded the piece 1110 from 1003. Now the number of pieces it has is 580.
2026-04-22 17:16:26,589 - Peer 1006 received the 'not interested' message from 1001.
2026-04-22 17:16:26,589 - Peer 1006 received the 'not interested' message from 1005.
2026-04-22 17:16:26,591 - Peer 1006 received the 'not interested' message from 1001.
2026-04-22 17:16:26,591 - Peer 1006 has downloaded the piece 120 from 1004. Now the number of pieces it has is 581.
2026-04-22 17:16:26,593 - Peer 1006 received the 'not interested' message from 1002.
2026-04-22 17:16:26,598 - Peer 1006 received the 'not interested' message from 1003.
2026-04-22 17:16:26,601 - Peer 1006 has downloaded the piece 288 from 1005. Now the number of pieces it has is 582.
2026-04-22 17:16:26,602 - Peer 1006 received the 'not interested' message from 1001.
2026-04-22 17:16:26,604 - Peer 1006 received the 'not interested' message from 1004.
2026-04-22 17:16:26,608 - Peer 1006 received the 'not interested' message from 1002.
2026-04-22 17:16:26,608 - Peer 1006 received the 'not interested' message from 1003.
2026-04-22 17:16:26,609 - Peer 1006 received the 'not interested' message from 1003.
2026-04-22 17:16:26,611 - Peer 1006 has downloaded the piece 688 from 1001. Now the number of pieces it has is 583.
2026-04-22 17:16:26,611 - Peer 1006 received the 'not interested' message from 1004.
2026-04-22 17:16:26,613 - Peer 1006 received the 'not interested' message from 1003.
2026-04-22 17:16:26,614 - Peer 1006 received the 'not interested' message from 1002.
2026-04-22 17:16:26,616 - Peer 1006 received the 'not interested' message from 1002.
2026-04-22 17:16:26,616 - Peer 1006 received the 'not interested' message from 1005.
2026-04-22 17:16:26,617 - Peer 1006 received the 'not interested' message from 1001.
2026-04-22 17:16:26,617 - Peer 1006 received the 'not interested' message from 1005.
2026-04-22 17:16:26,617 - Peer 1006 received the 'not interested' message from 1001.
2026-04-22 17:16:26,617 - Peer 1006 received the 'not interested' message from 1005.
2026-04-22 17:16:26,617 - Peer 1006 received the 'not interested' message from 1001.
2026-04-22 17:16:26,617 - Peer 1006 received the 'not interested' message from 1005.
2026-04-22 17:16:26,617 - Peer 1006 received the 'not interested' message from 1001.
2026-04-22 17:16:26,617 - Peer 1006 received the 'not interested' message from 1005.
2026-04-22 17:16:26,619 - Peer 1006 has downloaded the piece 19 from 1001. Now the number of pieces it has is 584.
2026-04-22 17:16:26,620 - Peer 1006 has downloaded the piece 782 from 1005. Now the number of pieces it has is 585.
2026-04-22 17:16:26,621 - Peer 1006 received the 'not interested' message from 1004.
2026-04-22 17:16:26,621 - Peer 1006 received the 'not interested' message from 1002.
2026-04-22 17:16:26,622 - Peer 1006 received the 'not interested' message from 1004.
2026-04-22 17:16:26,622 - Peer 1006 has downloaded the piece 374 from 1003. Now the number of pieces it has is 586.
2026-04-22 17:16:26,624 - Peer 1006 has downloaded the piece 303 from 1004. Now the number of pieces it has is 587.
2026-04-22 17:16:26,624 - Peer 1006 received the 'not interested' message from 1002.
2026-04-22 17:16:26,625 - Peer 1006 received the 'not interested' message from 1001.
2026-04-22 17:16:26,625 - Peer 1006 received the 'not interested' message from 1002.
2026-04-22 17:16:26,627 - Peer 1006 received the 'not interested' message from 1001.
2026-04-22 17:16:26,629 - Peer 1006 received the 'not interested' message from 1002.
2026-04-22 17:16:26,629 - Peer 1006 received the 'not interested' message from 1005.
2026-04-22 17:16:26,630 - Peer 1006 received the 'not interested' message from 1001.
2026-04-22 17:16:26,630 - Peer 1006 received the 'not interested' message from 1005.
2026-04-22 17:16:26,630 - Peer 1006 received the 'not interested' message from 1001.
2026-04-22 17:16:26,631 - Peer 1006 received the 'not interested' message from 1005.
2026-04-22 17:16:26,631 - Peer 1006 received the 'not interested' message from 1005.
2026-04-22 17:16:26,633 - Peer 1006 received the 'not interested' message from 1003.
2026-04-22 17:16:26,633 - Peer 1006 has downloaded the piece 1479 from 1001. Now the number of pieces it has is 588.
2026-04-22 17:16:26,636 - Peer 1006 has downloaded the piece 1449 from 1005. Now the number of pieces it has is 589.
2026-04-22 17:16:26,639 - Peer 1006 received the 'not interested' message from 1002.
2026-04-22 17:16:26,643 - Peer 1006 received the 'not interested' message from 1005.
2026-04-22 17:16:26,643 - Peer 1006 received the 'not interested' message from 1001.
2026-04-22 17:16:26,643 - Peer 1006 received the 'not interested' message from 1002.
2026-04-22 17:16:26,645 - Peer 1006 received the 'not interested' message from 1001.
2026-04-22 17:16:26,645 - Peer 1006 received the 'not interested' message from 1005.
2026-04-22 17:16:26,645 - Peer 1006 has downloaded the piece 46 from 1001. Now the number of pieces it has is 590.
2026-04-22 17:16:26,646 - Peer 1006 has downloaded the piece 339 from 1005. Now the number of pieces it has is 591.
2026-04-22 17:16:26,647 - Peer 1006 received the 'not interested' message from 1002.
2026-04-22 17:16:26,648 - Peer 1006 received the 'not interested' message from 1003.
2026-04-22 17:16:26,649 - Peer 1006 received the 'not interested' message from 1002.
2026-04-22 17:16:26,651 - Peer 1006 received the 'not interested' message from 1003.
2026-04-22 17:16:26,651 - Peer 1006 received the 'not interested' message from 1005.
2026-04-22 17:16:26,651 - Peer 1006 received the 'not interested' message from 1001.
2026-04-22 17:16:26,651 - Peer 1006 received the 'not interested' message from 1003.
2026-04-22 17:16:26,651 - Peer 1006 received the 'not interested' message from 1005.
2026-04-22 17:16:26,652 - Peer 1006 received the 'not interested' message from 1001.
2026-04-22 17:16:26,652 - Peer 1006 received the 'not interested' message from 1003.
2026-04-22 17:16:26,653 - Peer 1006 received the 'not interested' message from 1003.
2026-04-22 17:16:26,653 - Peer 1006 received the 'not interested' message from 1003.
2026-04-22 17:16:26,653 - Peer 1006 has downloaded the piece 788 from 1005. Now the number of pieces it has is 592.
2026-04-22 17:16:26,654 - Peer 1006 has downloaded the piece 206 from 1001. Now the number of pieces it has is 593.
2026-04-22 17:16:26,655 - Peer 1006 has downloaded the piece 329 from 1003. Now the number of pieces it has is 594.
2026-04-22 17:16:26,657 - Peer 1006 received the 'not interested' message from 1002.
2026-04-22 17:16:26,660 - Peer 1006 received the 'not interested' message from 1002.
2026-04-22 17:16:26,661 - Peer 1006 received the 'not interested' message from 1003.
2026-04-22 17:16:26,662 - Peer 1006 received the 'not interested' message from 1005.
2026-04-22 17:16:26,662 - Peer 1006 received the 'not interested' message from 1001.
2026-04-22 17:16:26,662 - Peer 1006 received the 'not interested' message from 1003.
2026-04-22 17:16:26,662 - Peer 1006 received the 'not interested' message from 1005.
2026-04-22 17:16:26,663 - Peer 1006 received the 'not interested' message from 1001.
2026-04-22 17:16:26,663 - Peer 1006 received the 'not interested' message from 1003.
2026-04-22 17:16:26,663 - Peer 1006 received the 'not interested' message from 1005.
2026-04-22 17:16:26,664 - Peer 1006 received the 'not interested' message from 1003.
2026-04-22 17:16:26,664 - Peer 1006 has downloaded the piece 98 from 1005. Now the number of pieces it has is 595.
2026-04-22 17:16:26,666 - Peer 1006 received the 'not interested' message from 1005.
2026-04-22 17:16:26,666 - Peer 1006 received the 'not interested' message from 1001.
2026-04-22 17:16:26,666 - Peer 1006 has downloaded the piece 172 from 1005. Now the number of pieces it has is 596.
2026-04-22 17:16:26,666 - Peer 1006 received the 'not interested' message from 1003.
2026-04-22 17:16:26,667 - Peer 1006 has downloaded the piece 649 from 1001. Now the number of pieces it has is 597.
2026-04-22 17:16:26,670 - Peer 1006 received the 'not interested' message from 1005.
2026-04-22 17:16:26,671 - Peer 1006 received the 'not interested' message from 1005.
2026-04-22 17:16:26,671 - Peer 1006 received the 'not interested' message from 1001.
2026-04-22 17:16:26,671 - Peer 1006 received the 'not interested' message from 1002.
2026-04-22 17:16:26,672 - Peer 1006 received the 'not interested' message from 1001.
2026-04-22 17:16:26,673 - Peer 1006 received the 'not interested' message from 1003.
2026-04-22 17:16:26,673 - Peer 1006 received the 'not interested' message from 1001.
2026-04-22 17:16:26,673 - Peer 1006 has downloaded the piece 1097 from 1005. Now the number of pieces it has is 598.
2026-04-22 17:16:26,674 - Peer 1006 received the 'not interested' message from 1002.
2026-04-22 17:16:26,674 - Peer 1006 received the 'not interested' message from 1003.
2026-04-22 17:16:26,675 - Peer 1006 received the 'not interested' message from 1002.
2026-04-22 17:16:26,675 - Peer 1006 received the 'not interested' message from 1002.
2026-04-22 17:16:26,676 - Peer 1006 has downloaded the piece 174 from 1001. Now the number of pieces it has is 599.
2026-04-22 17:16:26,676 - Peer 1006 has downloaded the piece 556 from 1003. Now the number of pieces it has is 600.
2026-04-22 17:16:26,678 - Peer 1006 received the 'not interested' message from 1002.
2026-04-22 17:16:26,679 - Peer 1006 received the 'not interested' message from 1002.
2026-04-22 17:16:26,680 - Peer 1006 received the 'not interested' message from 1004.
2026-04-22 17:16:26,682 - Peer 1006 received the 'not interested' message from 1002.
2026-04-22 17:16:26,683 - Peer 1006 received the 'not interested' message from 1004.
2026-04-22 17:16:26,683 - Peer 1006 received the 'not interested' message from 1005.
2026-04-22 17:16:26,683 - Peer 1006 received the 'not interested' message from 1001.
2026-04-22 17:16:26,685 - Peer 1006 received the 'not interested' message from 1005.
2026-04-22 17:16:26,685 - Peer 1006 received the 'not interested' message from 1001.
2026-04-22 17:16:26,686 - Peer 1006 received the 'not interested' message from 1003.
2026-04-22 17:16:26,686 - Peer 1006 received the 'not interested' message from 1001.
2026-04-22 17:16:26,688 - Peer 1006 received the 'not interested' message from 1003.
2026-04-22 17:16:26,688 - Peer 1006 received the 'not interested' message from 1003.
2026-04-22 17:16:26,688 - Peer 1006 has downloaded the piece 1208 from 1005. Now the number of pieces it has is 601.
2026-04-22 17:16:26,688 - Peer 1006 received the 'not interested' message from 1004.
2026-04-22 17:16:26,695 - Peer 1006 received the 'not interested' message from 1003.
2026-04-22 17:16:26,695 - Peer 1006 received the 'not interested' message from 1004.
2026-04-22 17:16:26,695 - Peer 1006 received the 'not interested' message from 1003.
2026-04-22 17:16:26,695 - Peer 1006 received the 'not interested' message from 1004.
2026-04-22 17:16:26,696 - Peer 1006 received the 'not interested' message from 1003.
2026-04-22 17:16:26,696 - Peer 1006 received the 'not interested' message from 1004.
2026-04-22 17:16:26,735 - Peer 1006 has downloaded the piece 417 from 1001. Now the number of pieces it has is 602.
2026-04-22 17:16:26,736 - Peer 1006 has downloaded the piece 78 from 1003. Now the number of pieces it has is 603.
2026-04-22 17:16:26,736 - Peer 1006 received the 'not interested' message from 1002.
2026-04-22 17:16:26,736 - Peer 1006 has downloaded the piece 956 from 1004. Now the number of pieces it has is 604.
2026-04-22 17:16:26,737 - Peer 1006 received the 'not interested' message from 1002.
2026-04-22 17:16:26,739 - Peer 1006 received the 'not interested' message from 1002.
2026-04-22 17:16:26,740 - Peer 1006 received the 'not interested' message from 1002.
2026-04-22 17:16:26,740 - Peer 1006 received the 'not interested' message from 1001.
2026-04-22 17:16:26,741 - Peer 1006 received the 'not interested' message from 1005.
2026-04-22 17:16:26,742 - Peer 1006 received the 'not interested' message from 1004.
2026-04-22 17:16:26,742 - Peer 1006 received the 'not interested' message from 1001.
2026-04-22 17:16:26,742 - Peer 1006 received the 'not interested' message from 1005.
2026-04-22 17:16:26,743 - Peer 1006 received the 'not interested' message from 1004.
2026-04-22 17:16:26,743 - Peer 1006 received the 'not interested' message from 1001.
2026-04-22 17:16:26,743 - Peer 1006 received the 'not interested' message from 1005.
2026-04-22 17:16:26,744 - Peer 1006 received the 'not interested' message from 1004.
2026-04-22 17:16:26,744 - Peer 1006 received the 'not interested' message from 1001.
2026-04-22 17:16:26,744 - Peer 1006 received the 'not interested' message from 1005.
2026-04-22 17:16:26,745 - Peer 1006 received the 'not interested' message from 1004.
2026-04-22 17:16:26,745 - Peer 1006 received the 'not interested' message from 1004.
2026-04-22 17:16:26,745 - Peer 1006 received the 'not interested' message from 1004.
2026-04-22 17:16:26,746 - Peer 1006 received the 'not interested' message from 1004.
2026-04-22 17:16:26,746 - Peer 1006 has downloaded the piece 1189 from 1001. Now the number of pieces it has is 605.
2026-04-22 17:16:26,746 - Peer 1006 received the 'not interested' message from 1004.
2026-04-22 17:16:26,746 - Peer 1006 received the 'not interested' message from 1004.
2026-04-22 17:16:26,747 - Peer 1006 has downloaded the piece 1430 from 1005. Now the number of pieces it has is 606.
2026-04-22 17:16:26,747 - Peer 1006 received the 'not interested' message from 1004.
2026-04-22 17:16:26,747 - Peer 1006 received the 'not interested' message from 1003.
2026-04-22 17:16:26,749 - Peer 1006 received the 'not interested' message from 1004.
2026-04-22 17:16:26,750 - Peer 1006 received the 'not interested' message from 1004.
2026-04-22 17:16:26,750 - Peer 1006 received the 'not interested' message from 1002.
2026-04-22 17:16:26,752 - Peer 1006 received the 'not interested' message from 1002.
2026-04-22 17:16:26,753 - Peer 1006 received the 'not interested' message from 1004.
2026-04-22 17:16:26,754 - Peer 1006 received the 'not interested' message from 1005.
2026-04-22 17:16:26,754 - Peer 1006 received the 'not interested' message from 1004.
2026-04-22 17:16:26,754 - Peer 1006 received the 'not interested' message from 1001.
2026-04-22 17:16:26,754 - Peer 1006 received the 'not interested' message from 1005.
2026-04-22 17:16:26,755 - Peer 1006 received the 'not interested' message from 1001.
2026-04-22 17:16:26,755 - Peer 1006 received the 'not interested' message from 1005.
2026-04-22 17:16:26,756 - Peer 1006 has downloaded the piece 1503 from 1001. Now the number of pieces it has is 607.
2026-04-22 17:16:26,756 - Peer 1006 received the 'not interested' message from 1004.
2026-04-22 17:16:26,756 - Peer 1006 has downloaded the piece 1529 from 1005. Now the number of pieces it has is 608.
2026-04-22 17:16:26,756 - Peer 1006 received the 'not interested' message from 1003.
2026-04-22 17:16:26,757 - Peer 1006 received the 'not interested' message from 1002.
2026-04-22 17:16:26,760 - Peer 1006 received the 'not interested' message from 1002.
2026-04-22 17:16:26,761 - Peer 1006 received the 'not interested' message from 1001.
2026-04-22 17:16:26,761 - Peer 1006 received the 'not interested' message from 1005.
2026-04-22 17:16:26,761 - Peer 1006 received the 'not interested' message from 1001.
2026-04-22 17:16:26,762 - Peer 1006 received the 'not interested' message from 1005.
2026-04-22 17:16:26,763 - Peer 1006 has downloaded the piece 962 from 1001. Now the number of pieces it has is 609.
2026-04-22 17:16:26,763 - Peer 1006 has downloaded the piece 605 from 1005. Now the number of pieces it has is 610.
2026-04-22 17:16:26,765 - Peer 1006 received the 'not interested' message from 1003.
2026-04-22 17:16:26,766 - Peer 1006 received the 'not interested' message from 1004.
2026-04-22 17:16:26,767 - Peer 1006 received the 'not interested' message from 1003.
2026-04-22 17:16:26,768 - Peer 1006 received the 'not interested' message from 1002.
2026-04-22 17:16:26,768 - Peer 1006 received the 'not interested' message from 1004.
2026-04-22 17:16:26,768 - Peer 1006 received the 'not interested' message from 1001.
2026-04-22 17:16:26,769 - Peer 1006 received the 'not interested' message from 1002.
2026-04-22 17:16:26,769 - Peer 1006 received the 'not interested' message from 1001.
2026-04-22 17:16:26,769 - Peer 1006 has downloaded the piece 299 from 1003. Now the number of pieces it has is 611.
2026-04-22 17:16:26,771 - Peer 1006 has downloaded the piece 1388 from 1004. Now the number of pieces it has is 612.
2026-04-22 17:16:26,772 - Peer 1006 received the 'not interested' message from 1005.
2026-04-22 17:16:26,773 - Peer 1006 received the 'not interested' message from 1002.
2026-04-22 17:16:26,773 - Peer 1006 received the 'not interested' message from 1005.
2026-04-22 17:16:26,773 - Peer 1006 has downloaded the piece 1052 from 1001. Now the number of pieces it has is 613.
2026-04-22 17:16:26,775 - Peer 1006 received the 'not interested' message from 1002.
2026-04-22 17:16:26,776 - Peer 1006 has downloaded the piece 584 from 1005. Now the number of pieces it has is 614.
2026-04-22 17:16:26,778 - Peer 1006 received the 'not interested' message from 1004.
2026-04-22 17:16:26,778 - Peer 1006 received the 'not interested' message from 1002.
2026-04-22 17:16:26,779 - Peer 1006 received the 'not interested' message from 1004.
2026-04-22 17:16:26,779 - Peer 1006 received the 'not interested' message from 1003.
2026-04-22 17:16:26,781 - Peer 1006 received the 'not interested' message from 1002.
2026-04-22 17:16:26,782 - Peer 1006 received the 'not interested' message from 1001.
2026-04-22 17:16:26,782 - Peer 1006 received the 'not interested' message from 1004.
2026-04-22 17:16:26,783 - Peer 1006 received the 'not interested' message from 1003.
2026-04-22 17:16:26,783 - Peer 1006 received the 'not interested' message from 1005.
2026-04-22 17:16:26,783 - Peer 1006 received the 'not interested' message from 1004.
2026-04-22 17:16:26,783 - Peer 1006 received the 'not interested' message from 1001.
2026-04-22 17:16:26,783 - Peer 1006 received the 'not interested' message from 1003.
2026-04-22 17:16:26,784 - Peer 1006 received the 'not interested' message from 1005.
2026-04-22 17:16:26,785 - Peer 1006 received the 'not interested' message from 1001.
2026-04-22 17:16:26,785 - Peer 1006 received the 'not interested' message from 1003.
2026-04-22 17:16:26,785 - Peer 1006 received the 'not interested' message from 1004.
2026-04-22 17:16:26,785 - Peer 1006 received the 'not interested' message from 1001.
2026-04-22 17:16:26,786 - Peer 1006 received the 'not interested' message from 1005.
2026-04-22 17:16:26,786 - Peer 1006 received the 'not interested' message from 1003.
2026-04-22 17:16:26,787 - Peer 1006 received the 'not interested' message from 1005.
2026-04-22 17:16:26,787 - Peer 1006 received the 'not interested' message from 1003.
2026-04-22 17:16:26,787 - Peer 1006 has downloaded the piece 710 from 1001. Now the number of pieces it has is 615.
2026-04-22 17:16:26,789 - Peer 1006 has downloaded the piece 1060 from 1005. Now the number of pieces it has is 616.
2026-04-22 17:16:26,790 - Peer 1006 received the 'not interested' message from 1002.
2026-04-22 17:16:26,791 - Peer 1006 received the 'not interested' message from 1002.
2026-04-22 17:16:26,794 - Peer 1006 received the 'not interested' message from 1001.
2026-04-22 17:16:26,794 - Peer 1006 received the 'not interested' message from 1001.
2026-04-22 17:16:26,794 - Peer 1006 received the 'not interested' message from 1005.
2026-04-22 17:16:26,795 - Peer 1006 received the 'not interested' message from 1005.
2026-04-22 17:16:26,795 - Peer 1006 has downloaded the piece 1394 from 1001. Now the number of pieces it has is 617.
2026-04-22 17:16:26,797 - Peer 1006 has downloaded the piece 199 from 1005. Now the number of pieces it has is 618.
2026-04-22 17:16:26,798 - Peer 1006 received the 'not interested' message from 1002.
2026-04-22 17:16:26,800 - Peer 1006 received the 'not interested' message from 1002.
2026-04-22 17:16:26,801 - Peer 1006 received the 'not interested' message from 1001.
2026-04-22 17:16:26,801 - Peer 1006 is unchoked by 1002.
2026-04-22 17:16:26,801 - Peer 1006 received the 'not interested' message from 1005.
2026-04-22 17:16:26,801 - Peer 1006 received the 'not interested' message from 1001.
2026-04-22 17:16:26,802 - Peer 1006 received the 'not interested' message from 1004.
2026-04-22 17:16:26,802 - Peer 1006 received the 'not interested' message from 1003.
2026-04-22 17:16:26,803 - Peer 1006 received the 'not interested' message from 1005.
2026-04-22 17:16:26,803 - Peer 1006 received the 'not interested' message from 1004.
2026-04-22 17:16:26,804 - Peer 1006 has downloaded the piece 1489 from 1002. Now the number of pieces it has is 619.
2026-04-22 17:16:26,804 - Peer 1006 received the 'not interested' message from 1003.
2026-04-22 17:16:26,804 - Peer 1006 received the 'not interested' message from 1004.
2026-04-22 17:16:26,804 - Peer 1006 received the 'not interested' message from 1003.
2026-04-22 17:16:26,806 - Peer 1006 has downloaded the piece 637 from 1001. Now the number of pieces it has is 620.
2026-04-22 17:16:26,808 - Peer 1006 has downloaded the piece 604 from 1003. Now the number of pieces it has is 621.
2026-04-22 17:16:26,808 - Peer 1006 has downloaded the piece 74 from 1004. Now the number of pieces it has is 622.
2026-04-22 17:16:26,809 - Peer 1006 has downloaded the piece 76 from 1005. Now the number of pieces it has is 623.
2026-04-22 17:16:26,816 - Peer 1006 received the 'not interested' message from 1003.
2026-04-22 17:16:26,816 - Peer 1006 received the 'not interested' message from 1001.
2026-04-22 17:16:26,817 - Peer 1006 received the 'not interested' message from 1002.
2026-04-22 17:16:26,818 - Peer 1006 received the 'not interested' message from 1004.
2026-04-22 17:16:26,818 - Peer 1006 received the 'not interested' message from 1001.
2026-04-22 17:16:26,818 - Peer 1006 received the 'not interested' message from 1005.
2026-04-22 17:16:26,818 - Peer 1006 received the 'not interested' message from 1002.
2026-04-22 17:16:26,818 - Peer 1006 received the 'not interested' message from 1004.
2026-04-22 17:16:26,818 - Peer 1006 received the 'not interested' message from 1001.
2026-04-22 17:16:26,818 - Peer 1006 received the 'not interested' message from 1005.
2026-04-22 17:16:26,820 - Peer 1006 received the 'not interested' message from 1004.
2026-04-22 17:16:26,820 - Peer 1006 received the 'not interested' message from 1001.
2026-04-22 17:16:26,820 - Peer 1006 received the 'not interested' message from 1002.
2026-04-22 17:16:26,820 - Peer 1006 received the 'not interested' message from 1005.
2026-04-22 17:16:26,820 - Peer 1006 received the 'not interested' message from 1004.
2026-04-22 17:16:26,820 - Peer 1006 received the 'not interested' message from 1001.
2026-04-22 17:16:26,821 - Peer 1006 received the 'not interested' message from 1002.
2026-04-22 17:16:26,821 - Peer 1006 received the 'not interested' message from 1005.
2026-04-22 17:16:26,821 - Peer 1006 received the 'not interested' message from 1002.
2026-04-22 17:16:26,821 - Peer 1006 received the 'not interested' message from 1005.
2026-04-22 17:16:26,823 - Peer 1006 received the 'not interested' message from 1004.
2026-04-22 17:16:26,823 - Peer 1006 has downloaded the piece 835 from 1001. Now the number of pieces it has is 624.
2026-04-22 17:16:26,823 - Peer 1006 received the 'not interested' message from 1004.
2026-04-22 17:16:26,823 - Peer 1006 has downloaded the piece 1484 from 1002. Now the number of pieces it has is 625.
2026-04-22 17:16:26,825 - Peer 1006 has downloaded the piece 201 from 1005. Now the number of pieces it has is 626.
2026-04-22 17:16:26,828 - Peer 1006 received the 'not interested' message from 1004.
2026-04-22 17:16:26,828 - Peer 1006 received the 'not interested' message from 1001.
2026-04-22 17:16:26,829 - Peer 1006 received the 'not interested' message from 1002.
2026-04-22 17:16:26,829 - Peer 1006 received the 'not interested' message from 1001.
2026-04-22 17:16:26,830 - Peer 1006 received the 'not interested' message from 1005.
2026-04-22 17:16:26,830 - Peer 1006 received the 'not interested' message from 1001.
2026-04-22 17:16:26,830 - Peer 1006 received the 'not interested' message from 1002.
2026-04-22 17:16:26,831 - Peer 1006 received the 'not interested' message from 1005.
2026-04-22 17:16:26,831 - Peer 1006 received the 'not interested' message from 1002.
2026-04-22 17:16:26,831 - Peer 1006 received the 'not interested' message from 1005.
2026-04-22 17:16:26,832 - Peer 1006 has downloaded the piece 32 from 1001. Now the number of pieces it has is 627.
2026-04-22 17:16:26,832 - Peer 1006 has downloaded the piece 1246 from 1002. Now the number of pieces it has is 628.
2026-04-22 17:16:26,832 - Peer 1006 received the 'not interested' message from 1004.
2026-04-22 17:16:26,833 - Peer 1006 received the 'not interested' message from 1004.
2026-04-22 17:16:26,833 - Peer 1006 received the 'not interested' message from 1004.
2026-04-22 17:16:26,833 - Peer 1006 has downloaded the piece 1058 from 1005. Now the number of pieces it has is 629.
2026-04-22 17:16:26,833 - Peer 1006 received the 'not interested' message from 1004.
2026-04-22 17:16:26,838 - Peer 1006 has downloaded the piece 520 from 1004. Now the number of pieces it has is 630.
2026-04-22 17:16:26,840 - Peer 1006 received the 'not interested' message from 1001.
2026-04-22 17:16:26,841 - Peer 1006 received the 'not interested' message from 1002.
2026-04-22 17:16:26,841 - Peer 1006 received the 'not interested' message from 1005.
2026-04-22 17:16:26,841 - Peer 1006 received the 'not interested' message from 1001.
2026-04-22 17:16:26,843 - Peer 1006 received the 'not interested' message from 1002.
2026-04-22 17:16:26,844 - Peer 1006 received the 'not interested' message from 1005.
2026-04-22 17:16:26,845 - Peer 1006 received the 'not interested' message from 1001.
2026-04-22 17:16:26,845 - Peer 1006 received the 'not interested' message from 1004.
2026-04-22 17:16:26,845 - Peer 1006 received the 'not interested' message from 1002.
2026-04-22 17:16:26,845 - Peer 1006 received the 'not interested' message from 1005.
2026-04-22 17:16:26,845 - Peer 1006 received the 'not interested' message from 1001.
2026-04-22 17:16:26,845 - Peer 1006 received the 'not interested' message from 1002.
2026-04-22 17:16:26,847 - Peer 1006 has downloaded the piece 890 from 1005. Now the number of pieces it has is 631.
2026-04-22 17:16:26,847 - Peer 1006 received the 'not interested' message from 1004.
2026-04-22 17:16:26,849 - Peer 1006 received the 'not interested' message from 1004.
2026-04-22 17:16:26,847 - Peer 1006 has downloaded the piece 989 from 1001. Now the number of pieces it has is 632.
2026-04-22 17:16:26,849 - Peer 1006 has downloaded the piece 1266 from 1002. Now the number of pieces it has is 633.
2026-04-22 17:16:26,853 - Peer 1006 received the 'not interested' message from 1001.
2026-04-22 17:16:26,853 - Peer 1006 received the 'not interested' message from 1005.
2026-04-22 17:16:26,853 - Peer 1006 received the 'not interested' message from 1004.
2026-04-22 17:16:26,855 - Peer 1006 received the 'not interested' message from 1002.
2026-04-22 17:16:26,855 - Peer 1006 received the 'not interested' message from 1005.
2026-04-22 17:16:26,855 - Peer 1006 received the 'not interested' message from 1001.
2026-04-22 17:16:26,855 - Peer 1006 received the 'not interested' message from 1004.
2026-04-22 17:16:26,855 - Peer 1006 received the 'not interested' message from 1002.
2026-04-22 17:16:26,855 - Peer 1006 received the 'not interested' message from 1005.
2026-04-22 17:16:26,857 - Peer 1006 received the 'not interested' message from 1001.
2026-04-22 17:16:26,857 - Peer 1006 received the 'not interested' message from 1004.
2026-04-22 17:16:26,857 - Peer 1006 received the 'not interested' message from 1002.
2026-04-22 17:16:26,857 - Peer 1006 received the 'not interested' message from 1005.
2026-04-22 17:16:26,858 - Peer 1006 received the 'not interested' message from 1004.
2026-04-22 17:16:26,858 - Peer 1006 has downloaded the piece 113 from 1001. Now the number of pieces it has is 634.
2026-04-22 17:16:26,859 - Peer 1006 has downloaded the piece 1405 from 1005. Now the number of pieces it has is 635.
2026-04-22 17:16:26,860 - Peer 1006 has downloaded the piece 352 from 1002. Now the number of pieces it has is 636.
2026-04-22 17:16:26,860 - Peer 1006 has downloaded the piece 1112 from 1004. Now the number of pieces it has is 637.
2026-04-22 17:16:26,863 - Peer 1006 received the 'not interested' message from 1003.
2026-04-22 17:16:26,865 - Peer 1006 received the 'not interested' message from 1003.
2026-04-22 17:16:26,866 - Peer 1006 received the 'not interested' message from 1003.
2026-04-22 17:16:26,866 - Peer 1006 received the 'not interested' message from 1005.
2026-04-22 17:16:26,866 - Peer 1006 received the 'not interested' message from 1004.
2026-04-22 17:16:26,867 - Peer 1006 received the 'not interested' message from 1003.
2026-04-22 17:16:26,867 - Peer 1006 received the 'not interested' message from 1004.
2026-04-22 17:16:26,867 - Peer 1006 received the 'not interested' message from 1005.
2026-04-22 17:16:26,867 - Peer 1006 received the 'not interested' message from 1002.
2026-04-22 17:16:26,867 - Peer 1006 received the 'not interested' message from 1001.
2026-04-22 17:16:26,869 - Peer 1006 received the 'not interested' message from 1003.
2026-04-22 17:16:26,869 - Peer 1006 received the 'not interested' message from 1004.
2026-04-22 17:16:26,869 - Peer 1006 received the 'not interested' message from 1005.
2026-04-22 17:16:26,869 - Peer 1006 received the 'not interested' message from 1002.
2026-04-22 17:16:26,869 - Peer 1006 received the 'not interested' message from 1001.
2026-04-22 17:16:26,869 - Peer 1006 received the 'not interested' message from 1004.
2026-04-22 17:16:26,870 - Peer 1006 received the 'not interested' message from 1005.
2026-04-22 17:16:26,871 - Peer 1006 received the 'not interested' message from 1002.
2026-04-22 17:16:26,871 - Peer 1006 received the 'not interested' message from 1001.
2026-04-22 17:16:26,871 - Peer 1006 received the 'not interested' message from 1002.
2026-04-22 17:16:26,871 - Peer 1006 received the 'not interested' message from 1001.
2026-04-22 17:16:26,872 - Peer 1006 has downloaded the piece 390 from 1005. Now the number of pieces it has is 638.
2026-04-22 17:16:26,873 - Peer 1006 received the 'not interested' message from 1003.
2026-04-22 17:16:26,873 - Peer 1006 has downloaded the piece 967 from 1002. Now the number of pieces it has is 639.
2026-04-22 17:16:26,874 - Peer 1006 received the 'not interested' message from 1004.
2026-04-22 17:16:26,874 - Peer 1006 received the 'not interested' message from 1003.
2026-04-22 17:16:26,875 - Peer 1006 has downloaded the piece 26 from 1001. Now the number of pieces it has is 640.
2026-04-22 17:16:26,876 - Peer 1006 received the 'not interested' message from 1003.
2026-04-22 17:16:26,879 - Peer 1006 received the 'not interested' message from 1003.
2026-04-22 17:16:26,879 - Peer 1006 received the 'not interested' message from 1004.
2026-04-22 17:16:26,880 - Peer 1006 received the 'not interested' message from 1005.
2026-04-22 17:16:26,881 - Peer 1006 received the 'not interested' message from 1002.
2026-04-22 17:16:26,881 - Peer 1006 received the 'not interested' message from 1005.
2026-04-22 17:16:26,881 - Peer 1006 received the 'not interested' message from 1002.
2026-04-22 17:16:26,882 - Peer 1006 received the 'not interested' message from 1002.
2026-04-22 17:16:26,882 - Peer 1006 has downloaded the piece 323 from 1003. Now the number of pieces it has is 641.
2026-04-22 17:16:26,883 - Peer 1006 has downloaded the piece 1468 from 1004. Now the number of pieces it has is 642.
2026-04-22 17:16:26,884 - Peer 1006 has downloaded the piece 1032 from 1005. Now the number of pieces it has is 643.
2026-04-22 17:16:26,885 - Peer 1006 has downloaded the piece 912 from 1002. Now the number of pieces it has is 644.
2026-04-22 17:16:26,887 - Peer 1006 received the 'not interested' message from 1001.
2026-04-22 17:16:26,889 - Peer 1006 received the 'not interested' message from 1001.
2026-04-22 17:16:26,891 - Peer 1006 received the 'not interested' message from 1003.
2026-04-22 17:16:26,892 - Peer 1006 received the 'not interested' message from 1005.
2026-04-22 17:16:26,892 - Peer 1006 received the 'not interested' message from 1001.
2026-04-22 17:16:26,892 - Peer 1006 received the 'not interested' message from 1002.
2026-04-22 17:16:26,893 - Peer 1006 received the 'not interested' message from 1004.
2026-04-22 17:16:26,893 - Peer 1006 received the 'not interested' message from 1003.
2026-04-22 17:16:26,893 - Peer 1006 received the 'not interested' message from 1005.
2026-04-22 17:16:26,893 - Peer 1006 received the 'not interested' message from 1001.
2026-04-22 17:16:26,893 - Peer 1006 received the 'not interested' message from 1002.
2026-04-22 17:16:26,894 - Peer 1006 received the 'not interested' message from 1004.
2026-04-22 17:16:26,894 - Peer 1006 received the 'not interested' message from 1003.
2026-04-22 17:16:26,894 - Peer 1006 received the 'not interested' message from 1005.
2026-04-22 17:16:26,894 - Peer 1006 received the 'not interested' message from 1001.
2026-04-22 17:16:26,895 - Peer 1006 received the 'not interested' message from 1002.
2026-04-22 17:16:26,895 - Peer 1006 received the 'not interested' message from 1003.
2026-04-22 17:16:26,895 - Peer 1006 received the 'not interested' message from 1005.
2026-04-22 17:16:26,896 - Peer 1006 received the 'not interested' message from 1001.
2026-04-22 17:16:26,896 - Peer 1006 received the 'not interested' message from 1002.
2026-04-22 17:16:26,896 - Peer 1006 received the 'not interested' message from 1003.
2026-04-22 17:16:26,896 - Peer 1006 received the 'not interested' message from 1005.
2026-04-22 17:16:26,896 - Peer 1006 received the 'not interested' message from 1001.
2026-04-22 17:16:26,897 - Peer 1006 received the 'not interested' message from 1003.
2026-04-22 17:16:26,898 - Peer 1006 has downloaded the piece 843 from 1002. Now the number of pieces it has is 645.
2026-04-22 17:16:26,898 - Peer 1006 received the 'not interested' message from 1003.
2026-04-22 17:16:26,899 - Peer 1006 received the 'not interested' message from 1003.
2026-04-22 17:16:26,899 - Peer 1006 has downloaded the piece 1538 from 1001. Now the number of pieces it has is 646.
2026-04-22 17:16:26,900 - Peer 1006 received the 'not interested' message from 1003.
2026-04-22 17:16:26,901 - Peer 1006 received the 'not interested' message from 1003.
2026-04-22 17:16:26,902 - Peer 1006 received the 'not interested' message from 1003.
2026-04-22 17:16:26,903 - Peer 1006 received the 'not interested' message from 1002.
2026-04-22 17:16:26,903 - Peer 1006 received the 'not interested' message from 1001.
2026-04-22 17:16:26,903 - Peer 1006 received the 'not interested' message from 1003.
2026-04-22 17:16:26,904 - Peer 1006 received the 'not interested' message from 1002.
2026-04-22 17:16:26,904 - Peer 1006 received the 'not interested' message from 1001.
2026-04-22 17:16:26,904 - Peer 1006 received the 'not interested' message from 1003.
2026-04-22 17:16:26,905 - Peer 1006 has downloaded the piece 1005 from 1005. Now the number of pieces it has is 647.
2026-04-22 17:16:26,905 - Peer 1006 received the 'not interested' message from 1003.
2026-04-22 17:16:26,905 - Peer 1006 received the 'not interested' message from 1003.
2026-04-22 17:16:26,907 - Peer 1006 received the 'not interested' message from 1003.
2026-04-22 17:16:26,907 - Peer 1006 has downloaded the piece 212 from 1001. Now the number of pieces it has is 648.
2026-04-22 17:16:26,908 - Peer 1006 has downloaded the piece 1056 from 1002. Now the number of pieces it has is 649.
2026-04-22 17:16:26,908 - Peer 1006 received the 'not interested' message from 1004.
2026-04-22 17:16:26,908 - Peer 1006 received the 'not interested' message from 1003.
2026-04-22 17:16:26,911 - Peer 1006 received the 'not interested' message from 1004.
2026-04-22 17:16:26,911 - Peer 1006 received the 'not interested' message from 1003.
2026-04-22 17:16:26,912 - Peer 1006 received the 'not interested' message from 1004.
2026-04-22 17:16:26,912 - Peer 1006 received the 'not interested' message from 1003.
2026-04-22 17:16:26,913 - Peer 1006 received the 'not interested' message from 1004.
2026-04-22 17:16:26,914 - Peer 1006 received the 'not interested' message from 1005.
2026-04-22 17:16:26,914 - Peer 1006 received the 'not interested' message from 1002.
2026-04-22 17:16:26,914 - Peer 1006 received the 'not interested' message from 1004.
2026-04-22 17:16:26,915 - Peer 1006 received the 'not interested' message from 1005.
2026-04-22 17:16:26,915 - Peer 1006 received the 'not interested' message from 1001.
2026-04-22 17:16:26,915 - Peer 1006 received the 'not interested' message from 1003.
2026-04-22 17:16:26,915 - Peer 1006 received the 'not interested' message from 1002.
2026-04-22 17:16:26,916 - Peer 1006 received the 'not interested' message from 1004.
2026-04-22 17:16:26,916 - Peer 1006 received the 'not interested' message from 1005.
2026-04-22 17:16:26,917 - Peer 1006 received the 'not interested' message from 1001.
2026-04-22 17:16:26,917 - Peer 1006 received the 'not interested' message from 1003.
2026-04-22 17:16:26,917 - Peer 1006 received the 'not interested' message from 1002.
2026-04-22 17:16:26,917 - Peer 1006 received the 'not interested' message from 1005.
2026-04-22 17:16:26,917 - Peer 1006 received the 'not interested' message from 1001.
2026-04-22 17:16:26,919 - Peer 1006 has downloaded the piece 926 from 1004. Now the number of pieces it has is 650.
2026-04-22 17:16:26,920 - Peer 1006 received the 'not interested' message from 1005.
2026-04-22 17:16:26,921 - Peer 1006 has downloaded the piece 162 from 1003. Now the number of pieces it has is 651.
2026-04-22 17:16:26,922 - Peer 1006 has downloaded the piece 351 from 1002. Now the number of pieces it has is 652.
2026-04-22 17:16:26,924 - Peer 1006 has downloaded the piece 944 from 1005. Now the number of pieces it has is 653.
2026-04-22 17:16:26,926 - Peer 1006 has downloaded the piece 1039 from 1001. Now the number of pieces it has is 654.
2026-04-22 17:16:26,931 - Peer 1006 received the 'not interested' message from 1004.
2026-04-22 17:16:26,932 - Peer 1006 received the 'not interested' message from 1003.
2026-04-22 17:16:26,933 - Peer 1006 received the 'not interested' message from 1002.
2026-04-22 17:16:26,934 - Peer 1006 received the 'not interested' message from 1004.
2026-04-22 17:16:26,934 - Peer 1006 received the 'not interested' message from 1005.
2026-04-22 17:16:26,935 - Peer 1006 received the 'not interested' message from 1003.
2026-04-22 17:16:26,935 - Peer 1006 received the 'not interested' message from 1002.
2026-04-22 17:16:26,936 - Peer 1006 received the 'not interested' message from 1001.
2026-04-22 17:16:26,936 - Peer 1006 received the 'not interested' message from 1005.
2026-04-22 17:16:26,936 - Peer 1006 received the 'not interested' message from 1003.
2026-04-22 17:16:26,936 - Peer 1006 received the 'not interested' message from 1002.
2026-04-22 17:16:26,936 - Peer 1006 received the 'not interested' message from 1004.
2026-04-22 17:16:26,936 - Peer 1006 received the 'not interested' message from 1001.
2026-04-22 17:16:26,937 - Peer 1006 received the 'not interested' message from 1005.
2026-04-22 17:16:26,937 - Peer 1006 received the 'not interested' message from 1003.
2026-04-22 17:16:26,937 - Peer 1006 received the 'not interested' message from 1002.
2026-04-22 17:16:26,937 - Peer 1006 received the 'not interested' message from 1004.
2026-04-22 17:16:26,938 - Peer 1006 received the 'not interested' message from 1001.
2026-04-22 17:16:26,938 - Peer 1006 received the 'not interested' message from 1005.
2026-04-22 17:16:26,939 - Peer 1006 received the 'not interested' message from 1003.
2026-04-22 17:16:26,939 - Peer 1006 received the 'not interested' message from 1002.
2026-04-22 17:16:26,939 - Peer 1006 received the 'not interested' message from 1004.
2026-04-22 17:16:26,939 - Peer 1006 received the 'not interested' message from 1001.
2026-04-22 17:16:26,941 - Peer 1006 received the 'not interested' message from 1001.
2026-04-22 17:16:26,941 - Peer 1006 has downloaded the piece 836 from 1005. Now the number of pieces it has is 655.
2026-04-22 17:16:26,941 - Peer 1006 has downloaded the piece 586 from 1002. Now the number of pieces it has is 656.
2026-04-22 17:16:26,942 - Peer 1006 has downloaded the piece 1174 from 1001. Now the number of pieces it has is 657.
2026-04-22 17:16:26,943 - Peer 1006 received the 'not interested' message from 1003.
2026-04-22 17:16:26,943 - Peer 1006 received the 'not interested' message from 1004.
2026-04-22 17:16:26,946 - Peer 1006 received the 'not interested' message from 1002.
2026-04-22 17:16:26,947 - Peer 1006 received the 'not interested' message from 1005.
2026-04-22 17:16:26,947 - Peer 1006 received the 'not interested' message from 1002.
2026-04-22 17:16:26,947 - Peer 1006 received the 'not interested' message from 1005.
2026-04-22 17:16:26,947 - Peer 1006 received the 'not interested' message from 1001.
2026-04-22 17:16:26,949 - Peer 1006 received the 'not interested' message from 1002.
2026-04-22 17:16:26,949 - Peer 1006 received the 'not interested' message from 1005.
2026-04-22 17:16:26,949 - Peer 1006 received the 'not interested' message from 1001.
2026-04-22 17:16:26,949 - Peer 1006 received the 'not interested' message from 1001.
2026-04-22 17:16:26,950 - Peer 1006 received the 'not interested' message from 1004.
2026-04-22 17:16:26,950 - Peer 1006 received the 'not interested' message from 1003.
2026-04-22 17:16:26,950 - Peer 1006 has downloaded the piece 774 from 1005. Now the number of pieces it has is 658.
2026-04-22 17:16:26,951 - Peer 1006 received the 'not interested' message from 1004.
2026-04-22 17:16:26,952 - Peer 1006 has downloaded the piece 160 from 1002. Now the number of pieces it has is 659.
2026-04-22 17:16:26,953 - Peer 1006 received the 'not interested' message from 1003.
2026-04-22 17:16:26,954 - Peer 1006 received the 'not interested' message from 1003.
2026-04-22 17:16:26,955 - Peer 1006 has downloaded the piece 665 from 1001. Now the number of pieces it has is 660.
2026-04-22 17:16:26,956 - Peer 1006 has downloaded the piece 1373 from 1004. Now the number of pieces it has is 661.
2026-04-22 17:16:26,957 - Peer 1006 has downloaded the piece 227 from 1003. Now the number of pieces it has is 662.
2026-04-22 17:16:26,964 - Peer 1006 received the 'not interested' message from 1005.
2026-04-22 17:16:26,966 - Peer 1006 received the 'not interested' message from 1005.
2026-04-22 17:16:26,966 - Peer 1006 received the 'not interested' message from 1003.
2026-04-22 17:16:26,966 - Peer 1006 received the 'not interested' message from 1002.
2026-04-22 17:16:26,968 - Peer 1006 received the 'not interested' message from 1004.
2026-04-22 17:16:26,968 - Peer 1006 received the 'not interested' message from 1005.
2026-04-22 17:16:26,968 - Peer 1006 received the 'not interested' message from 1003.
2026-04-22 17:16:26,968 - Peer 1006 received the 'not interested' message from 1001.
2026-04-22 17:16:26,968 - Peer 1006 received the 'not interested' message from 1002.
2026-04-22 17:16:26,969 - Peer 1006 received the 'not interested' message from 1004.
2026-04-22 17:16:26,969 - Peer 1006 received the 'not interested' message from 1005.
2026-04-22 17:16:26,969 - Peer 1006 received the 'not interested' message from 1003.
2026-04-22 17:16:26,969 - Peer 1006 received the 'not interested' message from 1001.
2026-04-22 17:16:26,969 - Peer 1006 received the 'not interested' message from 1002.
2026-04-22 17:16:26,971 - Peer 1006 received the 'not interested' message from 1005.
2026-04-22 17:16:26,971 - Peer 1006 received the 'not interested' message from 1003.
2026-04-22 17:16:26,971 - Peer 1006 received the 'not interested' message from 1001.
2026-04-22 17:16:26,971 - Peer 1006 received the 'not interested' message from 1002.
2026-04-22 17:16:26,971 - Peer 1006 received the 'not interested' message from 1001.
2026-04-22 17:16:26,971 - Peer 1006 received the 'not interested' message from 1003.
2026-04-22 17:16:26,972 - Peer 1006 received the 'not interested' message from 1005.
2026-04-22 17:16:26,972 - Peer 1006 received the 'not interested' message from 1002.
2026-04-22 17:16:26,972 - Peer 1006 received the 'not interested' message from 1001.
2026-04-22 17:16:26,972 - Peer 1006 received the 'not interested' message from 1003.
2026-04-22 17:16:26,973 - Peer 1006 received the 'not interested' message from 1003.
2026-04-22 17:16:26,974 - Peer 1006 has downloaded the piece 617 from 1005. Now the number of pieces it has is 663.
2026-04-22 17:16:26,974 - Peer 1006 received the 'not interested' message from 1003.
2026-04-22 17:16:26,974 - Peer 1006 received the 'not interested' message from 1003.
2026-04-22 17:16:26,975 - Peer 1006 has downloaded the piece 1510 from 1001. Now the number of pieces it has is 664.
2026-04-22 17:16:26,975 - Peer 1006 has downloaded the piece 464 from 1002. Now the number of pieces it has is 665.
2026-04-22 17:16:26,976 - Peer 1006 has downloaded the piece 1138 from 1003. Now the number of pieces it has is 666.
2026-04-22 17:16:26,982 - Peer 1006 received the 'not interested' message from 1001.
2026-04-22 17:16:26,984 - Peer 1006 received the 'not interested' message from 1001.
2026-04-22 17:16:26,984 - Peer 1006 received the 'not interested' message from 1003.
2026-04-22 17:16:26,984 - Peer 1006 received the 'not interested' message from 1002.
2026-04-22 17:16:26,984 - Peer 1006 received the 'not interested' message from 1005.
2026-04-22 17:16:26,984 - Peer 1006 received the 'not interested' message from 1001.
2026-04-22 17:16:26,985 - Peer 1006 received the 'not interested' message from 1002.
2026-04-22 17:16:26,985 - Peer 1006 received the 'not interested' message from 1005.
2026-04-22 17:16:26,985 - Peer 1006 received the 'not interested' message from 1001.
2026-04-22 17:16:26,985 - Peer 1006 received the 'not interested' message from 1002.
2026-04-22 17:16:26,986 - Peer 1006 received the 'not interested' message from 1005.
2026-04-22 17:16:26,986 - Peer 1006 received the 'not interested' message from 1002.
2026-04-22 17:16:26,986 - Peer 1006 received the 'not interested' message from 1005.
2026-04-22 17:16:26,986 - Peer 1006 has downloaded the piece 1270 from 1001. Now the number of pieces it has is 667.
2026-04-22 17:16:26,987 - Peer 1006 has downloaded the piece 1047 from 1002. Now the number of pieces it has is 668.
2026-04-22 17:16:26,987 - Peer 1006 has downloaded the piece 1575 from 1005. Now the number of pieces it has is 669.
2026-04-22 17:16:26,992 - Peer 1006 received the 'not interested' message from 1003.
2026-04-22 17:16:26,993 - Peer 1006 received the 'not interested' message from 1001.
2026-04-22 17:16:26,994 - Peer 1006 received the 'not interested' message from 1002.
2026-04-22 17:16:26,995 - Peer 1006 received the 'not interested' message from 1001.
2026-04-22 17:16:26,995 - Peer 1006 received the 'not interested' message from 1005.
2026-04-22 17:16:26,995 - Peer 1006 received the 'not interested' message from 1001.
2026-04-22 17:16:26,995 - Peer 1006 received the 'not interested' message from 1002.
2026-04-22 17:16:26,995 - Peer 1006 received the 'not interested' message from 1005.
2026-04-22 17:16:26,996 - Peer 1006 received the 'not interested' message from 1003.
2026-04-22 17:16:26,996 - Peer 1006 received the 'not interested' message from 1002.
2026-04-22 17:16:26,996 - Peer 1006 received the 'not interested' message from 1005.
2026-04-22 17:16:26,996 - Peer 1006 received the 'not interested' message from 1003.
2026-04-22 17:16:26,996 - Peer 1006 has downloaded the piece 1225 from 1001. Now the number of pieces it has is 670.
2026-04-22 17:16:26,997 - Peer 1006 has downloaded the piece 1292 from 1002. Now the number of pieces it has is 671.
2026-04-22 17:16:26,997 - Peer 1006 has downloaded the piece 572 from 1005. Now the number of pieces it has is 672.
2026-04-22 17:16:27,001 - Peer 1006 has downloaded the piece 646 from 1003. Now the number of pieces it has is 673.
2026-04-22 17:16:27,006 - Peer 1006 received the 'not interested' message from 1003.
2026-04-22 17:16:27,007 - Peer 1006 received the 'not interested' message from 1003.
2026-04-22 17:16:27,007 - Peer 1006 received the 'not interested' message from 1001.
2026-04-22 17:16:27,008 - Peer 1006 received the 'not interested' message from 1003.
2026-04-22 17:16:27,008 - Peer 1006 received the 'not interested' message from 1005.
2026-04-22 17:16:27,008 - Peer 1006 received the 'not interested' message from 1001.
2026-04-22 17:16:27,008 - Peer 1006 received the 'not interested' message from 1002.
2026-04-22 17:16:27,009 - Peer 1006 received the 'not interested' message from 1005.
2026-04-22 17:16:27,009 - Peer 1006 received the 'not interested' message from 1001.
2026-04-22 17:16:27,010 - Peer 1006 received the 'not interested' message from 1002.
2026-04-22 17:16:27,010 - Peer 1006 received the 'not interested' message from 1005.
2026-04-22 17:16:27,010 - Peer 1006 received the 'not interested' message from 1001.
2026-04-22 17:16:27,011 - Peer 1006 received the 'not interested' message from 1002.
2026-04-22 17:16:27,011 - Peer 1006 received the 'not interested' message from 1005.
2026-04-22 17:16:27,012 - Peer 1006 received the 'not interested' message from 1002.
2026-04-22 17:16:27,012 - Peer 1006 has downloaded the piece 1592 from 1001. Now the number of pieces it has is 674.
2026-04-22 17:16:27,013 - Peer 1006 has downloaded the piece 737 from 1005. Now the number of pieces it has is 675.
2026-04-22 17:16:27,014 - Peer 1006 has downloaded the piece 278 from 1002. Now the number of pieces it has is 676.
2026-04-22 17:16:27,017 - Peer 1006 received the 'not interested' message from 1004.
2026-04-22 17:16:27,017 - Peer 1006 received the 'not interested' message from 1003.
2026-04-22 17:16:27,019 - Peer 1006 received the 'not interested' message from 1004.
2026-04-22 17:16:27,019 - Peer 1006 received the 'not interested' message from 1002.
2026-04-22 17:16:27,019 - Peer 1006 received the 'not interested' message from 1005.
2026-04-22 17:16:27,019 - Peer 1006 received the 'not interested' message from 1003.
2026-04-22 17:16:27,019 - Peer 1006 received the 'not interested' message from 1001.
2026-04-22 17:16:27,019 - Peer 1006 received the 'not interested' message from 1004.
2026-04-22 17:16:27,020 - Peer 1006 received the 'not interested' message from 1002.
2026-04-22 17:16:27,021 - Peer 1006 received the 'not interested' message from 1003.
2026-04-22 17:16:27,021 - Peer 1006 received the 'not interested' message from 1005.
2026-04-22 17:16:27,021 - Peer 1006 received the 'not interested' message from 1001.
2026-04-22 17:16:27,021 - Peer 1006 received the 'not interested' message from 1004.
2026-04-22 17:16:27,022 - Peer 1006 received the 'not interested' message from 1002.
2026-04-22 17:16:27,022 - Peer 1006 received the 'not interested' message from 1003.
2026-04-22 17:16:27,023 - Peer 1006 received the 'not interested' message from 1005.
2026-04-22 17:16:27,023 - Peer 1006 received the 'not interested' message from 1001.
2026-04-22 17:16:27,023 - Peer 1006 received the 'not interested' message from 1004.
2026-04-22 17:16:27,024 - Peer 1006 received the 'not interested' message from 1004.
2026-04-22 17:16:27,024 - Peer 1006 received the 'not interested' message from 1004.
2026-04-22 17:16:27,025 - Peer 1006 has downloaded the piece 523 from 1002. Now the number of pieces it has is 677.
2026-04-22 17:16:27,025 - Peer 1006 received the 'not interested' message from 1004.
2026-04-22 17:16:27,025 - Peer 1006 has downloaded the piece 809 from 1003. Now the number of pieces it has is 678.
2026-04-22 17:16:27,026 - Peer 1006 has downloaded the piece 1310 from 1001. Now the number of pieces it has is 679.
2026-04-22 17:16:27,027 - Peer 1006 has downloaded the piece 1041 from 1004. Now the number of pieces it has is 680.
2026-04-22 17:16:27,031 - Peer 1006 has downloaded the piece 892 from 1005. Now the number of pieces it has is 681.
2026-04-22 17:16:27,035 - Peer 1006 received the 'not interested' message from 1001.
2026-04-22 17:16:27,037 - Peer 1006 received the 'not interested' message from 1004.
2026-04-22 17:16:27,038 - Peer 1006 received the 'not interested' message from 1003.
2026-04-22 17:16:27,039 - Peer 1006 received the 'not interested' message from 1001.
2026-04-22 17:16:27,039 - Peer 1006 received the 'not interested' message from 1004.
2026-04-22 17:16:27,039 - Peer 1006 received the 'not interested' message from 1002.
2026-04-22 17:16:27,040 - Peer 1006 received the 'not interested' message from 1001.
2026-04-22 17:16:27,041 - Peer 1006 received the 'not interested' message from 1004.
2026-04-22 17:16:27,041 - Peer 1006 received the 'not interested' message from 1002.
2026-04-22 17:16:27,042 - Peer 1006 received the 'not interested' message from 1001.
2026-04-22 17:16:27,042 - Peer 1006 received the 'not interested' message from 1005.
2026-04-22 17:16:27,042 - Peer 1006 received the 'not interested' message from 1004.
2026-04-22 17:16:27,043 - Peer 1006 received the 'not interested' message from 1002.
2026-04-22 17:16:27,043 - Peer 1006 received the 'not interested' message from 1005.
2026-04-22 17:16:27,044 - Peer 1006 received the 'not interested' message from 1004.
2026-04-22 17:16:27,044 - Peer 1006 received the 'not interested' message from 1002.
2026-04-22 17:16:27,044 - Peer 1006 has downloaded the piece 855 from 1001. Now the number of pieces it has is 682.
2026-04-22 17:16:27,045 - Peer 1006 received the 'not interested' message from 1003.
2026-04-22 17:16:27,045 - Peer 1006 received the 'not interested' message from 1005.
2026-04-22 17:16:27,045 - Peer 1006 received the 'not interested' message from 1004.
2026-04-22 17:16:27,045 - Peer 1006 received the 'not interested' message from 1005.
2026-04-22 17:16:27,046 - Peer 1006 received the 'not interested' message from 1003.
2026-04-22 17:16:27,046 - Peer 1006 received the 'not interested' message from 1004.
2026-04-22 17:16:27,046 - Peer 1006 received the 'not interested' message from 1005.
2026-04-22 17:16:27,047 - Peer 1006 has downloaded the piece 1141 from 1002. Now the number of pieces it has is 683.
2026-04-22 17:16:27,047 - Peer 1006 received the 'not interested' message from 1004.
2026-04-22 17:16:27,048 - Peer 1006 received the 'not interested' message from 1004.
2026-04-22 17:16:27,048 - Peer 1006 received the 'not interested' message from 1004.
2026-04-22 17:16:27,049 - Peer 1006 has downloaded the piece 431 from 1005. Now the number of pieces it has is 684.
2026-04-22 17:16:27,049 - Peer 1006 received the 'not interested' message from 1003.
2026-04-22 17:16:27,051 - Peer 1006 received the 'not interested' message from 1004.
2026-04-22 17:16:27,052 - Peer 1006 received the 'not interested' message from 1003.
2026-04-22 17:16:27,053 - Peer 1006 received the 'not interested' message from 1001.
2026-04-22 17:16:27,054 - Peer 1006 received the 'not interested' message from 1004.
2026-04-22 17:16:27,054 - Peer 1006 received the 'not interested' message from 1002.
2026-04-22 17:16:27,055 - Peer 1006 received the 'not interested' message from 1003.
2026-04-22 17:16:27,055 - Peer 1006 received the 'not interested' message from 1001.
2026-04-22 17:16:27,056 - Peer 1006 received the 'not interested' message from 1004.
2026-04-22 17:16:27,057 - Peer 1006 received the 'not interested' message from 1002.
2026-04-22 17:16:27,057 - Peer 1006 received the 'not interested' message from 1003.
2026-04-22 17:16:27,057 - Peer 1006 received the 'not interested' message from 1005.
2026-04-22 17:16:27,057 - Peer 1006 received the 'not interested' message from 1001.
2026-04-22 17:16:27,058 - Peer 1006 received the 'not interested' message from 1002.
2026-04-22 17:16:27,058 - Peer 1006 received the 'not interested' message from 1004.
2026-04-22 17:16:27,058 - Peer 1006 received the 'not interested' message from 1004.
2026-04-22 17:16:27,059 - Peer 1006 received the 'not interested' message from 1001.
2026-04-22 17:16:27,059 - Peer 1006 has downloaded the piece 1124 from 1003. Now the number of pieces it has is 685.
2026-04-22 17:16:27,059 - Peer 1006 received the 'not interested' message from 1005.
2026-04-22 17:16:27,060 - Peer 1006 received the 'not interested' message from 1004.
2026-04-22 17:16:27,060 - Peer 1006 has downloaded the piece 721 from 1002. Now the number of pieces it has is 686.
2026-04-22 17:16:27,061 - Peer 1006 received the 'not interested' message from 1005.
2026-04-22 17:16:27,061 - Peer 1006 received the 'not interested' message from 1004.
2026-04-22 17:16:27,062 - Peer 1006 has downloaded the piece 1481 from 1001. Now the number of pieces it has is 687.
2026-04-22 17:16:27,063 - Peer 1006 received the 'not interested' message from 1004.
2026-04-22 17:16:27,064 - Peer 1006 has downloaded the piece 287 from 1005. Now the number of pieces it has is 688.
2026-04-22 17:16:27,065 - Peer 1006 has downloaded the piece 1085 from 1004. Now the number of pieces it has is 689.
2026-04-22 17:16:27,069 - Peer 1006 received the 'not interested' message from 1003.
2026-04-22 17:16:27,069 - Peer 1006 received the 'not interested' message from 1003.
2026-04-22 17:16:27,069 - Peer 1006 received the 'not interested' message from 1002.
2026-04-22 17:16:27,070 - Peer 1006 received the 'not interested' message from 1003.
2026-04-22 17:16:27,071 - Peer 1006 received the 'not interested' message from 1001.
2026-04-22 17:16:27,073 - Peer 1006 received the 'not interested' message from 1002.
2026-04-22 17:16:27,074 - Peer 1006 received the 'not interested' message from 1003.
2026-04-22 17:16:27,074 - Peer 1006 received the 'not interested' message from 1004.
2026-04-22 17:16:27,074 - Peer 1006 received the 'not interested' message from 1001.
2026-04-22 17:16:27,075 - Peer 1006 received the 'not interested' message from 1002.
2026-04-22 17:16:27,075 - Peer 1006 received the 'not interested' message from 1003.
2026-04-22 17:16:27,075 - Peer 1006 received the 'not interested' message from 1004.
2026-04-22 17:16:27,076 - Peer 1006 received the 'not interested' message from 1005.
2026-04-22 17:16:27,076 - Peer 1006 received the 'not interested' message from 1001.
2026-04-22 17:16:27,076 - Peer 1006 received the 'not interested' message from 1003.
2026-04-22 17:16:27,076 - Peer 1006 received the 'not interested' message from 1002.
2026-04-22 17:16:27,076 - Peer 1006 received the 'not interested' message from 1005.
2026-04-22 17:16:27,077 - Peer 1006 received the 'not interested' message from 1001.
2026-04-22 17:16:27,077 - Peer 1006 received the 'not interested' message from 1003.
2026-04-22 17:16:27,077 - Peer 1006 received the 'not interested' message from 1002.
2026-04-22 17:16:27,079 - Peer 1006 received the 'not interested' message from 1001.
2026-04-22 17:16:27,079 - Peer 1006 received the 'not interested' message from 1005.
2026-04-22 17:16:27,079 - Peer 1006 received the 'not interested' message from 1002.
2026-04-22 17:16:27,081 - Peer 1006 received the 'not interested' message from 1005.
2026-04-22 17:16:27,081 - Peer 1006 received the 'not interested' message from 1005.
2026-04-22 17:16:27,081 - Peer 1006 has downloaded the piece 148 from 1001. Now the number of pieces it has is 690.
2026-04-22 17:16:27,083 - Peer 1006 has downloaded the piece 188 from 1002. Now the number of pieces it has is 691.
2026-04-22 17:16:27,084 - Peer 1006 has downloaded the piece 1080 from 1005. Now the number of pieces it has is 692.
2026-04-22 17:16:27,084 - Peer 1006 has downloaded the piece 87 from 1003. Now the number of pieces it has is 693.
2026-04-22 17:16:27,091 - Peer 1006 received the 'not interested' message from 1005.
2026-04-22 17:16:27,092 - Peer 1006 received the 'not interested' message from 1002.
2026-04-22 17:16:27,092 - Peer 1006 received the 'not interested' message from 1003.
2026-04-22 17:16:27,092 - Peer 1006 received the 'not interested' message from 1005.
2026-04-22 17:16:27,092 - Peer 1006 received the 'not interested' message from 1001.
2026-04-22 17:16:27,092 - Peer 1006 received the 'not interested' message from 1002.
2026-04-22 17:16:27,092 - Peer 1006 received the 'not interested' message from 1003.
2026-04-22 17:16:27,093 - Peer 1006 received the 'not interested' message from 1001.
2026-04-22 17:16:27,093 - Peer 1006 received the 'not interested' message from 1002.
2026-04-22 17:16:27,093 - Peer 1006 received the 'not interested' message from 1005.
2026-04-22 17:16:27,093 - Peer 1006 received the 'not interested' message from 1003.
2026-04-22 17:16:27,093 - Peer 1006 received the 'not interested' message from 1001.
2026-04-22 17:16:27,093 - Peer 1006 received the 'not interested' message from 1002.
2026-04-22 17:16:27,095 - Peer 1006 received the 'not interested' message from 1005.
2026-04-22 17:16:27,095 - Peer 1006 received the 'not interested' message from 1001.
2026-04-22 17:16:27,095 - Peer 1006 received the 'not interested' message from 1003.
2026-04-22 17:16:27,095 - Peer 1006 has downloaded the piece 873 from 1002. Now the number of pieces it has is 694.
2026-04-22 17:16:27,096 - Peer 1006 has downloaded the piece 780 from 1005. Now the number of pieces it has is 695.
2026-04-22 17:16:27,098 - Peer 1006 has downloaded the piece 1368 from 1001. Now the number of pieces it has is 696.
2026-04-22 17:16:27,101 - Peer 1006 received the 'not interested' message from 1003.
2026-04-22 17:16:27,103 - Peer 1006 received the 'not interested' message from 1003.
2026-04-22 17:16:27,104 - Peer 1006 received the 'not interested' message from 1002.
2026-04-22 17:16:27,104 - Peer 1006 received the 'not interested' message from 1005.
2026-04-22 17:16:27,104 - Peer 1006 received the 'not interested' message from 1001.
2026-04-22 17:16:27,106 - Peer 1006 received the 'not interested' message from 1002.
2026-04-22 17:16:27,106 - Peer 1006 received the 'not interested' message from 1005.
2026-04-22 17:16:27,106 - Peer 1006 has downloaded the piece 615 from 1003. Now the number of pieces it has is 697.
2026-04-22 17:16:27,106 - Peer 1006 received the 'not interested' message from 1001.
2026-04-22 17:16:27,106 - Peer 1006 received the 'not interested' message from 1002.
2026-04-22 17:16:27,107 - Peer 1006 received the 'not interested' message from 1005.
2026-04-22 17:16:27,107 - Peer 1006 received the 'not interested' message from 1001.
2026-04-22 17:16:27,109 - Peer 1006 has downloaded the piece 414 from 1002. Now the number of pieces it has is 698.
2026-04-22 17:16:27,109 - Peer 1006 has downloaded the piece 1518 from 1005. Now the number of pieces it has is 699.
2026-04-22 17:16:27,111 - Peer 1006 has downloaded the piece 1526 from 1001. Now the number of pieces it has is 700.
2026-04-22 17:16:27,115 - Peer 1006 received the 'not interested' message from 1002.
2026-04-22 17:16:27,116 - Peer 1006 received the 'not interested' message from 1002.
2026-04-22 17:16:27,116 - Peer 1006 received the 'not interested' message from 1001.
2026-04-22 17:16:27,116 - Peer 1006 received the 'not interested' message from 1005.
2026-04-22 17:16:27,116 - Peer 1006 received the 'not interested' message from 1002.
2026-04-22 17:16:27,116 - Peer 1006 received the 'not interested' message from 1001.
2026-04-22 17:16:27,116 - Peer 1006 received the 'not interested' message from 1005.
2026-04-22 17:16:27,116 - Peer 1006 received the 'not interested' message from 1003.
2026-04-22 17:16:27,116 - Peer 1006 received the 'not interested' message from 1002.
2026-04-22 17:16:27,118 - Peer 1006 received the 'not interested' message from 1004.
2026-04-22 17:16:27,118 - Peer 1006 received the 'not interested' message from 1001.
2026-04-22 17:16:27,118 - Peer 1006 received the 'not interested' message from 1005.
2026-04-22 17:16:27,119 - Peer 1006 received the 'not interested' message from 1004.
2026-04-22 17:16:27,119 - Peer 1006 received the 'not interested' message from 1001.
2026-04-22 17:16:27,119 - Peer 1006 received the 'not interested' message from 1005.
2026-04-22 17:16:27,120 - Peer 1006 has downloaded the piece 418 from 1002. Now the number of pieces it has is 701.
2026-04-22 17:16:27,122 - Peer 1006 has downloaded the piece 1048 from 1001. Now the number of pieces it has is 702.
2026-04-22 17:16:27,123 - Peer 1006 has downloaded the piece 1383 from 1005. Now the number of pieces it has is 703.
2026-04-22 17:16:27,126 - Peer 1006 received the 'not interested' message from 1004.
2026-04-22 17:16:27,126 - Peer 1006 received the 'not interested' message from 1003.
2026-04-22 17:16:27,128 - Peer 1006 received the 'not interested' message from 1001.
2026-04-22 17:16:27,129 - Peer 1006 received the 'not interested' message from 1001.
2026-04-22 17:16:27,129 - Peer 1006 received the 'not interested' message from 1002.
2026-04-22 17:16:27,129 - Peer 1006 received the 'not interested' message from 1005.
2026-04-22 17:16:27,129 - Peer 1006 received the 'not interested' message from 1001.
2026-04-22 17:16:27,129 - Peer 1006 received the 'not interested' message from 1002.
2026-04-22 17:16:27,131 - Peer 1006 received the 'not interested' message from 1004.
2026-04-22 17:16:27,131 - Peer 1006 received the 'not interested' message from 1003.
2026-04-22 17:16:27,131 - Peer 1006 received the 'not interested' message from 1005.
2026-04-22 17:16:27,131 - Peer 1006 received the 'not interested' message from 1004.
2026-04-22 17:16:27,131 - Peer 1006 received the 'not interested' message from 1002.
2026-04-22 17:16:27,131 - Peer 1006 received the 'not interested' message from 1004.
2026-04-22 17:16:27,132 - Peer 1006 received the 'not interested' message from 1003.
2026-04-22 17:16:27,132 - Peer 1006 has downloaded the piece 1547 from 1001. Now the number of pieces it has is 704.
2026-04-22 17:16:27,133 - Peer 1006 received the 'not interested' message from 1003.
2026-04-22 17:16:27,134 - Peer 1006 has downloaded the piece 260 from 1002. Now the number of pieces it has is 705.
2026-04-22 17:16:27,134 - Peer 1006 has downloaded the piece 148 from 1004. Now the number of pieces it has is 705.
2026-04-22 17:16:27,136 - Peer 1006 received the 'not interested' message from 1005.
2026-04-22 17:16:27,137 - Peer 1006 has downloaded the piece 639 from 1003. Now the number of pieces it has is 706.
2026-04-22 17:16:27,140 - Peer 1006 has downloaded the piece 1287 from 1005. Now the number of pieces it has is 707.
2026-04-22 17:16:27,144 - Peer 1006 received the 'not interested' message from 1002.
2026-04-22 17:16:27,144 - Peer 1006 received the 'not interested' message from 1004.
2026-04-22 17:16:27,144 - Peer 1006 received the 'not interested' message from 1001.
2026-04-22 17:16:27,145 - Peer 1006 received the 'not interested' message from 1002.
2026-04-22 17:16:27,145 - Peer 1006 received the 'not interested' message from 1003.
2026-04-22 17:16:27,146 - Peer 1006 received the 'not interested' message from 1004.
2026-04-22 17:16:27,146 - Peer 1006 received the 'not interested' message from 1001.
2026-04-22 17:16:27,146 - Peer 1006 received the 'not interested' message from 1002.
2026-04-22 17:16:27,147 - Peer 1006 received the 'not interested' message from 1003.
2026-04-22 17:16:27,147 - Peer 1006 received the 'not interested' message from 1005.
2026-04-22 17:16:27,147 - Peer 1006 received the 'not interested' message from 1004.
2026-04-22 17:16:27,147 - Peer 1006 received the 'not interested' message from 1001.
2026-04-22 17:16:27,147 - Peer 1006 received the 'not interested' message from 1002.
2026-04-22 17:16:27,147 - Peer 1006 received the 'not interested' message from 1003.
2026-04-22 17:16:27,149 - Peer 1006 received the 'not interested' message from 1005.
2026-04-22 17:16:27,149 - Peer 1006 received the 'not interested' message from 1004.
2026-04-22 17:16:27,149 - Peer 1006 received the 'not interested' message from 1001.
2026-04-22 17:16:27,149 - Peer 1006 received the 'not interested' message from 1004.
2026-04-22 17:16:27,149 - Peer 1006 received the 'not interested' message from 1003.
2026-04-22 17:16:27,149 - Peer 1006 received the 'not interested' message from 1005.
2026-04-22 17:16:27,150 - Peer 1006 received the 'not interested' message from 1004.
2026-04-22 17:16:27,151 - Peer 1006 received the 'not interested' message from 1003.
2026-04-22 17:16:27,151 - Peer 1006 received the 'not interested' message from 1005.
2026-04-22 17:16:27,151 - Peer 1006 has downloaded the piece 589 from 1002. Now the number of pieces it has is 708.
2026-04-22 17:16:27,151 - Peer 1006 received the 'not interested' message from 1004.
2026-04-22 17:16:27,152 - Peer 1006 received the 'not interested' message from 1003.
2026-04-22 17:16:27,152 - Peer 1006 received the 'not interested' message from 1005.
2026-04-22 17:16:27,152 - Peer 1006 has downloaded the piece 248 from 1001. Now the number of pieces it has is 709.
2026-04-22 17:16:27,153 - Peer 1006 received the 'not interested' message from 1004.
2026-04-22 17:16:27,156 - Peer 1006 received the 'not interested' message from 1003.
2026-04-22 17:16:27,158 - Peer 1006 received the 'not interested' message from 1004.
2026-04-22 17:16:27,158 - Peer 1006 received the 'not interested' message from 1003.
2026-04-22 17:16:27,158 - Peer 1006 received the 'not interested' message from 1004.
2026-04-22 17:16:27,158 - Peer 1006 received the 'not interested' message from 1003.
2026-04-22 17:16:27,158 - Peer 1006 received the 'not interested' message from 1004.
2026-04-22 17:16:27,158 - Peer 1006 has downloaded the piece 653 from 1005. Now the number of pieces it has is 710.
2026-04-22 17:16:27,161 - Peer 1006 received the 'not interested' message from 1002.
2026-04-22 17:16:27,161 - Peer 1006 received the 'not interested' message from 1004.
2026-04-22 17:16:27,161 - Peer 1006 received the 'not interested' message from 1001.
2026-04-22 17:16:27,161 - Peer 1006 received the 'not interested' message from 1003.
2026-04-22 17:16:27,164 - Peer 1006 received the 'not interested' message from 1002.
2026-04-22 17:16:27,164 - Peer 1006 received the 'not interested' message from 1004.
2026-04-22 17:16:27,164 - Peer 1006 received the 'not interested' message from 1001.
2026-04-22 17:16:27,165 - Peer 1006 received the 'not interested' message from 1002.
2026-04-22 17:16:27,166 - Peer 1006 received the 'not interested' message from 1004.
2026-04-22 17:16:27,166 - Peer 1006 received the 'not interested' message from 1001.
2026-04-22 17:16:27,166 - Peer 1006 has downloaded the piece 1595 from 1003. Now the number of pieces it has is 711.
2026-04-22 17:16:27,167 - Peer 1006 received the 'not interested' message from 1004.
2026-04-22 17:16:27,167 - Peer 1006 received the 'not interested' message from 1004.
2026-04-22 17:16:27,167 - Peer 1006 received the 'not interested' message from 1004.
2026-04-22 17:16:27,169 - Peer 1006 has downloaded the piece 624 from 1002. Now the number of pieces it has is 712.
2026-04-22 17:16:27,170 - Peer 1006 has downloaded the piece 1395 from 1001. Now the number of pieces it has is 713.
2026-04-22 17:16:27,171 - Peer 1006 has downloaded the piece 1422 from 1004. Now the number of pieces it has is 714.
2026-04-22 17:16:27,172 - Peer 1006 received the 'not interested' message from 1005.
2026-04-22 17:16:27,174 - Peer 1006 received the 'not interested' message from 1005.
2026-04-22 17:16:27,175 - Peer 1006 received the 'not interested' message from 1005.
2026-04-22 17:16:27,176 - Peer 1006 received the 'not interested' message from 1003.
2026-04-22 17:16:27,176 - Peer 1006 received the 'not interested' message from 1001.
2026-04-22 17:16:27,177 - Peer 1006 received the 'not interested' message from 1003.
2026-04-22 17:16:27,177 - Peer 1006 received the 'not interested' message from 1001.
2026-04-22 17:16:27,177 - Peer 1006 received the 'not interested' message from 1001.
2026-04-22 17:16:27,177 - Peer 1006 received the 'not interested' message from 1001.
2026-04-22 17:16:27,177 - Peer 1006 has downloaded the piece 419 from 1005. Now the number of pieces it has is 715.
2026-04-22 17:16:27,179 - Peer 1006 received the 'not interested' message from 1001.
2026-04-22 17:16:27,179 - Peer 1006 received the 'not interested' message from 1002.
2026-04-22 17:16:27,181 - Peer 1006 received the 'not interested' message from 1004.
2026-04-22 17:16:27,181 - Peer 1006 received the 'not interested' message from 1002.
2026-04-22 17:16:27,182 - Peer 1006 received the 'not interested' message from 1004.
2026-04-22 17:16:27,183 - Peer 1006 received the 'not interested' message from 1002.
2026-04-22 17:16:27,183 - Peer 1006 received the 'not interested' message from 1004.
2026-04-22 17:16:27,183 - Peer 1006 received the 'not interested' message from 1002.
2026-04-22 17:16:27,184 - Peer 1006 has downloaded the piece 402 from 1001. Now the number of pieces it has is 716.
2026-04-22 17:16:27,185 - Peer 1006 received the 'not interested' message from 1004.
2026-04-22 17:16:27,185 - Peer 1006 received the 'not interested' message from 1002.
2026-04-22 17:16:27,186 - Peer 1006 received the 'not interested' message from 1005.
2026-04-22 17:16:27,186 - Peer 1006 received the 'not interested' message from 1003.
2026-04-22 17:16:27,186 - Peer 1006 received the 'not interested' message from 1004.
2026-04-22 17:16:27,186 - Peer 1006 received the 'not interested' message from 1005.
2026-04-22 17:16:27,188 - Peer 1006 received the 'not interested' message from 1005.
2026-04-22 17:16:27,188 - Peer 1006 received the 'not interested' message from 1005.
2026-04-22 17:16:27,188 - Peer 1006 has downloaded the piece 1228 from 1002. Now the number of pieces it has is 717.
2026-04-22 17:16:27,189 - Peer 1006 received the 'not interested' message from 1005.
2026-04-22 17:16:27,189 - Peer 1006 received the 'not interested' message from 1001.
2026-04-22 17:16:27,191 - Peer 1006 received the 'not interested' message from 1001.
2026-04-22 17:16:27,191 - Peer 1006 has downloaded the piece 763 from 1005. Now the number of pieces it has is 718.
2026-04-22 17:16:27,192 - Peer 1006 has downloaded the piece 428 from 1001. Now the number of pieces it has is 719.
2026-04-22 17:16:27,197 - Peer 1006 received the 'not interested' message from 1001.
2026-04-22 17:16:27,197 - Peer 1006 received the 'not interested' message from 1005.
2026-04-22 17:16:27,197 - Peer 1006 received the 'not interested' message from 1002.
2026-04-22 17:16:27,198 - Peer 1006 received the 'not interested' message from 1001.
2026-04-22 17:16:27,198 - Peer 1006 received the 'not interested' message from 1005.
2026-04-22 17:16:27,198 - Peer 1006 received the 'not interested' message from 1002.
2026-04-22 17:16:27,198 - Peer 1006 received the 'not interested' message from 1001.
2026-04-22 17:16:27,198 - Peer 1006 received the 'not interested' message from 1005.
2026-04-22 17:16:27,199 - Peer 1006 received the 'not interested' message from 1002.
2026-04-22 17:16:27,199 - Peer 1006 received the 'not interested' message from 1005.
2026-04-22 17:16:27,199 - Peer 1006 received the 'not interested' message from 1002.
2026-04-22 17:16:27,199 - Peer 1006 received the 'not interested' message from 1002.
2026-04-22 17:16:27,200 - Peer 1006 has downloaded the piece 1224 from 1001. Now the number of pieces it has is 720.
2026-04-22 17:16:27,201 - Peer 1006 has downloaded the piece 1154 from 1005. Now the number of pieces it has is 721.
2026-04-22 17:16:27,202 - Peer 1006 has downloaded the piece 715 from 1002. Now the number of pieces it has is 722.
2026-04-22 17:16:27,205 - Peer 1006 received the 'not interested' message from 1001.
2026-04-22 17:16:27,207 - Peer 1006 received the 'not interested' message from 1005.
2026-04-22 17:16:27,207 - Peer 1006 received the 'not interested' message from 1002.
2026-04-22 17:16:27,207 - Peer 1006 received the 'not interested' message from 1001.
2026-04-22 17:16:27,207 - Peer 1006 received the 'not interested' message from 1005.
2026-04-22 17:16:27,207 - Peer 1006 received the 'not interested' message from 1002.
2026-04-22 17:16:27,208 - Peer 1006 received the 'not interested' message from 1001.
2026-04-22 17:16:27,208 - Peer 1006 received the 'not interested' message from 1002.
2026-04-22 17:16:27,209 - Peer 1006 received the 'not interested' message from 1005.
2026-04-22 17:16:27,210 - Peer 1006 has downloaded the piece 359 from 1001. Now the number of pieces it has is 723.
2026-04-22 17:16:27,211 - Peer 1006 has downloaded the piece 1185 from 1002. Now the number of pieces it has is 724.
2026-04-22 17:16:27,211 - Peer 1006 has downloaded the piece 1354 from 1005. Now the number of pieces it has is 725.
2026-04-22 17:16:27,214 - Peer 1006 received the 'not interested' message from 1003.
2026-04-22 17:16:27,216 - Peer 1006 received the 'not interested' message from 1002.
2026-04-22 17:16:27,216 - Peer 1006 received the 'not interested' message from 1001.
2026-04-22 17:16:27,216 - Peer 1006 received the 'not interested' message from 1002.
2026-04-22 17:16:27,216 - Peer 1006 received the 'not interested' message from 1005.
2026-04-22 17:16:27,216 - Peer 1006 received the 'not interested' message from 1001.
2026-04-22 17:16:27,216 - Peer 1006 received the 'not interested' message from 1002.
2026-04-22 17:16:27,217 - Peer 1006 received the 'not interested' message from 1005.
2026-04-22 17:16:27,217 - Peer 1006 received the 'not interested' message from 1001.
2026-04-22 17:16:27,217 - Peer 1006 received the 'not interested' message from 1005.
2026-04-22 17:16:27,217 - Peer 1006 has downloaded the piece 786 from 1002. Now the number of pieces it has is 726.
2026-04-22 17:16:27,219 - Peer 1006 has downloaded the piece 608 from 1001. Now the number of pieces it has is 727.
2026-04-22 17:16:27,219 - Peer 1006 has downloaded the piece 635 from 1005. Now the number of pieces it has is 728.
2026-04-22 17:16:27,222 - Peer 1006 received the 'not interested' message from 1001.
2026-04-22 17:16:27,224 - Peer 1006 received the 'not interested' message from 1002.
2026-04-22 17:16:27,224 - Peer 1006 received the 'not interested' message from 1001.
2026-04-22 17:16:27,224 - Peer 1006 received the 'not interested' message from 1005.
2026-04-22 17:16:27,224 - Peer 1006 received the 'not interested' message from 1002.
2026-04-22 17:16:27,224 - Peer 1006 received the 'not interested' message from 1001.
2026-04-22 17:16:27,224 - Peer 1006 received the 'not interested' message from 1004.
2026-04-22 17:16:27,224 - Peer 1006 received the 'not interested' message from 1002.
2026-04-22 17:16:27,225 - Peer 1006 received the 'not interested' message from 1005.
2026-04-22 17:16:27,225 - Peer 1006 received the 'not interested' message from 1005.
2026-04-22 17:16:27,225 - Peer 1006 has downloaded the piece 1507 from 1001. Now the number of pieces it has is 729.
2026-04-22 17:16:27,227 - Peer 1006 has downloaded the piece 68 from 1002. Now the number of pieces it has is 730.
2026-04-22 17:16:27,227 - Peer 1006 has downloaded the piece 1334 from 1005. Now the number of pieces it has is 731.
2026-04-22 17:16:27,230 - Peer 1006 received the 'not interested' message from 1001.
2026-04-22 17:16:27,232 - Peer 1006 received the 'not interested' message from 1005.
2026-04-22 17:16:27,232 - Peer 1006 received the 'not interested' message from 1001.
2026-04-22 17:16:27,233 - Peer 1006 received the 'not interested' message from 1005.
2026-04-22 17:16:27,233 - Peer 1006 received the 'not interested' message from 1001.
2026-04-22 17:16:27,233 - Peer 1006 received the 'not interested' message from 1005.
2026-04-22 17:16:27,234 - Peer 1006 received the 'not interested' message from 1002.
2026-04-22 17:16:27,234 - Peer 1006 received the 'not interested' message from 1002.
2026-04-22 17:16:27,235 - Peer 1006 received the 'not interested' message from 1002.
2026-04-22 17:16:27,235 - Peer 1006 has downloaded the piece 66 from 1001. Now the number of pieces it has is 732.
2026-04-22 17:16:27,235 - Peer 1006 received the 'not interested' message from 1003.
2026-04-22 17:16:27,236 - Peer 1006 has downloaded the piece 831 from 1005. Now the number of pieces it has is 733.
2026-04-22 17:16:27,237 - Peer 1006 has downloaded the piece 229 from 1002. Now the number of pieces it has is 734.
2026-04-22 17:16:27,241 - Peer 1006 received the 'not interested' message from 1003.
2026-04-22 17:16:27,241 - Peer 1006 received the 'not interested' message from 1005.
2026-04-22 17:16:27,241 - Peer 1006 received the 'not interested' message from 1001.
2026-04-22 17:16:27,243 - Peer 1006 received the 'not interested' message from 1002.
2026-04-22 17:16:27,243 - Peer 1006 received the 'not interested' message from 1005.
2026-04-22 17:16:27,243 - Peer 1006 received the 'not interested' message from 1004.
2026-04-22 17:16:27,243 - Peer 1006 received the 'not interested' message from 1002.
2026-04-22 17:16:27,243 - Peer 1006 received the 'not interested' message from 1001.
2026-04-22 17:16:27,243 - Peer 1006 received the 'not interested' message from 1005.
2026-04-22 17:16:27,243 - Peer 1006 has downloaded the piece 1490 from 1003. Now the number of pieces it has is 735.
2026-04-22 17:16:27,243 - Peer 1006 received the 'not interested' message from 1002.
2026-04-22 17:16:27,243 - Peer 1006 received the 'not interested' message from 1001.
2026-04-22 17:16:27,246 - Peer 1006 has downloaded the piece 125 from 1005. Now the number of pieces it has is 736.
2026-04-22 17:16:27,246 - Peer 1006 has downloaded the piece 1044 from 1001. Now the number of pieces it has is 737.
2026-04-22 17:16:27,247 - Peer 1006 has downloaded the piece 394 from 1002. Now the number of pieces it has is 738.
2026-04-22 17:16:27,252 - Peer 1006 received the 'not interested' message from 1003.
2026-04-22 17:16:27,254 - Peer 1006 received the 'not interested' message from 1005.
2026-04-22 17:16:27,254 - Peer 1006 received the 'not interested' message from 1001.
2026-04-22 17:16:27,254 - Peer 1006 received the 'not interested' message from 1004.
2026-04-22 17:16:27,254 - Peer 1006 received the 'not interested' message from 1002.
2026-04-22 17:16:27,254 - Peer 1006 received the 'not interested' message from 1003.
2026-04-22 17:16:27,254 - Peer 1006 received the 'not interested' message from 1005.
2026-04-22 17:16:27,255 - Peer 1006 received the 'not interested' message from 1001.
2026-04-22 17:16:27,255 - Peer 1006 received the 'not interested' message from 1004.
2026-04-22 17:16:27,255 - Peer 1006 received the 'not interested' message from 1002.
2026-04-22 17:16:27,255 - Peer 1006 received the 'not interested' message from 1001.
2026-04-22 17:16:27,256 - Peer 1006 received the 'not interested' message from 1004.
2026-04-22 17:16:27,256 - Peer 1006 received the 'not interested' message from 1002.
2026-04-22 17:16:27,256 - Peer 1006 has downloaded the piece 1369 from 1005. Now the number of pieces it has is 739.
2026-04-22 17:16:27,256 - Peer 1006 received the 'not interested' message from 1001.
2026-04-22 17:16:27,257 - Peer 1006 received the 'not interested' message from 1002.
2026-04-22 17:16:27,257 - Peer 1006 has downloaded the piece 1250 from 1004. Now the number of pieces it has is 740.
2026-04-22 17:16:27,259 - Peer 1006 received the 'not interested' message from 1003.
2026-04-22 17:16:27,259 - Peer 1006 has downloaded the piece 1588 from 1001. Now the number of pieces it has is 741.
2026-04-22 17:16:27,259 - Peer 1006 received the 'not interested' message from 1003.
2026-04-22 17:16:27,261 - Peer 1006 received the 'not interested' message from 1003.
2026-04-22 17:16:27,261 - Peer 1006 received the 'not interested' message from 1003.
2026-04-22 17:16:27,262 - Peer 1006 has downloaded the piece 10 from 1002. Now the number of pieces it has is 742.
2026-04-22 17:16:27,262 - Peer 1006 received the 'not interested' message from 1003.
2026-04-22 17:16:27,265 - Peer 1006 received the 'not interested' message from 1003.
2026-04-22 17:16:27,266 - Peer 1006 received the 'not interested' message from 1003.
2026-04-22 17:16:27,268 - Peer 1006 received the 'not interested' message from 1004.
2026-04-22 17:16:27,268 - Peer 1006 received the 'not interested' message from 1003.
2026-04-22 17:16:27,268 - Peer 1006 received the 'not interested' message from 1005.
2026-04-22 17:16:27,269 - Peer 1006 received the 'not interested' message from 1004.
2026-04-22 17:16:27,269 - Peer 1006 received the 'not interested' message from 1003.
2026-04-22 17:16:27,269 - Peer 1006 received the 'not interested' message from 1005.
2026-04-22 17:16:27,271 - Peer 1006 received the 'not interested' message from 1002.
2026-04-22 17:16:27,271 - Peer 1006 received the 'not interested' message from 1004.
2026-04-22 17:16:27,271 - Peer 1006 received the 'not interested' message from 1001.
2026-04-22 17:16:27,271 - Peer 1006 received the 'not interested' message from 1003.
2026-04-22 17:16:27,271 - Peer 1006 received the 'not interested' message from 1005.
2026-04-22 17:16:27,271 - Peer 1006 received the 'not interested' message from 1002.
2026-04-22 17:16:27,272 - Peer 1006 received the 'not interested' message from 1004.
2026-04-22 17:16:27,272 - Peer 1006 received the 'not interested' message from 1001.
2026-04-22 17:16:27,272 - Peer 1006 received the 'not interested' message from 1003.
2026-04-22 17:16:27,273 - Peer 1006 received the 'not interested' message from 1005.
2026-04-22 17:16:27,273 - Peer 1006 received the 'not interested' message from 1002.
2026-04-22 17:16:27,273 - Peer 1006 received the 'not interested' message from 1004.
2026-04-22 17:16:27,273 - Peer 1006 received the 'not interested' message from 1003.
2026-04-22 17:16:27,274 - Peer 1006 received the 'not interested' message from 1001.
2026-04-22 17:16:27,274 - Peer 1006 received the 'not interested' message from 1005.
2026-04-22 17:16:27,274 - Peer 1006 received the 'not interested' message from 1002.
2026-04-22 17:16:27,274 - Peer 1006 received the 'not interested' message from 1004.
2026-04-22 17:16:27,274 - Peer 1006 received the 'not interested' message from 1003.
2026-04-22 17:16:27,275 - Peer 1006 received the 'not interested' message from 1001.
2026-04-22 17:16:27,275 - Peer 1006 received the 'not interested' message from 1003.
2026-04-22 17:16:27,275 - Peer 1006 received the 'not interested' message from 1004.
2026-04-22 17:16:27,276 - Peer 1006 received the 'not interested' message from 1005.
2026-04-22 17:16:27,276 - Peer 1006 received the 'not interested' message from 1003.
2026-04-22 17:16:27,276 - Peer 1006 received the 'not interested' message from 1004.
2026-04-22 17:16:27,277 - Peer 1006 received the 'not interested' message from 1003.
2026-04-22 17:16:27,277 - Peer 1006 has downloaded the piece 1088 from 1002. Now the number of pieces it has is 743.
2026-04-22 17:16:27,277 - Peer 1006 received the 'not interested' message from 1004.
2026-04-22 17:16:27,277 - Peer 1006 received the 'not interested' message from 1003.
2026-04-22 17:16:27,279 - Peer 1006 has downloaded the piece 553 from 1001. Now the number of pieces it has is 744.
2026-04-22 17:16:27,279 - Peer 1006 received the 'not interested' message from 1004.
2026-04-22 17:16:27,280 - Peer 1006 received the 'not interested' message from 1003.
2026-04-22 17:16:27,281 - Peer 1006 has downloaded the piece 985 from 1005. Now the number of pieces it has is 745.
2026-04-22 17:16:27,281 - Peer 1006 received the 'not interested' message from 1004.
2026-04-22 17:16:27,281 - Peer 1006 received the 'not interested' message from 1003.
2026-04-22 17:16:27,282 - Peer 1006 received the 'not interested' message from 1004.
2026-04-22 17:16:27,283 - Peer 1006 received the 'not interested' message from 1003.
2026-04-22 17:16:27,284 - Peer 1006 received the 'not interested' message from 1004.
2026-04-22 17:16:27,285 - Peer 1006 received the 'not interested' message from 1001.
2026-04-22 17:16:27,286 - Peer 1006 received the 'not interested' message from 1002.
2026-04-22 17:16:27,291 - Peer 1006 received the 'not interested' message from 1003.
2026-04-22 17:16:27,292 - Peer 1006 received the 'not interested' message from 1004.
2026-04-22 17:16:27,293 - Peer 1006 received the 'not interested' message from 1005.
2026-04-22 17:16:27,298 - Peer 1006 received the 'not interested' message from 1001.
2026-04-22 17:16:27,299 - Peer 1006 received the 'not interested' message from 1003.
2026-04-22 17:16:27,299 - Peer 1006 received the 'not interested' message from 1001.
2026-04-22 17:16:27,302 - Peer 1006 received the 'not interested' message from 1004.
2026-04-22 17:16:27,302 - Peer 1006 received the 'not interested' message from 1005.
2026-04-22 17:16:27,302 - Peer 1006 received the 'not interested' message from 1003.
2026-04-22 17:16:27,304 - Peer 1006 received the 'not interested' message from 1002.
2026-04-22 17:16:27,306 - Peer 1006 has downloaded the piece 982 from 1003. Now the number of pieces it has is 746.
2026-04-22 17:16:27,306 - Peer 1006 received the 'not interested' message from 1004.
2026-04-22 17:16:27,308 - Peer 1006 received the 'not interested' message from 1005.
2026-04-22 17:16:27,309 - Peer 1006 has downloaded the piece 41 from 1005. Now the number of pieces it has is 747.
2026-04-22 17:16:27,314 - Peer 1006 received the 'not interested' message from 1004.
2026-04-22 17:16:27,316 - Peer 1006 received the 'not interested' message from 1002.
2026-04-22 17:16:27,316 - Peer 1006 received the 'not interested' message from 1004.
2026-04-22 17:16:27,316 - Peer 1006 has downloaded the piece 1541 from 1001. Now the number of pieces it has is 748.
2026-04-22 17:16:27,317 - Peer 1006 received the 'not interested' message from 1004.
2026-04-22 17:16:27,317 - Peer 1006 received the 'not interested' message from 1003.
2026-04-22 17:16:27,320 - Peer 1006 received the 'not interested' message from 1005.
2026-04-22 17:16:27,323 - Peer 1006 received the 'not interested' message from 1004.
2026-04-22 17:16:27,324 - Peer 1006 received the 'not interested' message from 1001.
2026-04-22 17:16:27,324 - Peer 1006 has downloaded the piece 1570 from 1002. Now the number of pieces it has is 749.
2026-04-22 17:16:27,325 - Peer 1006 received the 'not interested' message from 1003.
2026-04-22 17:16:27,326 - Peer 1006 received the 'not interested' message from 1005.
2026-04-22 17:16:27,326 - Peer 1006 received the 'not interested' message from 1004.
2026-04-22 17:16:27,326 - Peer 1006 received the 'not interested' message from 1001.
2026-04-22 17:16:27,328 - Peer 1006 received the 'not interested' message from 1003.
2026-04-22 17:16:27,329 - Peer 1006 received the 'not interested' message from 1004.
2026-04-22 17:16:27,329 - Peer 1006 received the 'not interested' message from 1001.
2026-04-22 17:16:27,329 - Peer 1006 received the 'not interested' message from 1003.
2026-04-22 17:16:27,329 - Peer 1006 has downloaded the piece 1180 from 1005. Now the number of pieces it has is 750.
2026-04-22 17:16:27,329 - Peer 1006 received the 'not interested' message from 1004.
2026-04-22 17:16:27,331 - Peer 1006 received the 'not interested' message from 1002.
2026-04-22 17:16:27,332 - Peer 1006 received the 'not interested' message from 1003.
2026-04-22 17:16:27,333 - Peer 1006 received the 'not interested' message from 1004.
2026-04-22 17:16:27,333 - Peer 1006 received the 'not interested' message from 1002.
2026-04-22 17:16:27,333 - Peer 1006 received the 'not interested' message from 1003.
2026-04-22 17:16:27,334 - Peer 1006 has downloaded the piece 289 from 1001. Now the number of pieces it has is 751.
2026-04-22 17:16:27,337 - Peer 1006 received the 'not interested' message from 1004.
2026-04-22 17:16:27,338 - Peer 1006 received the 'not interested' message from 1002.
2026-04-22 17:16:27,338 - Peer 1006 received the 'not interested' message from 1005.
2026-04-22 17:16:27,338 - Peer 1006 received the 'not interested' message from 1003.
2026-04-22 17:16:27,339 - Peer 1006 received the 'not interested' message from 1002.
2026-04-22 17:16:27,341 - Peer 1006 has downloaded the piece 1363 from 1004. Now the number of pieces it has is 752.
2026-04-22 17:16:27,342 - Peer 1006 received the 'not interested' message from 1005.
2026-04-22 17:16:27,343 - Peer 1006 received the 'not interested' message from 1003.
2026-04-22 17:16:27,343 - Peer 1006 received the 'not interested' message from 1005.
2026-04-22 17:16:27,347 - Peer 1006 received the 'not interested' message from 1004.
2026-04-22 17:16:27,347 - Peer 1006 received the 'not interested' message from 1001.
2026-04-22 17:16:27,349 - Peer 1006 received the 'not interested' message from 1004.
2026-04-22 17:16:27,349 - Peer 1006 has downloaded the piece 165 from 1002. Now the number of pieces it has is 753.
2026-04-22 17:16:27,350 - Peer 1006 has downloaded the piece 1571 from 1003. Now the number of pieces it has is 754.
2026-04-22 17:16:27,351 - Peer 1006 has downloaded the piece 1014 from 1005. Now the number of pieces it has is 755.
2026-04-22 17:16:27,352 - Peer 1006 received the 'not interested' message from 1001.
2026-04-22 17:16:27,352 - Peer 1006 received the 'not interested' message from 1004.
2026-04-22 17:16:27,352 - Peer 1006 received the 'not interested' message from 1004.
2026-04-22 17:16:27,355 - Peer 1006 received the 'not interested' message from 1003.
2026-04-22 17:16:27,356 - Peer 1006 received the 'not interested' message from 1005.
2026-04-22 17:16:27,357 - Peer 1006 received the 'not interested' message from 1001.
2026-04-22 17:16:27,360 - Peer 1006 received the 'not interested' message from 1005.
2026-04-22 17:16:27,360 - Peer 1006 received the 'not interested' message from 1004.
2026-04-22 17:16:27,361 - Peer 1006 received the 'not interested' message from 1003.
2026-04-22 17:16:27,362 - Peer 1006 received the 'not interested' message from 1001.
2026-04-22 17:16:27,363 - Peer 1006 received the 'not interested' message from 1005.
2026-04-22 17:16:27,363 - Peer 1006 received the 'not interested' message from 1004.
2026-04-22 17:16:27,363 - Peer 1006 received the 'not interested' message from 1003.
2026-04-22 17:16:27,364 - Peer 1006 received the 'not interested' message from 1005.
2026-04-22 17:16:27,365 - Peer 1006 received the 'not interested' message from 1004.
2026-04-22 17:16:27,365 - Peer 1006 received the 'not interested' message from 1003.
2026-04-22 17:16:27,365 - Peer 1006 has downloaded the piece 1070 from 1001. Now the number of pieces it has is 756.
2026-04-22 17:16:27,366 - Peer 1006 received the 'not interested' message from 1004.
2026-04-22 17:16:27,366 - Peer 1006 received the 'not interested' message from 1002.
2026-04-22 17:16:27,367 - Peer 1006 has downloaded the piece 14 from 1005. Now the number of pieces it has is 757.
2026-04-22 17:16:27,367 - Peer 1006 received the 'not interested' message from 1004.
2026-04-22 17:16:27,367 - Peer 1006 received the 'not interested' message from 1003.
2026-04-22 17:16:27,369 - Peer 1006 received the 'not interested' message from 1002.
2026-04-22 17:16:27,370 - Peer 1006 received the 'not interested' message from 1004.
2026-04-22 17:16:27,371 - Peer 1006 received the 'not interested' message from 1003.
2026-04-22 17:16:27,372 - Peer 1006 received the 'not interested' message from 1004.
2026-04-22 17:16:27,372 - Peer 1006 received the 'not interested' message from 1005.
2026-04-22 17:16:27,372 - Peer 1006 received the 'not interested' message from 1002.
2026-04-22 17:16:27,374 - Peer 1006 received the 'not interested' message from 1001.
2026-04-22 17:16:27,374 - Peer 1006 received the 'not interested' message from 1003.
2026-04-22 17:16:27,374 - Peer 1006 received the 'not interested' message from 1004.
2026-04-22 17:16:27,374 - Peer 1006 received the 'not interested' message from 1005.
2026-04-22 17:16:27,375 - Peer 1006 received the 'not interested' message from 1002.
2026-04-22 17:16:27,375 - Peer 1006 received the 'not interested' message from 1001.
2026-04-22 17:16:27,376 - Peer 1006 received the 'not interested' message from 1005.
2026-04-22 17:16:27,376 - Peer 1006 received the 'not interested' message from 1002.
2026-04-22 17:16:27,376 - Peer 1006 received the 'not interested' message from 1001.
2026-04-22 17:16:27,377 - Peer 1006 received the 'not interested' message from 1002.
2026-04-22 17:16:27,377 - Peer 1006 has downloaded the piece 219 from 1003. Now the number of pieces it has is 758.
2026-04-22 17:16:27,378 - Peer 1006 received the 'not interested' message from 1001.
2026-04-22 17:16:27,378 - Peer 1006 has downloaded the piece 1531 from 1004. Now the number of pieces it has is 759.
2026-04-22 17:16:27,379 - Peer 1006 received the 'not interested' message from 1001.
2026-04-22 17:16:27,379 - Peer 1006 has downloaded the piece 342 from 1005. Now the number of pieces it has is 760.
2026-04-22 17:16:27,381 - Peer 1006 has downloaded the piece 911 from 1002. Now the number of pieces it has is 761.
2026-04-22 17:16:27,382 - Peer 1006 has downloaded the piece 1269 from 1001. Now the number of pieces it has is 762.
2026-04-22 17:16:27,387 - Peer 1006 received the 'not interested' message from 1003.
2026-04-22 17:16:27,389 - Peer 1006 received the 'not interested' message from 1004.
2026-04-22 17:16:27,391 - Peer 1006 received the 'not interested' message from 1003.
2026-04-22 17:16:27,392 - Peer 1006 received the 'not interested' message from 1004.
2026-04-22 17:16:27,393 - Peer 1006 received the 'not interested' message from 1003.
2026-04-22 17:16:27,394 - Peer 1006 received the 'not interested' message from 1002.
2026-04-22 17:16:27,395 - Peer 1006 received the 'not interested' message from 1004.
2026-04-22 17:16:27,396 - Peer 1006 received the 'not interested' message from 1001.
2026-04-22 17:16:27,396 - Peer 1006 received the 'not interested' message from 1003.
2026-04-22 17:16:27,396 - Peer 1006 received the 'not interested' message from 1005.
2026-04-22 17:16:27,396 - Peer 1006 received the 'not interested' message from 1002.
2026-04-22 17:16:27,396 - Peer 1006 received the 'not interested' message from 1004.
2026-04-22 17:16:27,396 - Peer 1006 received the 'not interested' message from 1001.
2026-04-22 17:16:27,397 - Peer 1006 received the 'not interested' message from 1005.
2026-04-22 17:16:27,397 - Peer 1006 received the 'not interested' message from 1002.
2026-04-22 17:16:27,397 - Peer 1006 received the 'not interested' message from 1003.
2026-04-22 17:16:27,397 - Peer 1006 received the 'not interested' message from 1004.
2026-04-22 17:16:27,397 - Peer 1006 received the 'not interested' message from 1001.
2026-04-22 17:16:27,397 - Peer 1006 received the 'not interested' message from 1005.
2026-04-22 17:16:27,399 - Peer 1006 received the 'not interested' message from 1002.
2026-04-22 17:16:27,399 - Peer 1006 received the 'not interested' message from 1004.
2026-04-22 17:16:27,399 - Peer 1006 received the 'not interested' message from 1001.
2026-04-22 17:16:27,399 - Peer 1006 received the 'not interested' message from 1005.
2026-04-22 17:16:27,399 - Peer 1006 received the 'not interested' message from 1002.
2026-04-22 17:16:27,401 - Peer 1006 received the 'not interested' message from 1005.
2026-04-22 17:16:27,401 - Peer 1006 received the 'not interested' message from 1004.
2026-04-22 17:16:27,401 - Peer 1006 received the 'not interested' message from 1001.
2026-04-22 17:16:27,401 - Peer 1006 received the 'not interested' message from 1002.
2026-04-22 17:16:27,402 - Peer 1006 received the 'not interested' message from 1002.
2026-04-22 17:16:27,403 - Peer 1006 has downloaded the piece 1102 from 1005. Now the number of pieces it has is 763.
2026-04-22 17:16:27,404 - Peer 1006 has downloaded the piece 1586 from 1001. Now the number of pieces it has is 764.
2026-04-22 17:16:27,404 - Peer 1006 has downloaded the piece 1076 from 1002. Now the number of pieces it has is 765.
2026-04-22 17:16:27,406 - Peer 1006 received the 'not interested' message from 1004.
2026-04-22 17:16:27,407 - Peer 1006 received the 'not interested' message from 1003.
2026-04-22 17:16:27,408 - Peer 1006 received the 'not interested' message from 1003.
2026-04-22 17:16:27,408 - Peer 1006 received the 'not interested' message from 1003.
2026-04-22 17:16:27,409 - Peer 1006 has downloaded the piece 177 from 1004. Now the number of pieces it has is 766.
2026-04-22 17:16:27,411 - Peer 1006 received the 'not interested' message from 1005.
2026-04-22 17:16:27,412 - Peer 1006 received the 'not interested' message from 1005.
2026-04-22 17:16:27,412 - Peer 1006 has downloaded the piece 1517 from 1003. Now the number of pieces it has is 767.
2026-04-22 17:16:27,415 - Peer 1006 received the 'not interested' message from 1001.
2026-04-22 17:16:27,415 - Peer 1006 received the 'not interested' message from 1002.
2026-04-22 17:16:27,415 - Peer 1006 received the 'not interested' message from 1001.
2026-04-22 17:16:27,415 - Peer 1006 received the 'not interested' message from 1002.
2026-04-22 17:16:27,415 - Peer 1006 received the 'not interested' message from 1001.
2026-04-22 17:16:27,416 - Peer 1006 received the 'not interested' message from 1002.
2026-04-22 17:16:27,416 - Peer 1006 has downloaded the piece 859 from 1005. Now the number of pieces it has is 768.
2026-04-22 17:16:27,418 - Peer 1006 received the 'not interested' message from 1001.
2026-04-22 17:16:27,418 - Peer 1006 received the 'not interested' message from 1004.
2026-04-22 17:16:27,418 - Peer 1006 received the 'not interested' message from 1002.
2026-04-22 17:16:27,421 - Peer 1006 received the 'not interested' message from 1003.
2026-04-22 17:16:27,421 - Peer 1006 received the 'not interested' message from 1004.
2026-04-22 17:16:27,421 - Peer 1006 received the 'not interested' message from 1004.
2026-04-22 17:16:27,422 - Peer 1006 has downloaded the piece 1011 from 1001. Now the number of pieces it has is 769.
2026-04-22 17:16:27,423 - Peer 1006 has downloaded the piece 857 from 1002. Now the number of pieces it has is 770.
2026-04-22 17:16:27,423 - Peer 1006 received the 'not interested' message from 1005.
2026-04-22 17:16:27,424 - Peer 1006 received the 'not interested' message from 1003.
2026-04-22 17:16:27,424 - Peer 1006 received the 'not interested' message from 1005.
2026-04-22 17:16:27,425 - Peer 1006 received the 'not interested' message from 1004.
2026-04-22 17:16:27,425 - Peer 1006 received the 'not interested' message from 1005.
2026-04-22 17:16:27,427 - Peer 1006 received the 'not interested' message from 1005.
2026-04-22 17:16:27,427 - Peer 1006 received the 'not interested' message from 1001.
2026-04-22 17:16:27,427 - Peer 1006 received the 'not interested' message from 1002.
2026-04-22 17:16:27,428 - Peer 1006 received the 'not interested' message from 1001.
2026-04-22 17:16:27,428 - Peer 1006 received the 'not interested' message from 1002.
2026-04-22 17:16:27,428 - Peer 1006 received the 'not interested' message from 1001.
2026-04-22 17:16:27,429 - Peer 1006 received the 'not interested' message from 1002.
2026-04-22 17:16:27,429 - Peer 1006 received the 'not interested' message from 1003.
2026-04-22 17:16:27,429 - Peer 1006 received the 'not interested' message from 1004.
2026-04-22 17:16:27,429 - Peer 1006 has downloaded the piece 798 from 1005. Now the number of pieces it has is 771.
2026-04-22 17:16:27,429 - Peer 1006 received the 'not interested' message from 1001.
2026-04-22 17:16:27,429 - Peer 1006 received the 'not interested' message from 1002.
2026-04-22 17:16:27,429 - Peer 1006 received the 'not interested' message from 1003.
2026-04-22 17:16:27,433 - Peer 1006 has downloaded the piece 1121 from 1001. Now the number of pieces it has is 772.
2026-04-22 17:16:27,435 - Peer 1006 has downloaded the piece 448 from 1002. Now the number of pieces it has is 773.
2026-04-22 17:16:27,436 - Peer 1006 received the 'not interested' message from 1004.
2026-04-22 17:16:27,439 - Peer 1006 received the 'not interested' message from 1005.
2026-04-22 17:16:27,440 - Peer 1006 received the 'not interested' message from 1003.
2026-04-22 17:16:27,441 - Peer 1006 received the 'not interested' message from 1004.
2026-04-22 17:16:27,442 - Peer 1006 received the 'not interested' message from 1001.
2026-04-22 17:16:27,442 - Peer 1006 received the 'not interested' message from 1005.
2026-04-22 17:16:27,442 - Peer 1006 received the 'not interested' message from 1002.
2026-04-22 17:16:27,442 - Peer 1006 received the 'not interested' message from 1003.
2026-04-22 17:16:27,443 - Peer 1006 received the 'not interested' message from 1001.
2026-04-22 17:16:27,443 - Peer 1006 received the 'not interested' message from 1005.
2026-04-22 17:16:27,443 - Peer 1006 received the 'not interested' message from 1002.
2026-04-22 17:16:27,444 - Peer 1006 has downloaded the piece 568 from 1004. Now the number of pieces it has is 774.
2026-04-22 17:16:27,444 - Peer 1006 received the 'not interested' message from 1001.
2026-04-22 17:16:27,445 - Peer 1006 received the 'not interested' message from 1002.
2026-04-22 17:16:27,445 - Peer 1006 has downloaded the piece 1064 from 1003. Now the number of pieces it has is 775.
2026-04-22 17:16:27,446 - Peer 1006 has downloaded the piece 469 from 1005. Now the number of pieces it has is 776.
2026-04-22 17:16:27,447 - Peer 1006 has downloaded the piece 1317 from 1001. Now the number of pieces it has is 777.
2026-04-22 17:16:27,449 - Peer 1006 has downloaded the piece 812 from 1002. Now the number of pieces it has is 778.
2026-04-22 17:16:27,456 - Peer 1006 received the 'not interested' message from 1002.
2026-04-22 17:16:27,456 - Peer 1006 received the 'not interested' message from 1004.
2026-04-22 17:16:27,456 - Peer 1006 received the 'not interested' message from 1003.
2026-04-22 17:16:27,458 - Peer 1006 received the 'not interested' message from 1005.
2026-04-22 17:16:27,458 - Peer 1006 received the 'not interested' message from 1002.
2026-04-22 17:16:27,458 - Peer 1006 received the 'not interested' message from 1004.
2026-04-22 17:16:27,458 - Peer 1006 received the 'not interested' message from 1001.
2026-04-22 17:16:27,458 - Peer 1006 received the 'not interested' message from 1005.
2026-04-22 17:16:27,458 - Peer 1006 received the 'not interested' message from 1003.
2026-04-22 17:16:27,458 - Peer 1006 received the 'not interested' message from 1002.
2026-04-22 17:16:27,459 - Peer 1006 received the 'not interested' message from 1004.
2026-04-22 17:16:27,459 - Peer 1006 received the 'not interested' message from 1001.
2026-04-22 17:16:27,459 - Peer 1006 received the 'not interested' message from 1005.
2026-04-22 17:16:27,459 - Peer 1006 received the 'not interested' message from 1003.
2026-04-22 17:16:27,460 - Peer 1006 received the 'not interested' message from 1002.
2026-04-22 17:16:27,461 - Peer 1006 received the 'not interested' message from 1004.
2026-04-22 17:16:27,461 - Peer 1006 received the 'not interested' message from 1001.
2026-04-22 17:16:27,461 - Peer 1006 received the 'not interested' message from 1005.
2026-04-22 17:16:27,462 - Peer 1006 received the 'not interested' message from 1002.
2026-04-22 17:16:27,462 - Peer 1006 received the 'not interested' message from 1001.
2026-04-22 17:16:27,462 - Peer 1006 received the 'not interested' message from 1005.
2026-04-22 17:16:27,463 - Peer 1006 received the 'not interested' message from 1001.
2026-04-22 17:16:27,463 - Peer 1006 received the 'not interested' message from 1005.
2026-04-22 17:16:27,464 - Peer 1006 received the 'not interested' message from 1005.
2026-04-22 17:16:27,464 - Peer 1006 has downloaded the piece 941 from 1002. Now the number of pieces it has is 779.
2026-04-22 17:16:27,465 - Peer 1006 has downloaded the piece 99 from 1001. Now the number of pieces it has is 780.
2026-04-22 17:16:27,465 - Peer 1006 has downloaded the piece 27 from 1005. Now the number of pieces it has is 781.
2026-04-22 17:16:27,467 - Peer 1006 received the 'not interested' message from 1004.
2026-04-22 17:16:27,468 - Peer 1006 received the 'not interested' message from 1003.
2026-04-22 17:16:27,469 - Peer 1006 received the 'not interested' message from 1001.
2026-04-22 17:16:27,469 - Peer 1006 received the 'not interested' message from 1002.
2026-04-22 17:16:27,471 - Peer 1006 received the 'not interested' message from 1003.
2026-04-22 17:16:27,471 - Peer 1006 received the 'not interested' message from 1005.
2026-04-22 17:16:27,471 - Peer 1006 received the 'not interested' message from 1001.
2026-04-22 17:16:27,471 - Peer 1006 received the 'not interested' message from 1002.
2026-04-22 17:16:27,471 - Peer 1006 received the 'not interested' message from 1003.
2026-04-22 17:16:27,471 - Peer 1006 received the 'not interested' message from 1005.
2026-04-22 17:16:27,471 - Peer 1006 received the 'not interested' message from 1001.
2026-04-22 17:16:27,472 - Peer 1006 received the 'not interested' message from 1002.
2026-04-22 17:16:27,472 - Peer 1006 received the 'not interested' message from 1004.
2026-04-22 17:16:27,472 - Peer 1006 received the 'not interested' message from 1005.
2026-04-22 17:16:27,473 - Peer 1006 received the 'not interested' message from 1003.
2026-04-22 17:16:27,473 - Peer 1006 received the 'not interested' message from 1004.
2026-04-22 17:16:27,474 - Peer 1006 has downloaded the piece 371 from 1001. Now the number of pieces it has is 782.
2026-04-22 17:16:27,474 - Peer 1006 received the 'not interested' message from 1003.
2026-04-22 17:16:27,475 - Peer 1006 has downloaded the piece 15 from 1002. Now the number of pieces it has is 783.
2026-04-22 17:16:27,476 - Peer 1006 has downloaded the piece 880 from 1005. Now the number of pieces it has is 784.
2026-04-22 17:16:27,477 - Peer 1006 received the 'not interested' message from 1003.
2026-04-22 17:16:27,477 - Peer 1006 received the 'not interested' message from 1004.
2026-04-22 17:16:27,480 - Peer 1006 received the 'not interested' message from 1003.
2026-04-22 17:16:27,480 - Peer 1006 received the 'not interested' message from 1001.
2026-04-22 17:16:27,481 - Peer 1006 received the 'not interested' message from 1004.
2026-04-22 17:16:27,481 - Peer 1006 received the 'not interested' message from 1003.
2026-04-22 17:16:27,484 - Peer 1006 received the 'not interested' message from 1002.
2026-04-22 17:16:27,486 - Peer 1006 received the 'not interested' message from 1001.
2026-04-22 17:16:27,486 - Peer 1006 received the 'not interested' message from 1004.
2026-04-22 17:16:27,486 - Peer 1006 received the 'not interested' message from 1005.
2026-04-22 17:16:27,486 - Peer 1006 received the 'not interested' message from 1002.
2026-04-22 17:16:27,486 - Peer 1006 received the 'not interested' message from 1001.
2026-04-22 17:16:27,487 - Peer 1006 received the 'not interested' message from 1005.
2026-04-22 17:16:27,487 - Peer 1006 has downloaded the piece 424 from 1003. Now the number of pieces it has is 785.
2026-04-22 17:16:27,487 - Peer 1006 received the 'not interested' message from 1002.
2026-04-22 17:16:27,489 - Peer 1006 received the 'not interested' message from 1005.
2026-04-22 17:16:27,489 - Peer 1006 has downloaded the piece 674 from 1004. Now the number of pieces it has is 786.
2026-04-22 17:16:27,490 - Peer 1006 has downloaded the piece 988 from 1001. Now the number of pieces it has is 787.
2026-04-22 17:16:27,491 - Peer 1006 has downloaded the piece 163 from 1002. Now the number of pieces it has is 788.
2026-04-22 17:16:27,493 - Peer 1006 has downloaded the piece 1082 from 1005. Now the number of pieces it has is 789.
2026-04-22 17:16:27,497 - Peer 1006 received the 'not interested' message from 1003.
2026-04-22 17:16:27,499 - Peer 1006 received the 'not interested' message from 1002.
2026-04-22 17:16:27,499 - Peer 1006 received the 'not interested' message from 1003.
2026-04-22 17:16:27,501 - Peer 1006 received the 'not interested' message from 1001.
2026-04-22 17:16:27,501 - Peer 1006 received the 'not interested' message from 1004.
2026-04-22 17:16:27,501 - Peer 1006 received the 'not interested' message from 1002.
2026-04-22 17:16:27,502 - Peer 1006 received the 'not interested' message from 1003.
2026-04-22 17:16:27,502 - Peer 1006 received the 'not interested' message from 1001.
2026-04-22 17:16:27,503 - Peer 1006 received the 'not interested' message from 1004.
2026-04-22 17:16:27,503 - Peer 1006 received the 'not interested' message from 1005.
2026-04-22 17:16:27,504 - Peer 1006 received the 'not interested' message from 1002.
2026-04-22 17:16:27,504 - Peer 1006 received the 'not interested' message from 1003.
2026-04-22 17:16:27,504 - Peer 1006 received the 'not interested' message from 1001.
2026-04-22 17:16:27,504 - Peer 1006 received the 'not interested' message from 1004.
2026-04-22 17:16:27,504 - Peer 1006 received the 'not interested' message from 1005.
2026-04-22 17:16:27,505 - Peer 1006 received the 'not interested' message from 1002.
2026-04-22 17:16:27,505 - Peer 1006 received the 'not interested' message from 1003.
2026-04-22 17:16:27,505 - Peer 1006 received the 'not interested' message from 1001.
2026-04-22 17:16:27,505 - Peer 1006 received the 'not interested' message from 1004.
2026-04-22 17:16:27,505 - Peer 1006 received the 'not interested' message from 1005.
2026-04-22 17:16:27,506 - Peer 1006 received the 'not interested' message from 1003.
2026-04-22 17:16:27,506 - Peer 1006 received the 'not interested' message from 1001.
2026-04-22 17:16:27,506 - Peer 1006 received the 'not interested' message from 1004.
2026-04-22 17:16:27,506 - Peer 1006 received the 'not interested' message from 1005.
2026-04-22 17:16:27,508 - Peer 1006 has downloaded the piece 422 from 1002. Now the number of pieces it has is 790.
2026-04-22 17:16:27,508 - Peer 1006 received the 'not interested' message from 1003.
2026-04-22 17:16:27,508 - Peer 1006 received the 'not interested' message from 1004.
2026-04-22 17:16:27,508 - Peer 1006 has downloaded the piece 453 from 1001. Now the number of pieces it has is 791.
2026-04-22 17:16:27,511 - Peer 1006 received the 'not interested' message from 1004.
2026-04-22 17:16:27,513 - Peer 1006 received the 'not interested' message from 1005.
2026-04-22 17:16:27,513 - Peer 1006 received the 'not interested' message from 1002.
2026-04-22 17:16:27,513 - Peer 1006 received the 'not interested' message from 1003.
2026-04-22 17:16:27,514 - Peer 1006 received the 'not interested' message from 1004.
2026-04-22 17:16:27,515 - Peer 1006 received the 'not interested' message from 1002.
2026-04-22 17:16:27,516 - Peer 1006 received the 'not interested' message from 1003.
2026-04-22 17:16:27,516 - Peer 1006 received the 'not interested' message from 1004.
2026-04-22 17:16:27,516 - Peer 1006 received the 'not interested' message from 1003.
2026-04-22 17:16:27,517 - Peer 1006 received the 'not interested' message from 1004.
2026-04-22 17:16:27,517 - Peer 1006 has downloaded the piece 155 from 1005. Now the number of pieces it has is 792.
2026-04-22 17:16:27,517 - Peer 1006 received the 'not interested' message from 1004.
2026-04-22 17:16:27,517 - Peer 1006 received the 'not interested' message from 1004.
2026-04-22 17:16:27,519 - Peer 1006 has downloaded the piece 353 from 1002. Now the number of pieces it has is 793.
2026-04-22 17:16:27,519 - Peer 1006 has downloaded the piece 131 from 1003. Now the number of pieces it has is 794.
2026-04-22 17:16:27,520 - Peer 1006 has downloaded the piece 807 from 1004. Now the number of pieces it has is 795.
2026-04-22 17:16:27,522 - Peer 1006 received the 'not interested' message from 1001.
2026-04-22 17:16:27,523 - Peer 1006 received the 'not interested' message from 1001.
2026-04-22 17:16:27,525 - Peer 1006 received the 'not interested' message from 1001.
2026-04-22 17:16:27,527 - Peer 1006 received the 'not interested' message from 1001.
2026-04-22 17:16:27,527 - Peer 1006 received the 'not interested' message from 1002.
2026-04-22 17:16:27,528 - Peer 1006 received the 'not interested' message from 1005.
2026-04-22 17:16:27,528 - Peer 1006 received the 'not interested' message from 1001.
2026-04-22 17:16:27,529 - Peer 1006 received the 'not interested' message from 1004.
2026-04-22 17:16:27,529 - Peer 1006 received the 'not interested' message from 1003.
2026-04-22 17:16:27,529 - Peer 1006 received the 'not interested' message from 1005.
2026-04-22 17:16:27,530 - Peer 1006 received the 'not interested' message from 1002.
2026-04-22 17:16:27,530 - Peer 1006 received the 'not interested' message from 1004.
2026-04-22 17:16:27,530 - Peer 1006 received the 'not interested' message from 1002.
2026-04-22 17:16:27,531 - Peer 1006 received the 'not interested' message from 1003.
2026-04-22 17:16:27,531 - Peer 1006 received the 'not interested' message from 1005.
2026-04-22 17:16:27,531 - Peer 1006 received the 'not interested' message from 1004.
2026-04-22 17:16:27,531 - Peer 1006 received the 'not interested' message from 1002.
2026-04-22 17:16:27,531 - Peer 1006 has downloaded the piece 587 from 1001. Now the number of pieces it has is 796.
2026-04-22 17:16:27,531 - Peer 1006 received the 'not interested' message from 1005.
2026-04-22 17:16:27,533 - Peer 1006 received the 'not interested' message from 1002.
2026-04-22 17:16:27,533 - Peer 1006 received the 'not interested' message from 1005.
2026-04-22 17:16:27,533 - Peer 1006 received the 'not interested' message from 1004.
2026-04-22 17:16:27,534 - Peer 1006 received the 'not interested' message from 1001.
2026-04-22 17:16:27,534 - Peer 1006 received the 'not interested' message from 1005.
2026-04-22 17:16:27,534 - Peer 1006 received the 'not interested' message from 1001.
2026-04-22 17:16:27,534 - Peer 1006 received the 'not interested' message from 1003.
2026-04-22 17:16:27,536 - Peer 1006 received the 'not interested' message from 1003.
2026-04-22 17:16:27,536 - Peer 1006 has downloaded the piece 990 from 1002. Now the number of pieces it has is 797.
2026-04-22 17:16:27,536 - Peer 1006 received the 'not interested' message from 1003.
2026-04-22 17:16:27,536 - Peer 1006 received the 'not interested' message from 1003.
2026-04-22 17:16:27,536 - Peer 1006 has downloaded the piece 1137 from 1005. Now the number of pieces it has is 798.
2026-04-22 17:16:27,537 - Peer 1006 has downloaded the piece 119 from 1001. Now the number of pieces it has is 799.
2026-04-22 17:16:27,542 - Peer 1006 received the 'not interested' message from 1005.
2026-04-22 17:16:27,542 - Peer 1006 received the 'not interested' message from 1003.
2026-04-22 17:16:27,542 - Peer 1006 received the 'not interested' message from 1002.
2026-04-22 17:16:27,542 - Peer 1006 received the 'not interested' message from 1001.
2026-04-22 17:16:27,542 - Peer 1006 received the 'not interested' message from 1005.
2026-04-22 17:16:27,544 - Peer 1006 received the 'not interested' message from 1002.
2026-04-22 17:16:27,544 - Peer 1006 received the 'not interested' message from 1001.
2026-04-22 17:16:27,544 - Peer 1006 received the 'not interested' message from 1005.
2026-04-22 17:16:27,544 - Peer 1006 received the 'not interested' message from 1002.
2026-04-22 17:16:27,544 - Peer 1006 received the 'not interested' message from 1001.
2026-04-22 17:16:27,544 - Peer 1006 received the 'not interested' message from 1002.
2026-04-22 17:16:27,545 - Peer 1006 has downloaded the piece 285 from 1005. Now the number of pieces it has is 800.
2026-04-22 17:16:27,545 - Peer 1006 has downloaded the piece 540 from 1001. Now the number of pieces it has is 801.
2026-04-22 17:16:27,547 - Peer 1006 has downloaded the piece 571 from 1002. Now the number of pieces it has is 802.
2026-04-22 17:16:27,549 - Peer 1006 received the 'not interested' message from 1004.
2026-04-22 17:16:27,549 - Peer 1006 received the 'not interested' message from 1004.
2026-04-22 17:16:27,550 - Peer 1006 received the 'not interested' message from 1004.
2026-04-22 17:16:27,550 - Peer 1006 has downloaded the piece 39 from 1003. Now the number of pieces it has is 803.
2026-04-22 17:16:27,551 - Peer 1006 received the 'not interested' message from 1001.
2026-04-22 17:16:27,552 - Peer 1006 received the 'not interested' message from 1001.
2026-04-22 17:16:27,552 - Peer 1006 received the 'not interested' message from 1001.
2026-04-22 17:16:27,552 - Peer 1006 has downloaded the piece 587 from 1004. Now the number of pieces it has is 803.
2026-04-22 17:16:27,554 - Peer 1006 received the 'not interested' message from 1005.
2026-04-22 17:16:27,554 - Peer 1006 received the 'not interested' message from 1002.
2026-04-22 17:16:27,554 - Peer 1006 received the 'not interested' message from 1005.
2026-04-22 17:16:27,554 - Peer 1006 has downloaded the piece 796 from 1001. Now the number of pieces it has is 804.
2026-04-22 17:16:27,554 - Peer 1006 received the 'not interested' message from 1002.
2026-04-22 17:16:27,556 - Peer 1006 received the 'not interested' message from 1005.
2026-04-22 17:16:27,559 - Peer 1006 received the 'not interested' message from 1002.
2026-04-22 17:16:27,559 - Peer 1006 received the 'not interested' message from 1005.
2026-04-22 17:16:27,561 - Peer 1006 has downloaded the piece 1323 from 1002. Now the number of pieces it has is 805.
2026-04-22 17:16:27,561 - Peer 1006 has downloaded the piece 1391 from 1005. Now the number of pieces it has is 806.
2026-04-22 17:16:27,564 - Peer 1006 received the 'not interested' message from 1001.
2026-04-22 17:16:27,565 - Peer 1006 received the 'not interested' message from 1001.
2026-04-22 17:16:27,565 - Peer 1006 received the 'not interested' message from 1001.
2026-04-22 17:16:27,567 - Peer 1006 received the 'not interested' message from 1005.
2026-04-22 17:16:27,567 - Peer 1006 received the 'not interested' message from 1002.
2026-04-22 17:16:27,567 - Peer 1006 received the 'not interested' message from 1001.
2026-04-22 17:16:27,567 - Peer 1006 received the 'not interested' message from 1005.
2026-04-22 17:16:27,567 - Peer 1006 received the 'not interested' message from 1002.
2026-04-22 17:16:27,568 - Peer 1006 received the 'not interested' message from 1001.
2026-04-22 17:16:27,568 - Peer 1006 received the 'not interested' message from 1005.
2026-04-22 17:16:27,568 - Peer 1006 received the 'not interested' message from 1002.
2026-04-22 17:16:27,568 - Peer 1006 received the 'not interested' message from 1005.
2026-04-22 17:16:27,568 - Peer 1006 received the 'not interested' message from 1002.
2026-04-22 17:16:27,569 - Peer 1006 has downloaded the piece 668 from 1001. Now the number of pieces it has is 807.
2026-04-22 17:16:27,569 - Peer 1006 received the 'not interested' message from 1005.
2026-04-22 17:16:27,569 - Peer 1006 received the 'not interested' message from 1002.
2026-04-22 17:16:27,571 - Peer 1006 has downloaded the piece 223 from 1005. Now the number of pieces it has is 808.
2026-04-22 17:16:27,572 - Peer 1006 has downloaded the piece 840 from 1002. Now the number of pieces it has is 809.
2026-04-22 17:16:27,575 - Peer 1006 received the 'not interested' message from 1001.
2026-04-22 17:16:27,576 - Peer 1006 received the 'not interested' message from 1001.
2026-04-22 17:16:27,576 - Peer 1006 received the 'not interested' message from 1005.
2026-04-22 17:16:27,576 - Peer 1006 received the 'not interested' message from 1001.
2026-04-22 17:16:27,577 - Peer 1006 received the 'not interested' message from 1005.
2026-04-22 17:16:27,577 - Peer 1006 received the 'not interested' message from 1002.
2026-04-22 17:16:27,578 - Peer 1006 received the 'not interested' message from 1002.
2026-04-22 17:16:27,578 - Peer 1006 received the 'not interested' message from 1002.
2026-04-22 17:16:27,578 - Peer 1006 has downloaded the piece 567 from 1001. Now the number of pieces it has is 810.
2026-04-22 17:16:27,578 - Peer 1006 received the 'not interested' message from 1003.
2026-04-22 17:16:27,579 - Peer 1006 received the 'not interested' message from 1003.
2026-04-22 17:16:27,579 - Peer 1006 received the 'not interested' message from 1004.
2026-04-22 17:16:27,579 - Peer 1006 received the 'not interested' message from 1003.
2026-04-22 17:16:27,579 - Peer 1006 has downloaded the piece 1202 from 1005. Now the number of pieces it has is 811.
2026-04-22 17:16:27,579 - Peer 1006 received the 'not interested' message from 1003.
2026-04-22 17:16:27,581 - Peer 1006 has downloaded the piece 37 from 1002. Now the number of pieces it has is 812.
2026-04-22 17:16:27,583 - Peer 1006 received the 'not interested' message from 1005.
2026-04-22 17:16:27,584 - Peer 1006 received the 'not interested' message from 1005.
2026-04-22 17:16:27,586 - Peer 1006 received the 'not interested' message from 1001.
2026-04-22 17:16:27,586 - Peer 1006 received the 'not interested' message from 1001.
2026-04-22 17:16:27,586 - Peer 1006 received the 'not interested' message from 1001.
2026-04-22 17:16:27,587 - Peer 1006 received the 'not interested' message from 1002.
2026-04-22 17:16:27,588 - Peer 1006 received the 'not interested' message from 1004.
2026-04-22 17:16:27,588 - Peer 1006 received the 'not interested' message from 1003.
2026-04-22 17:16:27,588 - Peer 1006 received the 'not interested' message from 1002.
2026-04-22 17:16:27,588 - Peer 1006 received the 'not interested' message from 1004.
2026-04-22 17:16:27,589 - Peer 1006 received the 'not interested' message from 1003.
2026-04-22 17:16:27,589 - Peer 1006 received the 'not interested' message from 1002.
2026-04-22 17:16:27,589 - Peer 1006 received the 'not interested' message from 1004.
2026-04-22 17:16:27,589 - Peer 1006 received the 'not interested' message from 1003.
2026-04-22 17:16:27,589 - Peer 1006 has downloaded the piece 525 from 1001. Now the number of pieces it has is 813.
2026-04-22 17:16:27,591 - Peer 1006 received the 'not interested' message from 1004.
2026-04-22 17:16:27,591 - Peer 1006 received the 'not interested' message from 1003.
2026-04-22 17:16:27,591 - Peer 1006 has downloaded the piece 1075 from 1002. Now the number of pieces it has is 814.
2026-04-22 17:16:27,593 - Peer 1006 received the 'not interested' message from 1004.
2026-04-22 17:16:27,593 - Peer 1006 received the 'not interested' message from 1003.
2026-04-22 17:16:27,594 - Peer 1006 received the 'not interested' message from 1004.
2026-04-22 17:16:27,595 - Peer 1006 received the 'not interested' message from 1001.
2026-04-22 17:16:27,595 - Peer 1006 received the 'not interested' message from 1004.
2026-04-22 17:16:27,596 - Peer 1006 received the 'not interested' message from 1004.
2026-04-22 17:16:27,596 - Peer 1006 has downloaded the piece 187 from 1003. Now the number of pieces it has is 815.
2026-04-22 17:16:27,597 - Peer 1006 has downloaded the piece 1257 from 1001. Now the number of pieces it has is 816.
2026-04-22 17:16:27,597 - Peer 1006 has downloaded the piece 410 from 1004. Now the number of pieces it has is 817.
2026-04-22 17:16:27,601 - Peer 1006 received the 'not interested' message from 1002.
2026-04-22 17:16:27,602 - Peer 1006 received the 'not interested' message from 1005.
2026-04-22 17:16:27,602 - Peer 1006 received the 'not interested' message from 1002.
2026-04-22 17:16:27,605 - Peer 1006 received the 'not interested' message from 1001.
2026-04-22 17:16:27,605 - Peer 1006 received the 'not interested' message from 1004.
2026-04-22 17:16:27,605 - Peer 1006 received the 'not interested' message from 1003.
2026-04-22 17:16:27,606 - Peer 1006 received the 'not interested' message from 1001.
2026-04-22 17:16:27,606 - Peer 1006 received the 'not interested' message from 1004.
2026-04-22 17:16:27,606 - Peer 1006 received the 'not interested' message from 1002.
2026-04-22 17:16:27,606 - Peer 1006 received the 'not interested' message from 1001.
2026-04-22 17:16:27,606 - Peer 1006 has downloaded the piece 9 from 1005. Now the number of pieces it has is 818.
2026-04-22 17:16:27,608 - Peer 1006 received the 'not interested' message from 1003.
2026-04-22 17:16:27,608 - Peer 1006 received the 'not interested' message from 1004.
2026-04-22 17:16:27,608 - Peer 1006 received the 'not interested' message from 1002.
2026-04-22 17:16:27,608 - Peer 1006 received the 'not interested' message from 1001.
2026-04-22 17:16:27,608 - Peer 1006 received the 'not interested' message from 1003.
2026-04-22 17:16:27,609 - Peer 1006 received the 'not interested' message from 1004.
2026-04-22 17:16:27,609 - Peer 1006 received the 'not interested' message from 1003.
2026-04-22 17:16:27,609 - Peer 1006 received the 'not interested' message from 1004.
2026-04-22 17:16:27,611 - Peer 1006 has downloaded the piece 613 from 1002. Now the number of pieces it has is 819.
2026-04-22 17:16:27,611 - Peer 1006 received the 'not interested' message from 1003.
2026-04-22 17:16:27,611 - Peer 1006 received the 'not interested' message from 1003.
2026-04-22 17:16:27,611 - Peer 1006 has downloaded the piece 381 from 1001. Now the number of pieces it has is 820.
2026-04-22 17:16:27,612 - Peer 1006 received the 'not interested' message from 1003.
2026-04-22 17:16:27,613 - Peer 1006 received the 'not interested' message from 1003.
2026-04-22 17:16:27,613 - Peer 1006 received the 'not interested' message from 1005.
2026-04-22 17:16:27,614 - Peer 1006 received the 'not interested' message from 1003.
2026-04-22 17:16:27,615 - Peer 1006 received the 'not interested' message from 1005.
2026-04-22 17:16:27,615 - Peer 1006 received the 'not interested' message from 1003.
2026-04-22 17:16:27,616 - Peer 1006 received the 'not interested' message from 1005.
2026-04-22 17:16:27,616 - Peer 1006 received the 'not interested' message from 1001.
2026-04-22 17:16:27,617 - Peer 1006 received the 'not interested' message from 1002.
2026-04-22 17:16:27,617 - Peer 1006 received the 'not interested' message from 1005.
2026-04-22 17:16:27,617 - Peer 1006 received the 'not interested' message from 1003.
2026-04-22 17:16:27,617 - Peer 1006 received the 'not interested' message from 1001.
2026-04-22 17:16:27,619 - Peer 1006 received the 'not interested' message from 1002.
2026-04-22 17:16:27,620 - Peer 1006 received the 'not interested' message from 1003.
2026-04-22 17:16:27,620 - Peer 1006 received the 'not interested' message from 1005.
2026-04-22 17:16:27,621 - Peer 1006 received the 'not interested' message from 1001.
2026-04-22 17:16:27,621 - Peer 1006 received the 'not interested' message from 1002.
2026-04-22 17:16:27,621 - Peer 1006 received the 'not interested' message from 1003.
2026-04-22 17:16:27,622 - Peer 1006 received the 'not interested' message from 1005.
2026-04-22 17:16:27,622 - Peer 1006 received the 'not interested' message from 1002.
2026-04-22 17:16:27,622 - Peer 1006 received the 'not interested' message from 1003.
2026-04-22 17:16:27,623 - Peer 1006 received the 'not interested' message from 1005.
2026-04-22 17:16:27,623 - Peer 1006 has downloaded the piece 1027 from 1001. Now the number of pieces it has is 821.
2026-04-22 17:16:27,624 - Peer 1006 has downloaded the piece 998 from 1002. Now the number of pieces it has is 822.
2026-04-22 17:16:27,624 - Peer 1006 has downloaded the piece 286 from 1005. Now the number of pieces it has is 823.
2026-04-22 17:16:27,629 - Peer 1006 received the 'not interested' message from 1002.
2026-04-22 17:16:27,630 - Peer 1006 received the 'not interested' message from 1002.
2026-04-22 17:16:27,630 - Peer 1006 received the 'not interested' message from 1005.
2026-04-22 17:16:27,630 - Peer 1006 received the 'not interested' message from 1001.
2026-04-22 17:16:27,631 - Peer 1006 received the 'not interested' message from 1005.
2026-04-22 17:16:27,631 - Peer 1006 received the 'not interested' message from 1001.
2026-04-22 17:16:27,631 - Peer 1006 received the 'not interested' message from 1005.
2026-04-22 17:16:27,631 - Peer 1006 received the 'not interested' message from 1001.
2026-04-22 17:16:27,632 - Peer 1006 received the 'not interested' message from 1005.
2026-04-22 17:16:27,632 - Peer 1006 received the 'not interested' message from 1005.
2026-04-22 17:16:27,633 - Peer 1006 has downloaded the piece 310 from 1001. Now the number of pieces it has is 824.
2026-04-22 17:16:27,634 - Peer 1006 has downloaded the piece 1453 from 1003. Now the number of pieces it has is 825.
2026-04-22 17:16:27,635 - Peer 1006 received the 'not interested' message from 1002.
2026-04-22 17:16:27,636 - Peer 1006 has downloaded the piece 1151 from 1005. Now the number of pieces it has is 826.
2026-04-22 17:16:27,637 - Peer 1006 has downloaded the piece 44 from 1002. Now the number of pieces it has is 827.
2026-04-22 17:16:27,639 - Peer 1006 received the 'not interested' message from 1004.
2026-04-22 17:16:27,641 - Peer 1006 received the 'not interested' message from 1003.
2026-04-22 17:16:27,642 - Peer 1006 received the 'not interested' message from 1004.
2026-04-22 17:16:27,643 - Peer 1006 received the 'not interested' message from 1003.
2026-04-22 17:16:27,643 - Peer 1006 received the 'not interested' message from 1002.
2026-04-22 17:16:27,644 - Peer 1006 received the 'not interested' message from 1004.
2026-04-22 17:16:27,644 - Peer 1006 received the 'not interested' message from 1003.
2026-04-22 17:16:27,645 - Peer 1006 received the 'not interested' message from 1005.
2026-04-22 17:16:27,645 - Peer 1006 received the 'not interested' message from 1002.
2026-04-22 17:16:27,646 - Peer 1006 received the 'not interested' message from 1001.
2026-04-22 17:16:27,646 - Peer 1006 received the 'not interested' message from 1004.
2026-04-22 17:16:27,646 - Peer 1006 received the 'not interested' message from 1003.
2026-04-22 17:16:27,647 - Peer 1006 received the 'not interested' message from 1005.
2026-04-22 17:16:27,647 - Peer 1006 received the 'not interested' message from 1002.
2026-04-22 17:16:27,647 - Peer 1006 received the 'not interested' message from 1001.
2026-04-22 17:16:27,648 - Peer 1006 received the 'not interested' message from 1003.
2026-04-22 17:16:27,648 - Peer 1006 received the 'not interested' message from 1005.
2026-04-22 17:16:27,649 - Peer 1006 received the 'not interested' message from 1001.
2026-04-22 17:16:27,649 - Peer 1006 received the 'not interested' message from 1003.
2026-04-22 17:16:27,650 - Peer 1006 received the 'not interested' message from 1005.
2026-04-22 17:16:27,650 - Peer 1006 received the 'not interested' message from 1001.
2026-04-22 17:16:27,651 - Peer 1006 has downloaded the piece 1029 from 1002. Now the number of pieces it has is 828.
2026-04-22 17:16:27,652 - Peer 1006 has downloaded the piece 1597 from 1005. Now the number of pieces it has is 829.
2026-04-22 17:16:27,652 - Peer 1006 has downloaded the piece 858 from 1001. Now the number of pieces it has is 830.
2026-04-22 17:16:27,655 - Peer 1006 received the 'not interested' message from 1003.
2026-04-22 17:16:27,656 - Peer 1006 received the 'not interested' message from 1004.
2026-04-22 17:16:27,656 - Peer 1006 received the 'not interested' message from 1003.
2026-04-22 17:16:27,657 - Peer 1006 received the 'not interested' message from 1001.
2026-04-22 17:16:27,657 - Peer 1006 received the 'not interested' message from 1002.
2026-04-22 17:16:27,657 - Peer 1006 received the 'not interested' message from 1004.
2026-04-22 17:16:27,657 - Peer 1006 received the 'not interested' message from 1005.
2026-04-22 17:16:27,657 - Peer 1006 received the 'not interested' message from 1001.
2026-04-22 17:16:27,659 - Peer 1006 received the 'not interested' message from 1002.
2026-04-22 17:16:27,659 - Peer 1006 received the 'not interested' message from 1004.
2026-04-22 17:16:27,659 - Peer 1006 received the 'not interested' message from 1005.
2026-04-22 17:16:27,659 - Peer 1006 has downloaded the piece 1021 from 1003. Now the number of pieces it has is 831.
2026-04-22 17:16:27,659 - Peer 1006 received the 'not interested' message from 1001.
2026-04-22 17:16:27,659 - Peer 1006 received the 'not interested' message from 1002.
2026-04-22 17:16:27,660 - Peer 1006 received the 'not interested' message from 1004.
2026-04-22 17:16:27,660 - Peer 1006 received the 'not interested' message from 1005.
2026-04-22 17:16:27,661 - Peer 1006 received the 'not interested' message from 1002.
2026-04-22 17:16:27,661 - Peer 1006 received the 'not interested' message from 1004.
2026-04-22 17:16:27,662 - Peer 1006 has downloaded the piece 1523 from 1001. Now the number of pieces it has is 832.
2026-04-22 17:16:27,663 - Peer 1006 has downloaded the piece 901 from 1005. Now the number of pieces it has is 833.
2026-04-22 17:16:27,664 - Peer 1006 has downloaded the piece 302 from 1004. Now the number of pieces it has is 834.
2026-04-22 17:16:27,665 - Peer 1006 has downloaded the piece 789 from 1002. Now the number of pieces it has is 835.
2026-04-22 17:16:27,669 - Peer 1006 received the 'not interested' message from 1003.
2026-04-22 17:16:27,671 - Peer 1006 received the 'not interested' message from 1004.
2026-04-22 17:16:27,671 - Peer 1006 received the 'not interested' message from 1003.
2026-04-22 17:16:27,673 - Peer 1006 received the 'not interested' message from 1005.
2026-04-22 17:16:27,673 - Peer 1006 received the 'not interested' message from 1004.
2026-04-22 17:16:27,674 - Peer 1006 received the 'not interested' message from 1002.
2026-04-22 17:16:27,674 - Peer 1006 received the 'not interested' message from 1001.
2026-04-22 17:16:27,674 - Peer 1006 received the 'not interested' message from 1003.
2026-04-22 17:16:27,675 - Peer 1006 received the 'not interested' message from 1005.
2026-04-22 17:16:27,675 - Peer 1006 received the 'not interested' message from 1004.
2026-04-22 17:16:27,675 - Peer 1006 received the 'not interested' message from 1002.
2026-04-22 17:16:27,675 - Peer 1006 received the 'not interested' message from 1001.
2026-04-22 17:16:27,676 - Peer 1006 received the 'not interested' message from 1003.
2026-04-22 17:16:27,676 - Peer 1006 received the 'not interested' message from 1005.
2026-04-22 17:16:27,676 - Peer 1006 received the 'not interested' message from 1004.
2026-04-22 17:16:27,676 - Peer 1006 received the 'not interested' message from 1002.
2026-04-22 17:16:27,676 - Peer 1006 received the 'not interested' message from 1004.
2026-04-22 17:16:27,676 - Peer 1006 received the 'not interested' message from 1003.
2026-04-22 17:16:27,678 - Peer 1006 received the 'not interested' message from 1005.
2026-04-22 17:16:27,678 - Peer 1006 received the 'not interested' message from 1001.
2026-04-22 17:16:27,678 - Peer 1006 received the 'not interested' message from 1002.
2026-04-22 17:16:27,678 - Peer 1006 received the 'not interested' message from 1004.
2026-04-22 17:16:27,678 - Peer 1006 received the 'not interested' message from 1002.
2026-04-22 17:16:27,679 - Peer 1006 received the 'not interested' message from 1005.
2026-04-22 17:16:27,679 - Peer 1006 received the 'not interested' message from 1001.
2026-04-22 17:16:27,679 - Peer 1006 received the 'not interested' message from 1003.
2026-04-22 17:16:27,679 - Peer 1006 received the 'not interested' message from 1004.
2026-04-22 17:16:27,680 - Peer 1006 received the 'not interested' message from 1001.
2026-04-22 17:16:27,681 - Peer 1006 received the 'not interested' message from 1004.
2026-04-22 17:16:27,682 - Peer 1006 has downloaded the piece 1364 from 1005. Now the number of pieces it has is 836.
2026-04-22 17:16:27,682 - Peer 1006 received the 'not interested' message from 1003.
2026-04-22 17:16:27,682 - Peer 1006 received the 'not interested' message from 1004.
2026-04-22 17:16:27,683 - Peer 1006 has downloaded the piece 1045 from 1002. Now the number of pieces it has is 837.
2026-04-22 17:16:27,683 - Peer 1006 received the 'not interested' message from 1003.
2026-04-22 17:16:27,684 - Peer 1006 received the 'not interested' message from 1004.
2026-04-22 17:16:27,684 - Peer 1006 received the 'not interested' message from 1004.
2026-04-22 17:16:27,685 - Peer 1006 received the 'not interested' message from 1004.
2026-04-22 17:16:27,685 - Peer 1006 has downloaded the piece 1572 from 1001. Now the number of pieces it has is 838.
2026-04-22 17:16:27,686 - Peer 1006 received the 'not interested' message from 1004.
2026-04-22 17:16:27,686 - Peer 1006 received the 'not interested' message from 1004.
2026-04-22 17:16:27,686 - Peer 1006 has downloaded the piece 784 from 1003. Now the number of pieces it has is 839.
2026-04-22 17:16:27,687 - Peer 1006 received the 'not interested' message from 1004.
2026-04-22 17:16:27,689 - Peer 1006 has downloaded the piece 1473 from 1004. Now the number of pieces it has is 840.
2026-04-22 17:16:27,691 - Peer 1006 received the 'not interested' message from 1002.
2026-04-22 17:16:27,693 - Peer 1006 received the 'not interested' message from 1002.
2026-04-22 17:16:27,694 - Peer 1006 received the 'not interested' message from 1003.
2026-04-22 17:16:27,694 - Peer 1006 received the 'not interested' message from 1005.
2026-04-22 17:16:27,695 - Peer 1006 received the 'not interested' message from 1002.
2026-04-22 17:16:27,695 - Peer 1006 received the 'not interested' message from 1001.
2026-04-22 17:16:27,696 - Peer 1006 received the 'not interested' message from 1003.
2026-04-22 17:16:27,696 - Peer 1006 received the 'not interested' message from 1005.
2026-04-22 17:16:27,698 - Peer 1006 received the 'not interested' message from 1004.
2026-04-22 17:16:27,698 - Peer 1006 received the 'not interested' message from 1002.
2026-04-22 17:16:27,698 - Peer 1006 received the 'not interested' message from 1003.
2026-04-22 17:16:27,698 - Peer 1006 received the 'not interested' message from 1001.
2026-04-22 17:16:27,699 - Peer 1006 received the 'not interested' message from 1005.
2026-04-22 17:16:27,699 - Peer 1006 received the 'not interested' message from 1004.
2026-04-22 17:16:27,699 - Peer 1006 received the 'not interested' message from 1001.
2026-04-22 17:16:27,699 - Peer 1006 received the 'not interested' message from 1005.
2026-04-22 17:16:27,699 - Peer 1006 has downloaded the piece 1390 from 1002. Now the number of pieces it has is 841.
2026-04-22 17:16:27,699 - Peer 1006 received the 'not interested' message from 1004.
2026-04-22 17:16:27,701 - Peer 1006 received the 'not interested' message from 1003.
2026-04-22 17:16:27,701 - Peer 1006 received the 'not interested' message from 1001.
2026-04-22 17:16:27,702 - Peer 1006 received the 'not interested' message from 1001.
2026-04-22 17:16:27,702 - Peer 1006 has downloaded the piece 1245 from 1005. Now the number of pieces it has is 842.
2026-04-22 17:16:27,704 - Peer 1006 has downloaded the piece 1017 from 1001. Now the number of pieces it has is 843.
2026-04-22 17:16:27,705 - Peer 1006 received the 'not interested' message from 1003.
2026-04-22 17:16:27,707 - Peer 1006 received the 'not interested' message from 1003.
2026-04-22 17:16:27,707 - Peer 1006 received the 'not interested' message from 1002.
2026-04-22 17:16:27,708 - Peer 1006 received the 'not interested' message from 1003.
2026-04-22 17:16:27,708 - Peer 1006 received the 'not interested' message from 1002.
2026-04-22 17:16:27,709 - Peer 1006 received the 'not interested' message from 1005.
2026-04-22 17:16:27,709 - Peer 1006 received the 'not interested' message from 1001.
2026-04-22 17:16:27,709 - Peer 1006 received the 'not interested' message from 1002.
2026-04-22 17:16:27,711 - Peer 1006 received the 'not interested' message from 1005.
2026-04-22 17:16:27,711 - Peer 1006 received the 'not interested' message from 1001.
2026-04-22 17:16:27,711 - Peer 1006 has downloaded the piece 1285 from 1003. Now the number of pieces it has is 844.
2026-04-22 17:16:27,712 - Peer 1006 has downloaded the piece 702 from 1002. Now the number of pieces it has is 845.
2026-04-22 17:16:27,713 - Peer 1006 received the 'not interested' message from 1001.
2026-04-22 17:16:27,714 - Peer 1006 received the 'not interested' message from 1005.
2026-04-22 17:16:27,716 - Peer 1006 received the 'not interested' message from 1005.
2026-04-22 17:16:27,717 - Peer 1006 has downloaded the piece 1352 from 1001. Now the number of pieces it has is 846.
2026-04-22 17:16:27,719 - Peer 1006 has downloaded the piece 910 from 1005. Now the number of pieces it has is 847.
2026-04-22 17:16:27,719 - Peer 1006 received the 'not interested' message from 1002.
2026-04-22 17:16:27,720 - Peer 1006 received the 'not interested' message from 1003.
2026-04-22 17:16:27,721 - Peer 1006 received the 'not interested' message from 1002.
2026-04-22 17:16:27,722 - Peer 1006 received the 'not interested' message from 1002.
2026-04-22 17:16:27,724 - Peer 1006 received the 'not interested' message from 1001.
2026-04-22 17:16:27,724 - Peer 1006 received the 'not interested' message from 1005.
2026-04-22 17:16:27,725 - Peer 1006 received the 'not interested' message from 1001.
2026-04-22 17:16:27,725 - Peer 1006 received the 'not interested' message from 1005.
2026-04-22 17:16:27,726 - Peer 1006 received the 'not interested' message from 1001.
2026-04-22 17:16:27,726 - Peer 1006 has downloaded the piece 1552 from 1002. Now the number of pieces it has is 848.
2026-04-22 17:16:27,726 - Peer 1006 received the 'not interested' message from 1005.
2026-04-22 17:16:27,727 - Peer 1006 received the 'not interested' message from 1001.
2026-04-22 17:16:27,727 - Peer 1006 received the 'not interested' message from 1005.
2026-04-22 17:16:27,729 - Peer 1006 has downloaded the piece 709 from 1001. Now the number of pieces it has is 849.
2026-04-22 17:16:27,729 - Peer 1006 has downloaded the piece 25 from 1005. Now the number of pieces it has is 850.
2026-04-22 17:16:27,732 - Peer 1006 received the 'not interested' message from 1003.
2026-04-22 17:16:27,733 - Peer 1006 received the 'not interested' message from 1005.
2026-04-22 17:16:27,734 - Peer 1006 received the 'not interested' message from 1003.
2026-04-22 17:16:27,734 - Peer 1006 received the 'not interested' message from 1002.
2026-04-22 17:16:27,734 - Peer 1006 received the 'not interested' message from 1005.
2026-04-22 17:16:27,734 - Peer 1006 received the 'not interested' message from 1003.
2026-04-22 17:16:27,735 - Peer 1006 received the 'not interested' message from 1001.
2026-04-22 17:16:27,735 - Peer 1006 received the 'not interested' message from 1002.
2026-04-22 17:16:27,735 - Peer 1006 received the 'not interested' message from 1005.
2026-04-22 17:16:27,735 - Peer 1006 received the 'not interested' message from 1003.
2026-04-22 17:16:27,735 - Peer 1006 received the 'not interested' message from 1001.
2026-04-22 17:16:27,736 - Peer 1006 received the 'not interested' message from 1002.
2026-04-22 17:16:27,736 - Peer 1006 received the 'not interested' message from 1001.
2026-04-22 17:16:27,736 - Peer 1006 received the 'not interested' message from 1002.
2026-04-22 17:16:27,737 - Peer 1006 has downloaded the piece 5 from 1005. Now the number of pieces it has is 851.
2026-04-22 17:16:27,737 - Peer 1006 received the 'not interested' message from 1002.
2026-04-22 17:16:27,737 - Peer 1006 has downloaded the piece 389 from 1003. Now the number of pieces it has is 852.
2026-04-22 17:16:27,739 - Peer 1006 has downloaded the piece 1018 from 1001. Now the number of pieces it has is 853.
2026-04-22 17:16:27,739 - Peer 1006 has downloaded the piece 1567 from 1002. Now the number of pieces it has is 854.
2026-04-22 17:16:27,746 - Peer 1006 received the 'not interested' message from 1003.
2026-04-22 17:16:27,748 - Peer 1006 received the 'not interested' message from 1001.
2026-04-22 17:16:27,748 - Peer 1006 received the 'not interested' message from 1005.
2026-04-22 17:16:27,748 - Peer 1006 received the 'not interested' message from 1004.
2026-04-22 17:16:27,748 - Peer 1006 received the 'not interested' message from 1001.
2026-04-22 17:16:27,749 - Peer 1006 received the 'not interested' message from 1005.
2026-04-22 17:16:27,749 - Peer 1006 received the 'not interested' message from 1002.
2026-04-22 17:16:27,749 - Peer 1006 received the 'not interested' message from 1001.
2026-04-22 17:16:27,749 - Peer 1006 received the 'not interested' message from 1001.
2026-04-22 17:16:27,750 - Peer 1006 received the 'not interested' message from 1002.
2026-04-22 17:16:27,750 - Peer 1006 received the 'not interested' message from 1005.
2026-04-22 17:16:27,750 - Peer 1006 received the 'not interested' message from 1002.
2026-04-22 17:16:27,751 - Peer 1006 received the 'not interested' message from 1005.
2026-04-22 17:16:27,751 - Peer 1006 has downloaded the piece 947 from 1001. Now the number of pieces it has is 855.
2026-04-22 17:16:27,751 - Peer 1006 received the 'not interested' message from 1002.
2026-04-22 17:16:27,753 - Peer 1006 has downloaded the piece 1428 from 1005. Now the number of pieces it has is 856.
2026-04-22 17:16:27,754 - Peer 1006 has downloaded the piece 1223 from 1002. Now the number of pieces it has is 857.
2026-04-22 17:16:27,759 - Peer 1006 received the 'not interested' message from 1003.
2026-04-22 17:16:27,760 - Peer 1006 received the 'not interested' message from 1005.
2026-04-22 17:16:27,760 - Peer 1006 received the 'not interested' message from 1004.
2026-04-22 17:16:27,760 - Peer 1006 received the 'not interested' message from 1002.
2026-04-22 17:16:27,760 - Peer 1006 received the 'not interested' message from 1003.
2026-04-22 17:16:27,761 - Peer 1006 received the 'not interested' message from 1001.
2026-04-22 17:16:27,761 - Peer 1006 received the 'not interested' message from 1005.
2026-04-22 17:16:27,762 - Peer 1006 received the 'not interested' message from 1002.
2026-04-22 17:16:27,762 - Peer 1006 received the 'not interested' message from 1003.
2026-04-22 17:16:27,762 - Peer 1006 received the 'not interested' message from 1001.
2026-04-22 17:16:27,762 - Peer 1006 received the 'not interested' message from 1005.
2026-04-22 17:16:27,763 - Peer 1006 received the 'not interested' message from 1002.
2026-04-22 17:16:27,763 - Peer 1006 received the 'not interested' message from 1003.
2026-04-22 17:16:27,763 - Peer 1006 received the 'not interested' message from 1001.
2026-04-22 17:16:27,763 - Peer 1006 received the 'not interested' message from 1003.
2026-04-22 17:16:27,764 - Peer 1006 received the 'not interested' message from 1003.
2026-04-22 17:16:27,764 - Peer 1006 received the 'not interested' message from 1003.
2026-04-22 17:16:27,765 - Peer 1006 has downloaded the piece 1537 from 1005. Now the number of pieces it has is 858.
2026-04-22 17:16:27,765 - Peer 1006 received the 'not interested' message from 1004.
2026-04-22 17:16:27,765 - Peer 1006 received the 'not interested' message from 1004.
2026-04-22 17:16:27,766 - Peer 1006 received the 'not interested' message from 1004.
2026-04-22 17:16:27,766 - Peer 1006 has downloaded the piece 707 from 1002. Now the number of pieces it has is 859.
2026-04-22 17:16:27,766 - Peer 1006 has downloaded the piece 266 from 1001. Now the number of pieces it has is 860.
2026-04-22 17:16:27,768 - Peer 1006 has downloaded the piece 1562 from 1004. Now the number of pieces it has is 861.
2026-04-22 17:16:27,768 - Peer 1006 has downloaded the piece 1253 from 1003. Now the number of pieces it has is 862.
2026-04-22 17:16:27,776 - Peer 1006 received the 'not interested' message from 1001.
2026-04-22 17:16:27,776 - Peer 1006 received the 'not interested' message from 1003.
2026-04-22 17:16:27,776 - Peer 1006 received the 'not interested' message from 1002.
2026-04-22 17:16:27,777 - Peer 1006 received the 'not interested' message from 1005.
2026-04-22 17:16:27,777 - Peer 1006 received the 'not interested' message from 1004.
2026-04-22 17:16:27,777 - Peer 1006 received the 'not interested' message from 1003.
2026-04-22 17:16:27,777 - Peer 1006 received the 'not interested' message from 1001.
2026-04-22 17:16:27,777 - Peer 1006 received the 'not interested' message from 1002.
2026-04-22 17:16:27,779 - Peer 1006 received the 'not interested' message from 1005.
2026-04-22 17:16:27,779 - Peer 1006 received the 'not interested' message from 1004.
2026-04-22 17:16:27,779 - Peer 1006 received the 'not interested' message from 1003.
2026-04-22 17:16:27,779 - Peer 1006 received the 'not interested' message from 1001.
2026-04-22 17:16:27,779 - Peer 1006 received the 'not interested' message from 1002.
2026-04-22 17:16:27,780 - Peer 1006 received the 'not interested' message from 1005.
2026-04-22 17:16:27,780 - Peer 1006 received the 'not interested' message from 1004.
2026-04-22 17:16:27,780 - Peer 1006 received the 'not interested' message from 1001.
2026-04-22 17:16:27,780 - Peer 1006 received the 'not interested' message from 1003.
2026-04-22 17:16:27,781 - Peer 1006 received the 'not interested' message from 1002.
2026-04-22 17:16:27,781 - Peer 1006 received the 'not interested' message from 1005.
2026-04-22 17:16:27,782 - Peer 1006 received the 'not interested' message from 1004.
2026-04-22 17:16:27,782 - Peer 1006 received the 'not interested' message from 1001.
2026-04-22 17:16:27,782 - Peer 1006 received the 'not interested' message from 1003.
2026-04-22 17:16:27,782 - Peer 1006 received the 'not interested' message from 1002.
2026-04-22 17:16:27,782 - Peer 1006 received the 'not interested' message from 1005.
2026-04-22 17:16:27,783 - Peer 1006 received the 'not interested' message from 1004.
2026-04-22 17:16:27,783 - Peer 1006 received the 'not interested' message from 1003.
2026-04-22 17:16:27,784 - Peer 1006 received the 'not interested' message from 1004.
2026-04-22 17:16:27,784 - Peer 1006 has downloaded the piece 839 from 1001. Now the number of pieces it has is 863.
2026-04-22 17:16:27,784 - Peer 1006 received the 'not interested' message from 1004.
2026-04-22 17:16:27,785 - Peer 1006 received the 'not interested' message from 1004.
2026-04-22 17:16:27,785 - Peer 1006 has downloaded the piece 541 from 1002. Now the number of pieces it has is 864.
2026-04-22 17:16:27,785 - Peer 1006 received the 'not interested' message from 1004.
2026-04-22 17:16:27,786 - Peer 1006 received the 'not interested' message from 1004.
2026-04-22 17:16:27,786 - Peer 1006 received the 'not interested' message from 1004.
2026-04-22 17:16:27,786 - Peer 1006 received the 'not interested' message from 1004.
2026-04-22 17:16:27,787 - Peer 1006 has downloaded the piece 806 from 1005. Now the number of pieces it has is 865.
2026-04-22 17:16:27,787 - Peer 1006 received the 'not interested' message from 1004.
2026-04-22 17:16:27,789 - Peer 1006 received the 'not interested' message from 1004.
2026-04-22 17:16:27,789 - Peer 1006 received the 'not interested' message from 1004.
2026-04-22 17:16:27,792 - Peer 1006 received the 'not interested' message from 1004.
2026-04-22 17:16:27,792 - Peer 1006 received the 'not interested' message from 1003.
2026-04-22 17:16:27,793 - Peer 1006 received the 'not interested' message from 1002.
2026-04-22 17:16:27,793 - Peer 1006 received the 'not interested' message from 1004.
2026-04-22 17:16:27,793 - Peer 1006 received the 'not interested' message from 1001.
2026-04-22 17:16:27,794 - Peer 1006 received the 'not interested' message from 1003.
2026-04-22 17:16:27,794 - Peer 1006 received the 'not interested' message from 1002.
2026-04-22 17:16:27,794 - Peer 1006 received the 'not interested' message from 1005.
2026-04-22 17:16:27,795 - Peer 1006 received the 'not interested' message from 1004.
2026-04-22 17:16:27,795 - Peer 1006 received the 'not interested' message from 1001.
2026-04-22 17:16:27,795 - Peer 1006 received the 'not interested' message from 1003.
2026-04-22 17:16:27,796 - Peer 1006 received the 'not interested' message from 1001.
2026-04-22 17:16:27,796 - Peer 1006 received the 'not interested' message from 1005.
2026-04-22 17:16:27,796 - Peer 1006 received the 'not interested' message from 1004.
2026-04-22 17:16:27,796 - Peer 1006 received the 'not interested' message from 1002.
2026-04-22 17:16:27,797 - Peer 1006 received the 'not interested' message from 1005.
2026-04-22 17:16:27,797 - Peer 1006 received the 'not interested' message from 1004.
2026-04-22 17:16:27,798 - Peer 1006 has downloaded the piece 592 from 1003. Now the number of pieces it has is 866.
2026-04-22 17:16:27,798 - Peer 1006 received the 'not interested' message from 1004.
2026-04-22 17:16:27,799 - Peer 1006 has downloaded the piece 1396 from 1001. Now the number of pieces it has is 867.
2026-04-22 17:16:27,800 - Peer 1006 received the 'not interested' message from 1004.
2026-04-22 17:16:27,801 - Peer 1006 has downloaded the piece 338 from 1002. Now the number of pieces it has is 868.
2026-04-22 17:16:27,803 - Peer 1006 has downloaded the piece 295 from 1004. Now the number of pieces it has is 869.
2026-04-22 17:16:27,805 - Peer 1006 has downloaded the piece 959 from 1005. Now the number of pieces it has is 870.
2026-04-22 17:16:27,809 - Peer 1006 received the 'not interested' message from 1003.
2026-04-22 17:16:27,810 - Peer 1006 received the 'not interested' message from 1001.
2026-04-22 17:16:27,811 - Peer 1006 received the 'not interested' message from 1002.
2026-04-22 17:16:27,811 - Peer 1006 received the 'not interested' message from 1004.
2026-04-22 17:16:27,812 - Peer 1006 received the 'not interested' message from 1001.
2026-04-22 17:16:27,812 - Peer 1006 received the 'not interested' message from 1002.
2026-04-22 17:16:27,812 - Peer 1006 received the 'not interested' message from 1004.
2026-04-22 17:16:27,812 - Peer 1006 received the 'not interested' message from 1005.
2026-04-22 17:16:27,813 - Peer 1006 received the 'not interested' message from 1001.
2026-04-22 17:16:27,813 - Peer 1006 received the 'not interested' message from 1002.
2026-04-22 17:16:27,813 - Peer 1006 received the 'not interested' message from 1004.
2026-04-22 17:16:27,813 - Peer 1006 received the 'not interested' message from 1005.
2026-04-22 17:16:27,814 - Peer 1006 received the 'not interested' message from 1001.
2026-04-22 17:16:27,814 - Peer 1006 received the 'not interested' message from 1002.
2026-04-22 17:16:27,814 - Peer 1006 received the 'not interested' message from 1005.
2026-04-22 17:16:27,815 - Peer 1006 received the 'not interested' message from 1001.
2026-04-22 17:16:27,815 - Peer 1006 received the 'not interested' message from 1003.
2026-04-22 17:16:27,815 - Peer 1006 received the 'not interested' message from 1002.
2026-04-22 17:16:27,815 - Peer 1006 received the 'not interested' message from 1005.
2026-04-22 17:16:27,816 - Peer 1006 received the 'not interested' message from 1004.
2026-04-22 17:16:27,816 - Peer 1006 received the 'not interested' message from 1003.
2026-04-22 17:16:27,816 - Peer 1006 received the 'not interested' message from 1005.
2026-04-22 17:16:27,816 - Peer 1006 has downloaded the piece 215 from 1001. Now the number of pieces it has is 871.
2026-04-22 17:16:27,817 - Peer 1006 has downloaded the piece 834 from 1002. Now the number of pieces it has is 872.
2026-04-22 17:16:27,818 - Peer 1006 has downloaded the piece 1587 from 1005. Now the number of pieces it has is 873.
2026-04-22 17:16:27,824 - Peer 1006 received the 'not interested' message from 1002.
2026-04-22 17:16:27,824 - Peer 1006 received the 'not interested' message from 1001.
2026-04-22 17:16:27,824 - Peer 1006 received the 'not interested' message from 1002.
2026-04-22 17:16:27,825 - Peer 1006 received the 'not interested' message from 1001.
2026-04-22 17:16:27,825 - Peer 1006 received the 'not interested' message from 1005.
2026-04-22 17:16:27,826 - Peer 1006 received the 'not interested' message from 1003.
2026-04-22 17:16:27,826 - Peer 1006 received the 'not interested' message from 1004.
2026-04-22 17:16:27,826 - Peer 1006 received the 'not interested' message from 1001.
2026-04-22 17:16:27,826 - Peer 1006 received the 'not interested' message from 1005.
2026-04-22 17:16:27,826 - Peer 1006 received the 'not interested' message from 1002.
2026-04-22 17:16:27,827 - Peer 1006 received the 'not interested' message from 1004.
2026-04-22 17:16:27,827 - Peer 1006 received the 'not interested' message from 1005.
2026-04-22 17:16:27,828 - Peer 1006 received the 'not interested' message from 1004.
2026-04-22 17:16:27,828 - Peer 1006 has downloaded the piece 193 from 1001. Now the number of pieces it has is 874.
2026-04-22 17:16:27,828 - Peer 1006 has downloaded the piece 400 from 1002. Now the number of pieces it has is 875.
2026-04-22 17:16:27,829 - Peer 1006 has downloaded the piece 689 from 1005. Now the number of pieces it has is 876.
2026-04-22 17:16:27,832 - Peer 1006 received the 'not interested' message from 1003.
2026-04-22 17:16:27,832 - Peer 1006 received the 'not interested' message from 1003.
2026-04-22 17:16:27,832 - Peer 1006 received the 'not interested' message from 1003.
2026-04-22 17:16:27,833 - Peer 1006 received the 'not interested' message from 1003.
2026-04-22 17:16:27,833 - Peer 1006 has downloaded the piece 1122 from 1004. Now the number of pieces it has is 877.
2026-04-22 17:16:27,836 - Peer 1006 has downloaded the piece 365 from 1003. Now the number of pieces it has is 878.
2026-04-22 17:16:27,836 - Peer 1006 received the 'not interested' message from 1002.
2026-04-22 17:16:27,837 - Peer 1006 received the 'not interested' message from 1002.
2026-04-22 17:16:27,839 - Peer 1006 received the 'not interested' message from 1002.
2026-04-22 17:16:27,839 - Peer 1006 received the 'not interested' message from 1005.
2026-04-22 17:16:27,841 - Peer 1006 received the 'not interested' message from 1005.
2026-04-22 17:16:27,842 - Peer 1006 received the 'not interested' message from 1004.
2026-04-22 17:16:27,842 - Peer 1006 received the 'not interested' message from 1004.
2026-04-22 17:16:27,842 - Peer 1006 received the 'not interested' message from 1004.
2026-04-22 17:16:27,843 - Peer 1006 received the 'not interested' message from 1004.
2026-04-22 17:16:27,843 - Peer 1006 has downloaded the piece 1400 from 1002. Now the number of pieces it has is 879.
2026-04-22 17:16:27,844 - Peer 1006 has downloaded the piece 1325 from 1005. Now the number of pieces it has is 880.
2026-04-22 17:16:27,845 - Peer 1006 received the 'not interested' message from 1003.
2026-04-22 17:16:27,846 - Peer 1006 received the 'not interested' message from 1001.
2026-04-22 17:16:27,847 - Peer 1006 received the 'not interested' message from 1003.
2026-04-22 17:16:27,847 - Peer 1006 received the 'not interested' message from 1001.
2026-04-22 17:16:27,849 - Peer 1006 received the 'not interested' message from 1002.
2026-04-22 17:16:27,849 - Peer 1006 received the 'not interested' message from 1003.
2026-04-22 17:16:27,849 - Peer 1006 received the 'not interested' message from 1001.
2026-04-22 17:16:27,849 - Peer 1006 received the 'not interested' message from 1002.
2026-04-22 17:16:27,851 - Peer 1006 received the 'not interested' message from 1001.
2026-04-22 17:16:27,851 - Peer 1006 received the 'not interested' message from 1002.
2026-04-22 17:16:27,851 - Peer 1006 received the 'not interested' message from 1005.
2026-04-22 17:16:27,851 - Peer 1006 received the 'not interested' message from 1001.
2026-04-22 17:16:27,852 - Peer 1006 received the 'not interested' message from 1002.
2026-04-22 17:16:27,852 - Peer 1006 received the 'not interested' message from 1005.
2026-04-22 17:16:27,852 - Peer 1006 received the 'not interested' message from 1001.
2026-04-22 17:16:27,853 - Peer 1006 received the 'not interested' message from 1005.
2026-04-22 17:16:27,853 - Peer 1006 received the 'not interested' message from 1005.
2026-04-22 17:16:27,853 - Peer 1006 received the 'not interested' message from 1005.
2026-04-22 17:16:27,854 - Peer 1006 has downloaded the piece 1409 from 1002. Now the number of pieces it has is 881.
2026-04-22 17:16:27,855 - Peer 1006 has downloaded the piece 1545 from 1001. Now the number of pieces it has is 882.
2026-04-22 17:16:27,856 - Peer 1006 received the 'not interested' message from 1003.
2026-04-22 17:16:27,857 - Peer 1006 has downloaded the piece 1199 from 1005. Now the number of pieces it has is 883.
2026-04-22 17:16:27,860 - Peer 1006 received the 'not interested' message from 1002.
2026-04-22 17:16:27,862 - Peer 1006 received the 'not interested' message from 1001.
2026-04-22 17:16:27,862 - Peer 1006 received the 'not interested' message from 1002.
2026-04-22 17:16:27,862 - Peer 1006 received the 'not interested' message from 1001.
2026-04-22 17:16:27,863 - Peer 1006 received the 'not interested' message from 1001.
2026-04-22 17:16:27,863 - Peer 1006 received the 'not interested' message from 1001.
2026-04-22 17:16:27,863 - Peer 1006 has downloaded the piece 546 from 1002. Now the number of pieces it has is 884.
2026-04-22 17:16:27,865 - Peer 1006 has downloaded the piece 972 from 1001. Now the number of pieces it has is 885.
2026-04-22 17:16:27,866 - Peer 1006 received the 'not interested' message from 1005.
2026-04-22 17:16:27,866 - Peer 1006 received the 'not interested' message from 1004.
2026-04-22 17:16:27,866 - Peer 1006 received the 'not interested' message from 1005.
2026-04-22 17:16:27,866 - Peer 1006 received the 'not interested' message from 1004.
2026-04-22 17:16:27,869 - Peer 1006 received the 'not interested' message from 1002.
2026-04-22 17:16:27,869 - Peer 1006 received the 'not interested' message from 1005.
2026-04-22 17:16:27,870 - Peer 1006 received the 'not interested' message from 1004.
2026-04-22 17:16:27,870 - Peer 1006 received the 'not interested' message from 1002.
2026-04-22 17:16:27,871 - Peer 1006 received the 'not interested' message from 1001.
2026-04-22 17:16:27,871 - Peer 1006 received the 'not interested' message from 1001.
2026-04-22 17:16:27,871 - Peer 1006 received the 'not interested' message from 1002.
2026-04-22 17:16:27,871 - Peer 1006 has downloaded the piece 56 from 1005. Now the number of pieces it has is 886.
2026-04-22 17:16:27,873 - Peer 1006 has downloaded the piece 1346 from 1004. Now the number of pieces it has is 887.
2026-04-22 17:16:27,875 - Peer 1006 has downloaded the piece 1508 from 1002. Now the number of pieces it has is 888.
2026-04-22 17:16:27,876 - Peer 1006 has downloaded the piece 97 from 1001. Now the number of pieces it has is 889.
2026-04-22 17:16:27,881 - Peer 1006 received the 'not interested' message from 1005.
2026-04-22 17:16:27,881 - Peer 1006 received the 'not interested' message from 1002.
2026-04-22 17:16:27,883 - Peer 1006 received the 'not interested' message from 1005.
2026-04-22 17:16:27,883 - Peer 1006 received the 'not interested' message from 1001.
2026-04-22 17:16:27,884 - Peer 1006 received the 'not interested' message from 1003.
2026-04-22 17:16:27,884 - Peer 1006 received the 'not interested' message from 1002.
2026-04-22 17:16:27,884 - Peer 1006 received the 'not interested' message from 1005.
2026-04-22 17:16:27,884 - Peer 1006 received the 'not interested' message from 1003.
2026-04-22 17:16:27,884 - Peer 1006 received the 'not interested' message from 1001.
2026-04-22 17:16:27,885 - Peer 1006 received the 'not interested' message from 1002.
2026-04-22 17:16:27,886 - Peer 1006 received the 'not interested' message from 1003.
2026-04-22 17:16:27,886 - Peer 1006 received the 'not interested' message from 1005.
2026-04-22 17:16:27,886 - Peer 1006 received the 'not interested' message from 1002.
2026-04-22 17:16:27,886 - Peer 1006 received the 'not interested' message from 1004.
2026-04-22 17:16:27,886 - Peer 1006 received the 'not interested' message from 1003.
2026-04-22 17:16:27,887 - Peer 1006 received the 'not interested' message from 1005.
2026-04-22 17:16:27,887 - Peer 1006 has downloaded the piece 360 from 1002. Now the number of pieces it has is 890.
2026-04-22 17:16:27,889 - Peer 1006 has downloaded the piece 768 from 1003. Now the number of pieces it has is 891.
2026-04-22 17:16:27,889 - Peer 1006 has downloaded the piece 30 from 1005. Now the number of pieces it has is 892.
2026-04-22 17:16:27,893 - Peer 1006 received the 'not interested' message from 1002.
2026-04-22 17:16:27,893 - Peer 1006 received the 'not interested' message from 1003.
2026-04-22 17:16:27,893 - Peer 1006 received the 'not interested' message from 1001.
2026-04-22 17:16:27,893 - Peer 1006 received the 'not interested' message from 1005.
2026-04-22 17:16:27,895 - Peer 1006 received the 'not interested' message from 1002.
2026-04-22 17:16:27,895 - Peer 1006 received the 'not interested' message from 1003.
2026-04-22 17:16:27,895 - Peer 1006 received the 'not interested' message from 1001.
2026-04-22 17:16:27,895 - Peer 1006 received the 'not interested' message from 1004.
2026-04-22 17:16:27,895 - Peer 1006 received the 'not interested' message from 1002.
2026-04-22 17:16:27,895 - Peer 1006 received the 'not interested' message from 1005.
2026-04-22 17:16:27,896 - Peer 1006 received the 'not interested' message from 1004.
2026-04-22 17:16:27,896 - Peer 1006 has downloaded the piece 909 from 1001. Now the number of pieces it has is 893.
2026-04-22 17:16:27,896 - Peer 1006 received the 'not interested' message from 1005.
2026-04-22 17:16:27,896 - Peer 1006 received the 'not interested' message from 1004.
2026-04-22 17:16:27,898 - Peer 1006 received the 'not interested' message from 1005.
2026-04-22 17:16:27,898 - Peer 1006 has downloaded the piece 625 from 1002. Now the number of pieces it has is 894.
2026-04-22 17:16:27,899 - Peer 1006 received the 'not interested' message from 1004.
2026-04-22 17:16:27,899 - Peer 1006 received the 'not interested' message from 1004.
2026-04-22 17:16:27,899 - Peer 1006 received the 'not interested' message from 1004.
2026-04-22 17:16:27,901 - Peer 1006 has downloaded the piece 979 from 1005. Now the number of pieces it has is 895.
2026-04-22 17:16:27,904 - Peer 1006 received the 'not interested' message from 1001.
2026-04-22 17:16:27,904 - Peer 1006 received the 'not interested' message from 1002.
2026-04-22 17:16:27,906 - Peer 1006 received the 'not interested' message from 1001.
2026-04-22 17:16:27,906 - Peer 1006 received the 'not interested' message from 1002.
2026-04-22 17:16:27,906 - Peer 1006 received the 'not interested' message from 1001.
2026-04-22 17:16:27,906 - Peer 1006 received the 'not interested' message from 1005.
2026-04-22 17:16:27,906 - Peer 1006 received the 'not interested' message from 1002.
2026-04-22 17:16:27,906 - Peer 1006 received the 'not interested' message from 1001.
2026-04-22 17:16:27,906 - Peer 1006 received the 'not interested' message from 1005.
2026-04-22 17:16:27,906 - Peer 1006 received the 'not interested' message from 1004.
2026-04-22 17:16:27,908 - Peer 1006 received the 'not interested' message from 1003.
2026-04-22 17:16:27,908 - Peer 1006 received the 'not interested' message from 1001.
2026-04-22 17:16:27,908 - Peer 1006 received the 'not interested' message from 1005.
2026-04-22 17:16:27,908 - Peer 1006 received the 'not interested' message from 1004.
2026-04-22 17:16:27,908 - Peer 1006 received the 'not interested' message from 1003.
2026-04-22 17:16:27,909 - Peer 1006 has downloaded the piece 969 from 1002. Now the number of pieces it has is 896.
2026-04-22 17:16:27,909 - Peer 1006 received the 'not interested' message from 1001.
2026-04-22 17:16:27,909 - Peer 1006 received the 'not interested' message from 1004.
2026-04-22 17:16:27,909 - Peer 1006 received the 'not interested' message from 1003.
2026-04-22 17:16:27,911 - Peer 1006 received the 'not interested' message from 1004.
2026-04-22 17:16:27,911 - Peer 1006 received the 'not interested' message from 1003.
2026-04-22 17:16:27,911 - Peer 1006 has downloaded the piece 1563 from 1005. Now the number of pieces it has is 897.
2026-04-22 17:16:27,911 - Peer 1006 received the 'not interested' message from 1003.
2026-04-22 17:16:27,912 - Peer 1006 has downloaded the piece 747 from 1001. Now the number of pieces it has is 898.
2026-04-22 17:16:27,912 - Peer 1006 received the 'not interested' message from 1003.
2026-04-22 17:16:27,913 - Peer 1006 received the 'not interested' message from 1003.
2026-04-22 17:16:27,914 - Peer 1006 received the 'not interested' message from 1003.
2026-04-22 17:16:27,914 - Peer 1006 has downloaded the piece 291 from 1004. Now the number of pieces it has is 899.
2026-04-22 17:16:27,915 - Peer 1006 received the 'not interested' message from 1003.
2026-04-22 17:16:27,919 - Peer 1006 received the 'not interested' message from 1004.
2026-04-22 17:16:27,919 - Peer 1006 received the 'not interested' message from 1002.
2026-04-22 17:16:27,920 - Peer 1006 received the 'not interested' message from 1004.
2026-04-22 17:16:27,922 - Peer 1006 received the 'not interested' message from 1002.
2026-04-22 17:16:27,922 - Peer 1006 received the 'not interested' message from 1001.
2026-04-22 17:16:27,923 - Peer 1006 received the 'not interested' message from 1002.
2026-04-22 17:16:27,923 - Peer 1006 received the 'not interested' message from 1001.
2026-04-22 17:16:27,923 - Peer 1006 received the 'not interested' message from 1005.
2026-04-22 17:16:27,923 - Peer 1006 received the 'not interested' message from 1002.
2026-04-22 17:16:27,923 - Peer 1006 received the 'not interested' message from 1001.
2026-04-22 17:16:27,924 - Peer 1006 received the 'not interested' message from 1005.
2026-04-22 17:16:27,924 - Peer 1006 received the 'not interested' message from 1001.
2026-04-22 17:16:27,925 - Peer 1006 received the 'not interested' message from 1005.
2026-04-22 17:16:27,925 - Peer 1006 has downloaded the piece 456 from 1002. Now the number of pieces it has is 900.
2026-04-22 17:16:27,925 - Peer 1006 received the 'not interested' message from 1005.
2026-04-22 17:16:27,926 - Peer 1006 has downloaded the piece 40 from 1001. Now the number of pieces it has is 901.
2026-04-22 17:16:27,926 - Peer 1006 has downloaded the piece 931 from 1005. Now the number of pieces it has is 902.
2026-04-22 17:16:27,932 - Peer 1006 received the 'not interested' message from 1002.
2026-04-22 17:16:27,933 - Peer 1006 received the 'not interested' message from 1003.
2026-04-22 17:16:27,933 - Peer 1006 received the 'not interested' message from 1004.
2026-04-22 17:16:27,933 - Peer 1006 received the 'not interested' message from 1005.
2026-04-22 17:16:27,934 - Peer 1006 received the 'not interested' message from 1003.
2026-04-22 17:16:27,933 - Peer 1006 received the 'not interested' message from 1001.
2026-04-22 17:16:27,933 - Peer 1006 received the 'not interested' message from 1002.
2026-04-22 17:16:27,934 - Peer 1006 received the 'not interested' message from 1004.
2026-04-22 17:16:27,934 - Peer 1006 received the 'not interested' message from 1005.
2026-04-22 17:16:27,935 - Peer 1006 received the 'not interested' message from 1003.
2026-04-22 17:16:27,935 - Peer 1006 received the 'not interested' message from 1001.
2026-04-22 17:16:27,935 - Peer 1006 received the 'not interested' message from 1002.
2026-04-22 17:16:27,935 - Peer 1006 received the 'not interested' message from 1004.
2026-04-22 17:16:27,935 - Peer 1006 received the 'not interested' message from 1005.
2026-04-22 17:16:27,936 - Peer 1006 received the 'not interested' message from 1001.
2026-04-22 17:16:27,936 - Peer 1006 has downloaded the piece 564 from 1003. Now the number of pieces it has is 903.
2026-04-22 17:16:27,936 - Peer 1006 has downloaded the piece 1455 from 1002. Now the number of pieces it has is 904.
2026-04-22 17:16:27,937 - Peer 1006 has downloaded the piece 179 from 1005. Now the number of pieces it has is 905.
2026-04-22 17:16:27,939 - Peer 1006 has downloaded the piece 255 from 1001. Now the number of pieces it has is 906.
2026-04-22 17:16:27,939 - Peer 1006 received the 'not interested' message from 1004.
2026-04-22 17:16:27,942 - Peer 1006 received the 'not interested' message from 1004.
2026-04-22 17:16:27,944 - Peer 1006 received the 'not interested' message from 1003.
2026-04-22 17:16:27,944 - Peer 1006 received the 'not interested' message from 1004.
2026-04-22 17:16:27,946 - Peer 1006 received the 'not interested' message from 1003.
2026-04-22 17:16:27,946 - Peer 1006 received the 'not interested' message from 1001.
2026-04-22 17:16:27,946 - Peer 1006 received the 'not interested' message from 1003.
2026-04-22 17:16:27,946 - Peer 1006 received the 'not interested' message from 1004.
2026-04-22 17:16:27,946 - Peer 1006 received the 'not interested' message from 1005.
2026-04-22 17:16:27,946 - Peer 1006 received the 'not interested' message from 1001.
2026-04-22 17:16:27,948 - Peer 1006 received the 'not interested' message from 1005.
2026-04-22 17:16:27,948 - Peer 1006 received the 'not interested' message from 1002.
2026-04-22 17:16:27,948 - Peer 1006 received the 'not interested' message from 1001.
2026-04-22 17:16:27,948 - Peer 1006 received the 'not interested' message from 1005.
2026-04-22 17:16:27,949 - Peer 1006 received the 'not interested' message from 1002.
2026-04-22 17:16:27,949 - Peer 1006 received the 'not interested' message from 1001.
2026-04-22 17:16:27,949 - Peer 1006 received the 'not interested' message from 1002.
2026-04-22 17:16:27,949 - Peer 1006 has downloaded the piece 1513 from 1004. Now the number of pieces it has is 907.
2026-04-22 17:16:27,951 - Peer 1006 received the 'not interested' message from 1002.
2026-04-22 17:16:27,951 - Peer 1006 has downloaded the piece 1447 from 1005. Now the number of pieces it has is 908.
2026-04-22 17:16:27,951 - Peer 1006 has downloaded the piece 1456 from 1001. Now the number of pieces it has is 909.
2026-04-22 17:16:27,952 - Peer 1006 has downloaded the piece 52 from 1002. Now the number of pieces it has is 910.
2026-04-22 17:16:27,956 - Peer 1006 received the 'not interested' message from 1001.
2026-04-22 17:16:27,957 - Peer 1006 received the 'not interested' message from 1004.
2026-04-22 17:16:27,957 - Peer 1006 received the 'not interested' message from 1001.
2026-04-22 17:16:27,959 - Peer 1006 received the 'not interested' message from 1004.
2026-04-22 17:16:27,959 - Peer 1006 received the 'not interested' message from 1005.
2026-04-22 17:16:27,959 - Peer 1006 received the 'not interested' message from 1002.
2026-04-22 17:16:27,960 - Peer 1006 received the 'not interested' message from 1001.
2026-04-22 17:16:27,960 - Peer 1006 received the 'not interested' message from 1004.
2026-04-22 17:16:27,962 - Peer 1006 received the 'not interested' message from 1005.
2026-04-22 17:16:27,962 - Peer 1006 received the 'not interested' message from 1002.
2026-04-22 17:16:27,963 - Peer 1006 received the 'not interested' message from 1001.
2026-04-22 17:16:27,963 - Peer 1006 received the 'not interested' message from 1004.
2026-04-22 17:16:27,963 - Peer 1006 received the 'not interested' message from 1005.
2026-04-22 17:16:27,963 - Peer 1006 received the 'not interested' message from 1002.
2026-04-22 17:16:27,964 - Peer 1006 received the 'not interested' message from 1004.
2026-04-22 17:16:27,964 - Peer 1006 received the 'not interested' message from 1005.
2026-04-22 17:16:27,964 - Peer 1006 received the 'not interested' message from 1002.
2026-04-22 17:16:27,964 - Peer 1006 received the 'not interested' message from 1004.
2026-04-22 17:16:27,966 - Peer 1006 has downloaded the piece 887 from 1001. Now the number of pieces it has is 911.
2026-04-22 17:16:27,966 - Peer 1006 received the 'not interested' message from 1005.
2026-04-22 17:16:27,967 - Peer 1006 has downloaded the piece 720 from 1002. Now the number of pieces it has is 912.
2026-04-22 17:16:27,969 - Peer 1006 received the 'not interested' message from 1004.
2026-04-22 17:16:27,969 - Peer 1006 has downloaded the piece 233 from 1005. Now the number of pieces it has is 913.
2026-04-22 17:16:27,972 - Peer 1006 received the 'not interested' message from 1002.
2026-04-22 17:16:27,973 - Peer 1006 received the 'not interested' message from 1001.
2026-04-22 17:16:27,973 - Peer 1006 received the 'not interested' message from 1002.
2026-04-22 17:16:27,974 - Peer 1006 received the 'not interested' message from 1001.
2026-04-22 17:16:27,974 - Peer 1006 received the 'not interested' message from 1002.
2026-04-22 17:16:27,975 - Peer 1006 received the 'not interested' message from 1001.
2026-04-22 17:16:27,976 - Peer 1006 received the 'not interested' message from 1005.
2026-04-22 17:16:27,976 - Peer 1006 received the 'not interested' message from 1005.
2026-04-22 17:16:27,978 - Peer 1006 has downloaded the piece 776 from 1002. Now the number of pieces it has is 914.
2026-04-22 17:16:27,978 - Peer 1006 received the 'not interested' message from 1004.
2026-04-22 17:16:27,978 - Peer 1006 received the 'not interested' message from 1004.
2026-04-22 17:16:27,978 - Peer 1006 received the 'not interested' message from 1005.
2026-04-22 17:16:27,978 - Peer 1006 received the 'not interested' message from 1004.
2026-04-22 17:16:27,979 - Peer 1006 has downloaded the piece 63 from 1001. Now the number of pieces it has is 915.
2026-04-22 17:16:27,982 - Peer 1006 has downloaded the piece 181 from 1005. Now the number of pieces it has is 916.
2026-04-22 17:16:27,983 - Peer 1006 received the 'not interested' message from 1004.
2026-04-22 17:16:27,985 - Peer 1006 received the 'not interested' message from 1004.
2026-04-22 17:16:27,987 - Peer 1006 received the 'not interested' message from 1002.
2026-04-22 17:16:27,987 - Peer 1006 received the 'not interested' message from 1005.
2026-04-22 17:16:27,987 - Peer 1006 received the 'not interested' message from 1001.
2026-04-22 17:16:27,988 - Peer 1006 received the 'not interested' message from 1002.
2026-04-22 17:16:27,988 - Peer 1006 received the 'not interested' message from 1005.
2026-04-22 17:16:27,988 - Peer 1006 has downloaded the piece 1211 from 1004. Now the number of pieces it has is 917.
2026-04-22 17:16:27,989 - Peer 1006 received the 'not interested' message from 1001.
2026-04-22 17:16:27,989 - Peer 1006 received the 'not interested' message from 1002.
2026-04-22 17:16:27,989 - Peer 1006 received the 'not interested' message from 1005.
2026-04-22 17:16:27,991 - Peer 1006 received the 'not interested' message from 1001.
2026-04-22 17:16:27,993 - Peer 1006 has downloaded the piece 704 from 1002. Now the number of pieces it has is 918.
2026-04-22 17:16:27,994 - Peer 1006 has downloaded the piece 1381 from 1005. Now the number of pieces it has is 919.
2026-04-22 17:16:27,994 - Peer 1006 has downloaded the piece 1385 from 1001. Now the number of pieces it has is 920.
2026-04-22 17:16:27,996 - Peer 1006 received the 'not interested' message from 1004.
2026-04-22 17:16:27,997 - Peer 1006 received the 'not interested' message from 1003.
2026-04-22 17:16:27,997 - Peer 1006 received the 'not interested' message from 1004.
2026-04-22 17:16:27,997 - Peer 1006 received the 'not interested' message from 1003.
2026-04-22 17:16:27,997 - Peer 1006 received the 'not interested' message from 1004.
2026-04-22 17:16:27,999 - Peer 1006 received the 'not interested' message from 1003.
2026-04-22 17:16:27,999 - Peer 1006 received the 'not interested' message from 1004.
2026-04-22 17:16:27,999 - Peer 1006 received the 'not interested' message from 1003.
2026-04-22 17:16:28,005 - Peer 1006 received the 'not interested' message from 1004.
2026-04-22 17:16:28,006 - Peer 1006 received the 'not interested' message from 1003.
2026-04-22 17:16:28,006 - Peer 1006 received the 'not interested' message from 1004.
2026-04-22 17:16:28,006 - Peer 1006 received the 'not interested' message from 1003.
2026-04-22 17:16:28,007 - Peer 1006 received the 'not interested' message from 1002.
2026-04-22 17:16:28,009 - Peer 1006 received the 'not interested' message from 1003.
2026-04-22 17:16:28,009 - Peer 1006 received the 'not interested' message from 1001.
2026-04-22 17:16:28,009 - Peer 1006 received the 'not interested' message from 1002.
2026-04-22 17:16:28,011 - Peer 1006 received the 'not interested' message from 1005.
2026-04-22 17:16:28,012 - Peer 1006 received the 'not interested' message from 1005.
2026-04-22 17:16:28,012 - Peer 1006 received the 'not interested' message from 1005.
2026-04-22 17:16:28,014 - Peer 1006 received the 'not interested' message from 1003.
2026-04-22 17:16:28,015 - Peer 1006 received the 'not interested' message from 1004.
2026-04-22 17:16:28,018 - Peer 1006 received the 'not interested' message from 1005.
2026-04-22 17:16:28,019 - Peer 1006 has downloaded the piece 355 from 1005. Now the number of pieces it has is 921.
2026-04-22 17:16:28,021 - Peer 1006 received the 'not interested' message from 1003.
2026-04-22 17:16:28,021 - Peer 1006 received the 'not interested' message from 1004.
2026-04-22 17:16:28,021 - Peer 1006 received the 'not interested' message from 1004.
2026-04-22 17:16:28,025 - Peer 1006 received the 'not interested' message from 1003.
2026-04-22 17:16:28,026 - Peer 1006 received the 'not interested' message from 1002.
2026-04-22 17:16:28,026 - Peer 1006 has downloaded the piece 1351 from 1004. Now the number of pieces it has is 922.
2026-04-22 17:16:28,027 - Peer 1006 received the 'not interested' message from 1005.
2026-04-22 17:16:28,028 - Peer 1006 received the 'not interested' message from 1001.
2026-04-22 17:16:28,034 - Peer 1006 has downloaded the piece 1491 from 1003. Now the number of pieces it has is 923.
2026-04-22 17:16:28,034 - Peer 1006 received the 'not interested' message from 1002.
2026-04-22 17:16:28,037 - Peer 1006 received the 'not interested' message from 1001.
2026-04-22 17:16:28,037 - Peer 1006 received the 'not interested' message from 1001.
2026-04-22 17:16:28,039 - Peer 1006 has downloaded the piece 679 from 1005. Now the number of pieces it has is 924.
2026-04-22 17:16:28,039 - Peer 1006 received the 'not interested' message from 1004.
2026-04-22 17:16:28,040 - Peer 1006 has downloaded the piece 309 from 1002. Now the number of pieces it has is 925.
2026-04-22 17:16:28,041 - Peer 1006 received the 'not interested' message from 1004.
2026-04-22 17:16:28,042 - Peer 1006 has downloaded the piece 256 from 1001. Now the number of pieces it has is 926.
2026-04-22 17:16:28,045 - Peer 1006 received the 'not interested' message from 1003.
2026-04-22 17:16:28,046 - Peer 1006 received the 'not interested' message from 1004.
2026-04-22 17:16:28,046 - Peer 1006 received the 'not interested' message from 1005.
2026-04-22 17:16:28,048 - Peer 1006 received the 'not interested' message from 1002.
2026-04-22 17:16:28,051 - Peer 1006 received the 'not interested' message from 1001.
2026-04-22 17:16:28,051 - Peer 1006 received the 'not interested' message from 1003.
2026-04-22 17:16:28,051 - Peer 1006 received the 'not interested' message from 1003.
2026-04-22 17:16:28,053 - Peer 1006 received the 'not interested' message from 1004.
2026-04-22 17:16:28,053 - Peer 1006 received the 'not interested' message from 1002.
2026-04-22 17:16:28,053 - Peer 1006 received the 'not interested' message from 1002.
2026-04-22 17:16:28,053 - Peer 1006 received the 'not interested' message from 1005.
2026-04-22 17:16:28,054 - Peer 1006 received the 'not interested' message from 1003.
2026-04-22 17:16:28,054 - Peer 1006 received the 'not interested' message from 1004.
2026-04-22 17:16:28,059 - Peer 1006 received the 'not interested' message from 1002.
2026-04-22 17:16:28,059 - Peer 1006 received the 'not interested' message from 1005.
2026-04-22 17:16:28,061 - Peer 1006 received the 'not interested' message from 1003.
2026-04-22 17:16:28,061 - Peer 1006 received the 'not interested' message from 1001.
2026-04-22 17:16:28,063 - Peer 1006 has downloaded the piece 641 from 1004. Now the number of pieces it has is 927.
2026-04-22 17:16:28,063 - Peer 1006 received the 'not interested' message from 1002.
2026-04-22 17:16:28,065 - Peer 1006 received the 'not interested' message from 1003.
2026-04-22 17:16:28,065 - Peer 1006 received the 'not interested' message from 1005.
2026-04-22 17:16:28,065 - Peer 1006 received the 'not interested' message from 1001.
2026-04-22 17:16:28,066 - Peer 1006 received the 'not interested' message from 1001.
2026-04-22 17:16:28,066 - Peer 1006 received the 'not interested' message from 1003.
2026-04-22 17:16:28,066 - Peer 1006 has downloaded the piece 324 from 1002. Now the number of pieces it has is 928.
2026-04-22 17:16:28,069 - Peer 1006 has downloaded the piece 85 from 1005. Now the number of pieces it has is 929.
2026-04-22 17:16:28,074 - Peer 1006 received the 'not interested' message from 1001.
2026-04-22 17:16:28,074 - Peer 1006 received the 'not interested' message from 1003.
2026-04-22 17:16:28,076 - Peer 1006 received the 'not interested' message from 1004.
2026-04-22 17:16:28,078 - Peer 1006 received the 'not interested' message from 1001.
2026-04-22 17:16:28,079 - Peer 1006 received the 'not interested' message from 1005.
2026-04-22 17:16:28,079 - Peer 1006 received the 'not interested' message from 1003.
2026-04-22 17:16:28,080 - Peer 1006 received the 'not interested' message from 1004.
2026-04-22 17:16:28,081 - Peer 1006 received the 'not interested' message from 1005.
2026-04-22 17:16:28,082 - Peer 1006 received the 'not interested' message from 1003.
2026-04-22 17:16:28,082 - Peer 1006 received the 'not interested' message from 1005.
2026-04-22 17:16:28,082 - Peer 1006 received the 'not interested' message from 1004.
2026-04-22 17:16:28,083 - Peer 1006 received the 'not interested' message from 1003.
2026-04-22 17:16:28,083 - Peer 1006 has downloaded the piece 3 from 1001. Now the number of pieces it has is 930.
2026-04-22 17:16:28,084 - Peer 1006 received the 'not interested' message from 1002.
2026-04-22 17:16:28,084 - Peer 1006 received the 'not interested' message from 1004.
2026-04-22 17:16:28,084 - Peer 1006 received the 'not interested' message from 1003.
2026-04-22 17:16:28,085 - Peer 1006 received the 'not interested' message from 1002.
2026-04-22 17:16:28,085 - Peer 1006 received the 'not interested' message from 1003.
2026-04-22 17:16:28,086 - Peer 1006 has downloaded the piece 202 from 1005. Now the number of pieces it has is 931.
2026-04-22 17:16:28,086 - Peer 1006 received the 'not interested' message from 1002.
2026-04-22 17:16:28,086 - Peer 1006 received the 'not interested' message from 1003.
2026-04-22 17:16:28,087 - Peer 1006 received the 'not interested' message from 1004.
2026-04-22 17:16:28,087 - Peer 1006 received the 'not interested' message from 1002.
2026-04-22 17:16:28,089 - Peer 1006 received the 'not interested' message from 1003.
2026-04-22 17:16:28,089 - Peer 1006 received the 'not interested' message from 1001.
2026-04-22 17:16:28,090 - Peer 1006 received the 'not interested' message from 1003.
2026-04-22 17:16:28,091 - Peer 1006 received the 'not interested' message from 1001.
2026-04-22 17:16:28,091 - Peer 1006 received the 'not interested' message from 1003.
2026-04-22 17:16:28,091 - Peer 1006 has downloaded the piece 1543 from 1002. Now the number of pieces it has is 932.
2026-04-22 17:16:28,091 - Peer 1006 received the 'not interested' message from 1001.
2026-04-22 17:16:28,092 - Peer 1006 received the 'not interested' message from 1005.
2026-04-22 17:16:28,092 - Peer 1006 received the 'not interested' message from 1003.
2026-04-22 17:16:28,093 - Peer 1006 received the 'not interested' message from 1001.
2026-04-22 17:16:28,093 - Peer 1006 received the 'not interested' message from 1005.
2026-04-22 17:16:28,094 - Peer 1006 has downloaded the piece 220 from 1004. Now the number of pieces it has is 933.
2026-04-22 17:16:28,094 - Peer 1006 received the 'not interested' message from 1003.
2026-04-22 17:16:28,095 - Peer 1006 received the 'not interested' message from 1001.
2026-04-22 17:16:28,096 - Peer 1006 received the 'not interested' message from 1005.
2026-04-22 17:16:28,097 - Peer 1006 received the 'not interested' message from 1003.
2026-04-22 17:16:28,099 - Peer 1006 received the 'not interested' message from 1004.
2026-04-22 17:16:28,099 - Peer 1006 received the 'not interested' message from 1002.
2026-04-22 17:16:28,101 - Peer 1006 has downloaded the piece 1520 from 1001. Now the number of pieces it has is 934.
2026-04-22 17:16:28,102 - Peer 1006 received the 'not interested' message from 1004.
2026-04-22 17:16:28,103 - Peer 1006 has downloaded the piece 1073 from 1003. Now the number of pieces it has is 935.
2026-04-22 17:16:28,103 - Peer 1006 received the 'not interested' message from 1002.
2026-04-22 17:16:28,104 - Peer 1006 has downloaded the piece 629 from 1005. Now the number of pieces it has is 936.
2026-04-22 17:16:28,106 - Peer 1006 received the 'not interested' message from 1002.
2026-04-22 17:16:28,107 - Peer 1006 received the 'not interested' message from 1004.
2026-04-22 17:16:28,109 - Peer 1006 received the 'not interested' message from 1003.
2026-04-22 17:16:28,109 - Peer 1006 received the 'not interested' message from 1002.
2026-04-22 17:16:28,109 - Peer 1006 received the 'not interested' message from 1004.
2026-04-22 17:16:28,111 - Peer 1006 received the 'not interested' message from 1003.
2026-04-22 17:16:28,114 - Peer 1006 received the 'not interested' message from 1005.
2026-04-22 17:16:28,114 - Peer 1006 received the 'not interested' message from 1003.
2026-04-22 17:16:28,115 - Peer 1006 received the 'not interested' message from 1005.
2026-04-22 17:16:28,115 - Peer 1006 received the 'not interested' message from 1003.
2026-04-22 17:16:28,116 - Peer 1006 received the 'not interested' message from 1005.
2026-04-22 17:16:28,116 - Peer 1006 received the 'not interested' message from 1003.
2026-04-22 17:16:28,116 - Peer 1006 has downloaded the piece 787 from 1002. Now the number of pieces it has is 937.
2026-04-22 17:16:28,116 - Peer 1006 received the 'not interested' message from 1005.
2026-04-22 17:16:28,116 - Peer 1006 received the 'not interested' message from 1004.
2026-04-22 17:16:28,117 - Peer 1006 received the 'not interested' message from 1003.
2026-04-22 17:16:28,117 - Peer 1006 received the 'not interested' message from 1001.
2026-04-22 17:16:28,118 - Peer 1006 received the 'not interested' message from 1005.
2026-04-22 17:16:28,119 - Peer 1006 received the 'not interested' message from 1003.
2026-04-22 17:16:28,120 - Peer 1006 received the 'not interested' message from 1004.
2026-04-22 17:16:28,120 - Peer 1006 received the 'not interested' message from 1001.
2026-04-22 17:16:28,121 - Peer 1006 received the 'not interested' message from 1002.
2026-04-22 17:16:28,122 - Peer 1006 received the 'not interested' message from 1001.
2026-04-22 17:16:28,122 - Peer 1006 has downloaded the piece 246 from 1005. Now the number of pieces it has is 938.
2026-04-22 17:16:28,122 - Peer 1006 received the 'not interested' message from 1002.
2026-04-22 17:16:28,123 - Peer 1006 received the 'not interested' message from 1001.
2026-04-22 17:16:28,123 - Peer 1006 received the 'not interested' message from 1002.
2026-04-22 17:16:28,124 - Peer 1006 has downloaded the piece 104 from 1004. Now the number of pieces it has is 939.
2026-04-22 17:16:28,124 - Peer 1006 received the 'not interested' message from 1001.
2026-04-22 17:16:28,125 - Peer 1006 received the 'not interested' message from 1003.
2026-04-22 17:16:28,125 - Peer 1006 received the 'not interested' message from 1002.
2026-04-22 17:16:28,128 - Peer 1006 received the 'not interested' message from 1005.
2026-04-22 17:16:28,128 - Peer 1006 received the 'not interested' message from 1003.
2026-04-22 17:16:28,129 - Peer 1006 received the 'not interested' message from 1005.
2026-04-22 17:16:28,129 - Peer 1006 has downloaded the piece 1119 from 1001. Now the number of pieces it has is 940.
2026-04-22 17:16:28,131 - Peer 1006 has downloaded the piece 1375 from 1002. Now the number of pieces it has is 941.
2026-04-22 17:16:28,132 - Peer 1006 has downloaded the piece 1386 from 1003. Now the number of pieces it has is 942.
2026-04-22 17:16:28,133 - Peer 1006 received the 'not interested' message from 1004.
2026-04-22 17:16:28,133 - Peer 1006 received the 'not interested' message from 1004.
2026-04-22 17:16:28,135 - Peer 1006 has downloaded the piece 1418 from 1005. Now the number of pieces it has is 943.
2026-04-22 17:16:28,137 - Peer 1006 received the 'not interested' message from 1004.
2026-04-22 17:16:28,138 - Peer 1006 received the 'not interested' message from 1001.
2026-04-22 17:16:28,139 - Peer 1006 received the 'not interested' message from 1002.
2026-04-22 17:16:28,139 - Peer 1006 received the 'not interested' message from 1003.
2026-04-22 17:16:28,139 - Peer 1006 received the 'not interested' message from 1001.
2026-04-22 17:16:28,140 - Peer 1006 received the 'not interested' message from 1002.
2026-04-22 17:16:28,140 - Peer 1006 received the 'not interested' message from 1005.
2026-04-22 17:16:28,141 - Peer 1006 received the 'not interested' message from 1003.
2026-04-22 17:16:28,141 - Peer 1006 received the 'not interested' message from 1001.
2026-04-22 17:16:28,141 - Peer 1006 received the 'not interested' message from 1002.
2026-04-22 17:16:28,142 - Peer 1006 received the 'not interested' message from 1005.
2026-04-22 17:16:28,142 - Peer 1006 received the 'not interested' message from 1001.
2026-04-22 17:16:28,142 - Peer 1006 received the 'not interested' message from 1002.
2026-04-22 17:16:28,143 - Peer 1006 received the 'not interested' message from 1005.
2026-04-22 17:16:28,143 - Peer 1006 received the 'not interested' message from 1001.
2026-04-22 17:16:28,143 - Peer 1006 received the 'not interested' message from 1002.
2026-04-22 17:16:28,143 - Peer 1006 received the 'not interested' message from 1005.
2026-04-22 17:16:28,144 - Peer 1006 received the 'not interested' message from 1001.
2026-04-22 17:16:28,144 - Peer 1006 received the 'not interested' message from 1002.
2026-04-22 17:16:28,144 - Peer 1006 received the 'not interested' message from 1001.
2026-04-22 17:16:28,145 - Peer 1006 has downloaded the piece 1008 from 1002. Now the number of pieces it has is 944.
2026-04-22 17:16:28,146 - Peer 1006 has downloaded the piece 1231 from 1001. Now the number of pieces it has is 945.
2026-04-22 17:16:28,147 - Peer 1006 received the 'not interested' message from 1005.
2026-04-22 17:16:28,149 - Peer 1006 has downloaded the piece 1206 from 1005. Now the number of pieces it has is 946.
2026-04-22 17:16:28,150 - Peer 1006 received the 'not interested' message from 1003.
2026-04-22 17:16:28,150 - Peer 1006 received the 'not interested' message from 1004.
2026-04-22 17:16:28,152 - Peer 1006 received the 'not interested' message from 1003.
2026-04-22 17:16:28,152 - Peer 1006 received the 'not interested' message from 1002.
2026-04-22 17:16:28,153 - Peer 1006 received the 'not interested' message from 1004.
2026-04-22 17:16:28,153 - Peer 1006 received the 'not interested' message from 1001.
2026-04-22 17:16:28,153 - Peer 1006 received the 'not interested' message from 1002.
2026-04-22 17:16:28,153 - Peer 1006 received the 'not interested' message from 1004.
2026-04-22 17:16:28,155 - Peer 1006 received the 'not interested' message from 1001.
2026-04-22 17:16:28,156 - Peer 1006 received the 'not interested' message from 1001.
2026-04-22 17:16:28,156 - Peer 1006 has downloaded the piece 1301 from 1002. Now the number of pieces it has is 947.
2026-04-22 17:16:28,157 - Peer 1006 received the 'not interested' message from 1005.
2026-04-22 17:16:28,157 - Peer 1006 received the 'not interested' message from 1005.
2026-04-22 17:16:28,157 - Peer 1006 has downloaded the piece 1065 from 1001. Now the number of pieces it has is 948.
2026-04-22 17:16:28,158 - Peer 1006 received the 'not interested' message from 1005.
2026-04-22 17:16:28,158 - Peer 1006 has downloaded the piece 1333 from 1004. Now the number of pieces it has is 949.
2026-04-22 17:16:28,160 - Peer 1006 has downloaded the piece 654 from 1005. Now the number of pieces it has is 950.
2026-04-22 17:16:28,163 - Peer 1006 received the 'not interested' message from 1002.
2026-04-22 17:16:28,164 - Peer 1006 received the 'not interested' message from 1001.
2026-04-22 17:16:28,165 - Peer 1006 received the 'not interested' message from 1002.
2026-04-22 17:16:28,165 - Peer 1006 received the 'not interested' message from 1001.
2026-04-22 17:16:28,166 - Peer 1006 received the 'not interested' message from 1002.
2026-04-22 17:16:28,166 - Peer 1006 received the 'not interested' message from 1001.
2026-04-22 17:16:28,166 - Peer 1006 received the 'not interested' message from 1002.
2026-04-22 17:16:28,167 - Peer 1006 received the 'not interested' message from 1001.
2026-04-22 17:16:28,167 - Peer 1006 received the 'not interested' message from 1005.
2026-04-22 17:16:28,167 - Peer 1006 received the 'not interested' message from 1005.
2026-04-22 17:16:28,169 - Peer 1006 received the 'not interested' message from 1005.
2026-04-22 17:16:28,169 - Peer 1006 received the 'not interested' message from 1005.
2026-04-22 17:16:28,169 - Peer 1006 has downloaded the piece 1063 from 1002. Now the number of pieces it has is 951.
2026-04-22 17:16:28,170 - Peer 1006 has downloaded the piece 755 from 1001. Now the number of pieces it has is 952.
2026-04-22 17:16:28,171 - Peer 1006 received the 'not interested' message from 1003.
2026-04-22 17:16:28,171 - Peer 1006 received the 'not interested' message from 1004.
2026-04-22 17:16:28,172 - Peer 1006 received the 'not interested' message from 1003.
2026-04-22 17:16:28,172 - Peer 1006 has downloaded the piece 1596 from 1005. Now the number of pieces it has is 953.
2026-04-22 17:16:28,174 - Peer 1006 received the 'not interested' message from 1003.
2026-04-22 17:16:28,176 - Peer 1006 received the 'not interested' message from 1001.
2026-04-22 17:16:28,176 - Peer 1006 received the 'not interested' message from 1003.
2026-04-22 17:16:28,176 - Peer 1006 received the 'not interested' message from 1002.
2026-04-22 17:16:28,177 - Peer 1006 received the 'not interested' message from 1001.
2026-04-22 17:16:28,177 - Peer 1006 received the 'not interested' message from 1003.
2026-04-22 17:16:28,177 - Peer 1006 received the 'not interested' message from 1002.
2026-04-22 17:16:28,179 - Peer 1006 received the 'not interested' message from 1004.
2026-04-22 17:16:28,179 - Peer 1006 received the 'not interested' message from 1001.
2026-04-22 17:16:28,179 - Peer 1006 received the 'not interested' message from 1005.
2026-04-22 17:16:28,179 - Peer 1006 received the 'not interested' message from 1002.
2026-04-22 17:16:28,179 - Peer 1006 received the 'not interested' message from 1004.
2026-04-22 17:16:28,181 - Peer 1006 has downloaded the piece 1172 from 1003. Now the number of pieces it has is 954.
2026-04-22 17:16:28,181 - Peer 1006 received the 'not interested' message from 1002.
2026-04-22 17:16:28,181 - Peer 1006 received the 'not interested' message from 1004.
2026-04-22 17:16:28,182 - Peer 1006 received the 'not interested' message from 1004.
2026-04-22 17:16:28,182 - Peer 1006 has downloaded the piece 1139 from 1001. Now the number of pieces it has is 955.
2026-04-22 17:16:28,183 - Peer 1006 received the 'not interested' message from 1004.
2026-04-22 17:16:28,183 - Peer 1006 received the 'not interested' message from 1004.
2026-04-22 17:16:28,184 - Peer 1006 received the 'not interested' message from 1004.
2026-04-22 17:16:28,184 - Peer 1006 has downloaded the piece 332 from 1002. Now the number of pieces it has is 956.
2026-04-22 17:16:28,184 - Peer 1006 received the 'not interested' message from 1005.
2026-04-22 17:16:28,184 - Peer 1006 received the 'not interested' message from 1004.
2026-04-22 17:16:28,186 - Peer 1006 received the 'not interested' message from 1005.
2026-04-22 17:16:28,186 - Peer 1006 received the 'not interested' message from 1004.
2026-04-22 17:16:28,188 - Peer 1006 has downloaded the piece 217 from 1005. Now the number of pieces it has is 957.
2026-04-22 17:16:28,188 - Peer 1006 has downloaded the piece 1463 from 1004. Now the number of pieces it has is 958.
2026-04-22 17:16:28,189 - Peer 1006 received the 'not interested' message from 1003.
2026-04-22 17:16:28,191 - Peer 1006 received the 'not interested' message from 1001.
2026-04-22 17:16:28,191 - Peer 1006 received the 'not interested' message from 1003.
2026-04-22 17:16:28,191 - Peer 1006 received the 'not interested' message from 1002.
2026-04-22 17:16:28,192 - Peer 1006 received the 'not interested' message from 1001.
2026-04-22 17:16:28,193 - Peer 1006 received the 'not interested' message from 1005.
2026-04-22 17:16:28,194 - Peer 1006 received the 'not interested' message from 1003.
2026-04-22 17:16:28,194 - Peer 1006 received the 'not interested' message from 1004.
2026-04-22 17:16:28,195 - Peer 1006 received the 'not interested' message from 1002.
2026-04-22 17:16:28,195 - Peer 1006 received the 'not interested' message from 1001.
2026-04-22 17:16:28,196 - Peer 1006 received the 'not interested' message from 1005.
2026-04-22 17:16:28,196 - Peer 1006 received the 'not interested' message from 1003.
2026-04-22 17:16:28,196 - Peer 1006 received the 'not interested' message from 1004.
2026-04-22 17:16:28,197 - Peer 1006 received the 'not interested' message from 1002.
2026-04-22 17:16:28,197 - Peer 1006 received the 'not interested' message from 1001.
2026-04-22 17:16:28,198 - Peer 1006 received the 'not interested' message from 1005.
2026-04-22 17:16:28,198 - Peer 1006 received the 'not interested' message from 1003.
2026-04-22 17:16:28,198 - Peer 1006 received the 'not interested' message from 1004.
2026-04-22 17:16:28,199 - Peer 1006 received the 'not interested' message from 1002.
2026-04-22 17:16:28,200 - Peer 1006 received the 'not interested' message from 1003.
2026-04-22 17:16:28,200 - Peer 1006 received the 'not interested' message from 1005.
2026-04-22 17:16:28,201 - Peer 1006 received the 'not interested' message from 1001.
2026-04-22 17:16:28,201 - Peer 1006 received the 'not interested' message from 1004.
2026-04-22 17:16:28,202 - Peer 1006 received the 'not interested' message from 1002.
2026-04-22 17:16:28,203 - Peer 1006 received the 'not interested' message from 1003.
2026-04-22 17:16:28,203 - Peer 1006 received the 'not interested' message from 1003.
2026-04-22 17:16:28,203 - Peer 1006 received the 'not interested' message from 1003.
2026-04-22 17:16:28,203 - Peer 1006 has downloaded the piece 473 from 1005. Now the number of pieces it has is 959.
2026-04-22 17:16:28,203 - Peer 1006 received the 'not interested' message from 1003.
2026-04-22 17:16:28,205 - Peer 1006 received the 'not interested' message from 1003.
2026-04-22 17:16:28,205 - Peer 1006 has downloaded the piece 388 from 1001. Now the number of pieces it has is 960.
2026-04-22 17:16:28,205 - Peer 1006 received the 'not interested' message from 1004.
2026-04-22 17:16:28,205 - Peer 1006 received the 'not interested' message from 1003.
2026-04-22 17:16:28,206 - Peer 1006 received the 'not interested' message from 1004.
2026-04-22 17:16:28,206 - Peer 1006 has downloaded the piece 696 from 1002. Now the number of pieces it has is 961.
2026-04-22 17:16:28,206 - Peer 1006 received the 'not interested' message from 1003.
2026-04-22 17:16:28,207 - Peer 1006 received the 'not interested' message from 1004.
2026-04-22 17:16:28,210 - Peer 1006 received the 'not interested' message from 1004.
2026-04-22 17:16:28,211 - Peer 1006 received the 'not interested' message from 1004.
2026-04-22 17:16:28,211 - Peer 1006 received the 'not interested' message from 1005.
2026-04-22 17:16:28,211 - Peer 1006 received the 'not interested' message from 1001.
2026-04-22 17:16:28,212 - Peer 1006 has downloaded the piece 49 from 1003. Now the number of pieces it has is 962.
2026-04-22 17:16:28,213 - Peer 1006 received the 'not interested' message from 1005.
2026-04-22 17:16:28,213 - Peer 1006 received the 'not interested' message from 1001.
2026-04-22 17:16:28,214 - Peer 1006 received the 'not interested' message from 1005.
2026-04-22 17:16:28,214 - Peer 1006 has downloaded the piece 387 from 1004. Now the number of pieces it has is 963.
2026-04-22 17:16:28,215 - Peer 1006 received the 'not interested' message from 1001.
2026-04-22 17:16:28,217 - Peer 1006 received the 'not interested' message from 1002.
2026-04-22 17:16:28,219 - Peer 1006 received the 'not interested' message from 1002.
2026-04-22 17:16:28,219 - Peer 1006 received the 'not interested' message from 1002.
2026-04-22 17:16:28,219 - Peer 1006 has downloaded the piece 826 from 1005. Now the number of pieces it has is 964.
2026-04-22 17:16:28,219 - Peer 1006 received the 'not interested' message from 1002.
2026-04-22 17:16:28,220 - Peer 1006 has downloaded the piece 1188 from 1001. Now the number of pieces it has is 965.
2026-04-22 17:16:28,221 - Peer 1006 received the 'not interested' message from 1003.
2026-04-22 17:16:28,221 - Peer 1006 received the 'not interested' message from 1003.
2026-04-22 17:16:28,222 - Peer 1006 has downloaded the piece 1497 from 1002. Now the number of pieces it has is 966.
2026-04-22 17:16:28,222 - Peer 1006 received the 'not interested' message from 1003.
2026-04-22 17:16:28,226 - Peer 1006 received the 'not interested' message from 1004.
2026-04-22 17:16:28,228 - Peer 1006 received the 'not interested' message from 1004.
2026-04-22 17:16:28,228 - Peer 1006 received the 'not interested' message from 1002.
2026-04-22 17:16:28,228 - Peer 1006 received the 'not interested' message from 1005.
2026-04-22 17:16:28,228 - Peer 1006 received the 'not interested' message from 1001.
2026-04-22 17:16:28,228 - Peer 1006 received the 'not interested' message from 1002.
2026-04-22 17:16:28,228 - Peer 1006 received the 'not interested' message from 1005.
2026-04-22 17:16:28,229 - Peer 1006 received the 'not interested' message from 1001.
2026-04-22 17:16:28,229 - Peer 1006 received the 'not interested' message from 1003.
2026-04-22 17:16:28,229 - Peer 1006 received the 'not interested' message from 1005.
2026-04-22 17:16:28,229 - Peer 1006 received the 'not interested' message from 1001.
2026-04-22 17:16:28,229 - Peer 1006 received the 'not interested' message from 1005.
2026-04-22 17:16:28,231 - Peer 1006 received the 'not interested' message from 1001.
2026-04-22 17:16:28,231 - Peer 1006 received the 'not interested' message from 1005.
2026-04-22 17:16:28,231 - Peer 1006 received the 'not interested' message from 1001.
2026-04-22 17:16:28,231 - Peer 1006 received the 'not interested' message from 1005.
2026-04-22 17:16:28,232 - Peer 1006 has downloaded the piece 472 from 1001. Now the number of pieces it has is 967.
2026-04-22 17:16:28,234 - Peer 1006 has downloaded the piece 1599 from 1005. Now the number of pieces it has is 968.
2026-04-22 17:16:28,236 - Peer 1006 received the 'not interested' message from 1001.
2026-04-22 17:16:28,236 - Peer 1006 received the 'not interested' message from 1005.
2026-04-22 17:16:28,236 - Peer 1006 received the 'not interested' message from 1001.
2026-04-22 17:16:28,236 - Peer 1006 received the 'not interested' message from 1005.
2026-04-22 17:16:28,237 - Peer 1006 has downloaded the piece 1054 from 1001. Now the number of pieces it has is 969.
2026-04-22 17:16:28,239 - Peer 1006 has downloaded the piece 437 from 1005. Now the number of pieces it has is 970.
2026-04-22 17:16:28,241 - Peer 1006 received the 'not interested' message from 1002.
2026-04-22 17:16:28,241 - Peer 1006 received the 'not interested' message from 1001.
2026-04-22 17:16:28,242 - Peer 1006 received the 'not interested' message from 1002.
2026-04-22 17:16:28,242 - Peer 1006 received the 'not interested' message from 1001.
2026-04-22 17:16:28,244 - Peer 1006 has downloaded the piece 1398 from 1002. Now the number of pieces it has is 971.
2026-04-22 17:16:28,245 - Peer 1006 has downloaded the piece 1415 from 1001. Now the number of pieces it has is 972.
2026-04-22 17:16:28,247 - Peer 1006 received the 'not interested' message from 1005.
2026-04-22 17:16:28,247 - Peer 1006 received the 'not interested' message from 1002.
2026-04-22 17:16:28,247 - Peer 1006 received the 'not interested' message from 1005.
2026-04-22 17:16:28,247 - Peer 1006 received the 'not interested' message from 1002.
2026-04-22 17:16:28,249 - Peer 1006 received the 'not interested' message from 1002.
2026-04-22 17:16:28,249 - Peer 1006 received the 'not interested' message from 1002.
2026-04-22 17:16:28,249 - Peer 1006 received the 'not interested' message from 1002.
2026-04-22 17:16:28,251 - Peer 1006 received the 'not interested' message from 1004.
2026-04-22 17:16:28,251 - Peer 1006 has downloaded the piece 562 from 1005. Now the number of pieces it has is 973.
2026-04-22 17:16:28,251 - Peer 1006 received the 'not interested' message from 1003.
2026-04-22 17:16:28,251 - Peer 1006 received the 'not interested' message from 1004.
2026-04-22 17:16:28,252 - Peer 1006 has downloaded the piece 114 from 1002. Now the number of pieces it has is 974.
2026-04-22 17:16:28,252 - Peer 1006 received the 'not interested' message from 1003.
2026-04-22 17:16:28,252 - Peer 1006 received the 'not interested' message from 1004.
2026-04-22 17:16:28,253 - Peer 1006 received the 'not interested' message from 1001.
2026-04-22 17:16:28,254 - Peer 1006 received the 'not interested' message from 1001.
2026-04-22 17:16:28,255 - Peer 1006 received the 'not interested' message from 1001.
2026-04-22 17:16:28,255 - Peer 1006 has downloaded the piece 576 from 1003. Now the number of pieces it has is 975.
2026-04-22 17:16:28,256 - Peer 1006 has downloaded the piece 308 from 1004. Now the number of pieces it has is 976.
2026-04-22 17:16:28,257 - Peer 1006 has downloaded the piece 185 from 1001. Now the number of pieces it has is 977.
2026-04-22 17:16:28,262 - Peer 1006 received the 'not interested' message from 1002.
2026-04-22 17:16:28,262 - Peer 1006 received the 'not interested' message from 1005.
2026-04-22 17:16:28,263 - Peer 1006 received the 'not interested' message from 1002.
2026-04-22 17:16:28,264 - Peer 1006 received the 'not interested' message from 1005.
2026-04-22 17:16:28,264 - Peer 1006 received the 'not interested' message from 1003.
2026-04-22 17:16:28,265 - Peer 1006 received the 'not interested' message from 1001.
2026-04-22 17:16:28,266 - Peer 1006 received the 'not interested' message from 1004.
2026-04-22 17:16:28,266 - Peer 1006 received the 'not interested' message from 1002.
2026-04-22 17:16:28,266 - Peer 1006 received the 'not interested' message from 1005.
2026-04-22 17:16:28,266 - Peer 1006 received the 'not interested' message from 1004.
2026-04-22 17:16:28,266 - Peer 1006 received the 'not interested' message from 1001.
2026-04-22 17:16:28,266 - Peer 1006 received the 'not interested' message from 1003.
2026-04-22 17:16:28,267 - Peer 1006 received the 'not interested' message from 1002.
2026-04-22 17:16:28,267 - Peer 1006 received the 'not interested' message from 1005.
2026-04-22 17:16:28,267 - Peer 1006 received the 'not interested' message from 1004.
2026-04-22 17:16:28,267 - Peer 1006 received the 'not interested' message from 1001.
2026-04-22 17:16:28,268 - Peer 1006 received the 'not interested' message from 1003.
2026-04-22 17:16:28,268 - Peer 1006 received the 'not interested' message from 1002.
2026-04-22 17:16:28,269 - Peer 1006 received the 'not interested' message from 1004.
2026-04-22 17:16:28,269 - Peer 1006 received the 'not interested' message from 1001.
2026-04-22 17:16:28,269 - Peer 1006 received the 'not interested' message from 1004.
2026-04-22 17:16:28,269 - Peer 1006 received the 'not interested' message from 1002.
2026-04-22 17:16:28,269 - Peer 1006 received the 'not interested' message from 1003.
2026-04-22 17:16:28,270 - Peer 1006 has downloaded the piece 1451 from 1005. Now the number of pieces it has is 978.
2026-04-22 17:16:28,270 - Peer 1006 received the 'not interested' message from 1004.
2026-04-22 17:16:28,271 - Peer 1006 received the 'not interested' message from 1003.
2026-04-22 17:16:28,271 - Peer 1006 received the 'not interested' message from 1004.
2026-04-22 17:16:28,272 - Peer 1006 has downloaded the piece 935 from 1001. Now the number of pieces it has is 979.
2026-04-22 17:16:28,273 - Peer 1006 received the 'not interested' message from 1003.
2026-04-22 17:16:28,273 - Peer 1006 received the 'not interested' message from 1004.
2026-04-22 17:16:28,273 - Peer 1006 has downloaded the piece 516 from 1002. Now the number of pieces it has is 980.
2026-04-22 17:16:28,274 - Peer 1006 received the 'not interested' message from 1003.
2026-04-22 17:16:28,275 - Peer 1006 received the 'not interested' message from 1004.
2026-04-22 17:16:28,276 - Peer 1006 received the 'not interested' message from 1003.
2026-04-22 17:16:28,277 - Peer 1006 received the 'not interested' message from 1003.
2026-04-22 17:16:28,277 - Peer 1006 received the 'not interested' message from 1004.
2026-04-22 17:16:28,279 - Peer 1006 received the 'not interested' message from 1003.
2026-04-22 17:16:28,279 - Peer 1006 received the 'not interested' message from 1001.
2026-04-22 17:16:28,281 - Peer 1006 received the 'not interested' message from 1004.
2026-04-22 17:16:28,281 - Peer 1006 received the 'not interested' message from 1003.
2026-04-22 17:16:28,281 - Peer 1006 received the 'not interested' message from 1005.
2026-04-22 17:16:28,282 - Peer 1006 received the 'not interested' message from 1001.
2026-04-22 17:16:28,282 - Peer 1006 received the 'not interested' message from 1002.
2026-04-22 17:16:28,283 - Peer 1006 received the 'not interested' message from 1004.
2026-04-22 17:16:28,283 - Peer 1006 received the 'not interested' message from 1003.
2026-04-22 17:16:28,283 - Peer 1006 received the 'not interested' message from 1005.
2026-04-22 17:16:28,283 - Peer 1006 received the 'not interested' message from 1002.
2026-04-22 17:16:28,283 - Peer 1006 received the 'not interested' message from 1004.
2026-04-22 17:16:28,284 - Peer 1006 received the 'not interested' message from 1003.
2026-04-22 17:16:28,284 - Peer 1006 received the 'not interested' message from 1001.
2026-04-22 17:16:28,284 - Peer 1006 received the 'not interested' message from 1005.
2026-04-22 17:16:28,284 - Peer 1006 received the 'not interested' message from 1002.
2026-04-22 17:16:28,284 - Peer 1006 received the 'not interested' message from 1004.
2026-04-22 17:16:28,285 - Peer 1006 received the 'not interested' message from 1003.
2026-04-22 17:16:28,285 - Peer 1006 received the 'not interested' message from 1005.
2026-04-22 17:16:28,287 - Peer 1006 received the 'not interested' message from 1003.
2026-04-22 17:16:28,287 - Peer 1006 has downloaded the piece 583 from 1001. Now the number of pieces it has is 981.
2026-04-22 17:16:28,287 - Peer 1006 received the 'not interested' message from 1005.
2026-04-22 17:16:28,288 - Peer 1006 received the 'not interested' message from 1005.
2026-04-22 17:16:28,288 - Peer 1006 has downloaded the piece 77 from 1004. Now the number of pieces it has is 982.
2026-04-22 17:16:28,289 - Peer 1006 has downloaded the piece 121 from 1002. Now the number of pieces it has is 983.
2026-04-22 17:16:28,289 - Peer 1006 has downloaded the piece 1187 from 1003. Now the number of pieces it has is 984.
2026-04-22 17:16:28,291 - Peer 1006 has downloaded the piece 1034 from 1005. Now the number of pieces it has is 985.
2026-04-22 17:16:28,295 - Peer 1006 received the 'not interested' message from 1002.
2026-04-22 17:16:28,297 - Peer 1006 received the 'not interested' message from 1001.
2026-04-22 17:16:28,297 - Peer 1006 received the 'not interested' message from 1004.
2026-04-22 17:16:28,298 - Peer 1006 received the 'not interested' message from 1002.
2026-04-22 17:16:28,298 - Peer 1006 received the 'not interested' message from 1003.
2026-04-22 17:16:28,298 - Peer 1006 received the 'not interested' message from 1001.
2026-04-22 17:16:28,298 - Peer 1006 received the 'not interested' message from 1005.
2026-04-22 17:16:28,298 - Peer 1006 received the 'not interested' message from 1004.
2026-04-22 17:16:28,298 - Peer 1006 received the 'not interested' message from 1002.
2026-04-22 17:16:28,298 - Peer 1006 received the 'not interested' message from 1003.
2026-04-22 17:16:28,299 - Peer 1006 received the 'not interested' message from 1001.
2026-04-22 17:16:28,299 - Peer 1006 received the 'not interested' message from 1005.
2026-04-22 17:16:28,299 - Peer 1006 received the 'not interested' message from 1002.
2026-04-22 17:16:28,299 - Peer 1006 received the 'not interested' message from 1001.
2026-04-22 17:16:28,301 - Peer 1006 received the 'not interested' message from 1002.
2026-04-22 17:16:28,301 - Peer 1006 received the 'not interested' message from 1003.
2026-04-22 17:16:28,301 - Peer 1006 received the 'not interested' message from 1001.
2026-04-22 17:16:28,302 - Peer 1006 has downloaded the piece 96 from 1002. Now the number of pieces it has is 986.
2026-04-22 17:16:28,302 - Peer 1006 has downloaded the piece 31 from 1001. Now the number of pieces it has is 987.
2026-04-22 17:16:28,303 - Peer 1006 received the 'not interested' message from 1005.
2026-04-22 17:16:28,304 - Peer 1006 received the 'not interested' message from 1005.
2026-04-22 17:16:28,305 - Peer 1006 received the 'not interested' message from 1005.
2026-04-22 17:16:28,306 - Peer 1006 received the 'not interested' message from 1002.
2026-04-22 17:16:28,307 - Peer 1006 received the 'not interested' message from 1002.
2026-04-22 17:16:28,307 - Peer 1006 received the 'not interested' message from 1003.
2026-04-22 17:16:28,307 - Peer 1006 received the 'not interested' message from 1004.
2026-04-22 17:16:28,307 - Peer 1006 has downloaded the piece 502 from 1005. Now the number of pieces it has is 988.
2026-04-22 17:16:28,309 - Peer 1006 received the 'not interested' message from 1001.
2026-04-22 17:16:28,309 - Peer 1006 received the 'not interested' message from 1001.
2026-04-22 17:16:28,310 - Peer 1006 has downloaded the piece 543 from 1002. Now the number of pieces it has is 989.
2026-04-22 17:16:28,311 - Peer 1006 has downloaded the piece 846 from 1001. Now the number of pieces it has is 990.
2026-04-22 17:16:28,313 - Peer 1006 received the 'not interested' message from 1003.
2026-04-22 17:16:28,314 - Peer 1006 received the 'not interested' message from 1003.
2026-04-22 17:16:28,314 - Peer 1006 received the 'not interested' message from 1004.
2026-04-22 17:16:28,314 - Peer 1006 received the 'not interested' message from 1005.
2026-04-22 17:16:28,315 - Peer 1006 received the 'not interested' message from 1002.
2026-04-22 17:16:28,316 - Peer 1006 received the 'not interested' message from 1003.
2026-04-22 17:16:28,317 - Peer 1006 received the 'not interested' message from 1001.
2026-04-22 17:16:28,317 - Peer 1006 received the 'not interested' message from 1002.
2026-04-22 17:16:28,317 - Peer 1006 received the 'not interested' message from 1005.
2026-04-22 17:16:28,317 - Peer 1006 received the 'not interested' message from 1003.
2026-04-22 17:16:28,317 - Peer 1006 received the 'not interested' message from 1001.
2026-04-22 17:16:28,317 - Peer 1006 received the 'not interested' message from 1005.
2026-04-22 17:16:28,319 - Peer 1006 received the 'not interested' message from 1002.
2026-04-22 17:16:28,319 - Peer 1006 received the 'not interested' message from 1004.
2026-04-22 17:16:28,319 - Peer 1006 received the 'not interested' message from 1001.
2026-04-22 17:16:28,320 - Peer 1006 received the 'not interested' message from 1005.
2026-04-22 17:16:28,320 - Peer 1006 has downloaded the piece 224 from 1003. Now the number of pieces it has is 991.
2026-04-22 17:16:28,321 - Peer 1006 received the 'not interested' message from 1004.
2026-04-22 17:16:28,322 - Peer 1006 received the 'not interested' message from 1004.
2026-04-22 17:16:28,322 - Peer 1006 has downloaded the piece 893 from 1002. Now the number of pieces it has is 992.
2026-04-22 17:16:28,323 - Peer 1006 received the 'not interested' message from 1004.
2026-04-22 17:16:28,324 - Peer 1006 has downloaded the piece 1578 from 1005. Now the number of pieces it has is 993.
2026-04-22 17:16:28,325 - Peer 1006 has downloaded the piece 618 from 1001. Now the number of pieces it has is 994.
2026-04-22 17:16:28,326 - Peer 1006 has downloaded the piece 603 from 1004. Now the number of pieces it has is 995.
2026-04-22 17:16:28,331 - Peer 1006 received the 'not interested' message from 1003.
2026-04-22 17:16:28,332 - Peer 1006 received the 'not interested' message from 1002.
2026-04-22 17:16:28,332 - Peer 1006 received the 'not interested' message from 1003.
2026-04-22 17:16:28,334 - Peer 1006 received the 'not interested' message from 1002.
2026-04-22 17:16:28,335 - Peer 1006 received the 'not interested' message from 1003.
2026-04-22 17:16:28,335 - Peer 1006 received the 'not interested' message from 1001.
2026-04-22 17:16:28,335 - Peer 1006 received the 'not interested' message from 1002.
2026-04-22 17:16:28,336 - Peer 1006 received the 'not interested' message from 1004.
2026-04-22 17:16:28,336 - Peer 1006 received the 'not interested' message from 1005.
2026-04-22 17:16:28,337 - Peer 1006 received the 'not interested' message from 1003.
2026-04-22 17:16:28,337 - Peer 1006 received the 'not interested' message from 1001.
2026-04-22 17:16:28,337 - Peer 1006 received the 'not interested' message from 1002.
2026-04-22 17:16:28,338 - Peer 1006 received the 'not interested' message from 1004.
2026-04-22 17:16:28,338 - Peer 1006 received the 'not interested' message from 1005.
2026-04-22 17:16:28,338 - Peer 1006 received the 'not interested' message from 1002.
2026-04-22 17:16:28,338 - Peer 1006 received the 'not interested' message from 1001.
2026-04-22 17:16:28,339 - Peer 1006 received the 'not interested' message from 1004.
2026-04-22 17:16:28,339 - Peer 1006 received the 'not interested' message from 1005.
2026-04-22 17:16:28,339 - Peer 1006 received the 'not interested' message from 1001.
2026-04-22 17:16:28,340 - Peer 1006 received the 'not interested' message from 1004.
2026-04-22 17:16:28,340 - Peer 1006 received the 'not interested' message from 1005.
2026-04-22 17:16:28,341 - Peer 1006 received the 'not interested' message from 1001.
2026-04-22 17:16:28,341 - Peer 1006 has downloaded the piece 521 from 1002. Now the number of pieces it has is 996.
2026-04-22 17:16:28,341 - Peer 1006 received the 'not interested' message from 1004.
2026-04-22 17:16:28,342 - Peer 1006 received the 'not interested' message from 1005.
2026-04-22 17:16:28,342 - Peer 1006 received the 'not interested' message from 1004.
2026-04-22 17:16:28,343 - Peer 1006 received the 'not interested' message from 1005.
2026-04-22 17:16:28,343 - Peer 1006 has downloaded the piece 1348 from 1001. Now the number of pieces it has is 997.
2026-04-22 17:16:28,346 - Peer 1006 has downloaded the piece 1281 from 1005. Now the number of pieces it has is 998.
2026-04-22 17:16:28,347 - Peer 1006 received the 'not interested' message from 1002.
2026-04-22 17:16:28,348 - Peer 1006 received the 'not interested' message from 1004.
2026-04-22 17:16:28,348 - Peer 1006 received the 'not interested' message from 1001.
2026-04-22 17:16:28,349 - Peer 1006 received the 'not interested' message from 1004.
2026-04-22 17:16:28,349 - Peer 1006 received the 'not interested' message from 1002.
2026-04-22 17:16:28,349 - Peer 1006 received the 'not interested' message from 1001.
2026-04-22 17:16:28,350 - Peer 1006 received the 'not interested' message from 1004.
2026-04-22 17:16:28,351 - Peer 1006 received the 'not interested' message from 1005.
2026-04-22 17:16:28,351 - Peer 1006 received the 'not interested' message from 1001.
2026-04-22 17:16:28,351 - Peer 1006 received the 'not interested' message from 1004.
2026-04-22 17:16:28,351 - Peer 1006 received the 'not interested' message from 1005.
2026-04-22 17:16:28,353 - Peer 1006 has downloaded the piece 176 from 1002. Now the number of pieces it has is 999.
2026-04-22 17:16:28,353 - Peer 1006 received the 'not interested' message from 1005.
2026-04-22 17:16:28,354 - Peer 1006 has downloaded the piece 1247 from 1001. Now the number of pieces it has is 1000.
2026-04-22 17:16:28,355 - Peer 1006 has downloaded the piece 1470 from 1004. Now the number of pieces it has is 1001.
2026-04-22 17:16:28,356 - Peer 1006 has downloaded the piece 1583 from 1005. Now the number of pieces it has is 1002.
2026-04-22 17:16:28,361 - Peer 1006 received the 'not interested' message from 1001.
2026-04-22 17:16:28,362 - Peer 1006 received the 'not interested' message from 1001.
2026-04-22 17:16:28,362 - Peer 1006 received the 'not interested' message from 1004.
2026-04-22 17:16:28,363 - Peer 1006 received the 'not interested' message from 1001.
2026-04-22 17:16:28,363 - Peer 1006 received the 'not interested' message from 1002.
2026-04-22 17:16:28,363 - Peer 1006 received the 'not interested' message from 1005.
2026-04-22 17:16:28,363 - Peer 1006 received the 'not interested' message from 1004.
2026-04-22 17:16:28,363 - Peer 1006 received the 'not interested' message from 1001.
2026-04-22 17:16:28,364 - Peer 1006 received the 'not interested' message from 1002.
2026-04-22 17:16:28,364 - Peer 1006 received the 'not interested' message from 1005.
2026-04-22 17:16:28,365 - Peer 1006 received the 'not interested' message from 1002.
2026-04-22 17:16:28,365 - Peer 1006 received the 'not interested' message from 1005.
2026-04-22 17:16:28,366 - Peer 1006 received the 'not interested' message from 1002.
2026-04-22 17:16:28,366 - Peer 1006 received the 'not interested' message from 1004.
2026-04-22 17:16:28,366 - Peer 1006 received the 'not interested' message from 1002.
2026-04-22 17:16:28,367 - Peer 1006 has downloaded the piece 1277 from 1001. Now the number of pieces it has is 1003.
2026-04-22 17:16:28,367 - Peer 1006 received the 'not interested' message from 1005.
2026-04-22 17:16:28,367 - Peer 1006 has downloaded the piece 225 from 1002. Now the number of pieces it has is 1004.
2026-04-22 17:16:28,369 - Peer 1006 has downloaded the piece 1019 from 1005. Now the number of pieces it has is 1005.
2026-04-22 17:16:28,371 - Peer 1006 received the 'not interested' message from 1003.
2026-04-22 17:16:28,372 - Peer 1006 received the 'not interested' message from 1002.
2026-04-22 17:16:28,373 - Peer 1006 received the 'not interested' message from 1002.
2026-04-22 17:16:28,373 - Peer 1006 received the 'not interested' message from 1001.
2026-04-22 17:16:28,374 - Peer 1006 received the 'not interested' message from 1005.
2026-04-22 17:16:28,374 - Peer 1006 received the 'not interested' message from 1002.
2026-04-22 17:16:28,374 - Peer 1006 received the 'not interested' message from 1001.
2026-04-22 17:16:28,375 - Peer 1006 received the 'not interested' message from 1005.
2026-04-22 17:16:28,375 - Peer 1006 received the 'not interested' message from 1001.
2026-04-22 17:16:28,375 - Peer 1006 received the 'not interested' message from 1005.
2026-04-22 17:16:28,376 - Peer 1006 has downloaded the piece 503 from 1002. Now the number of pieces it has is 1006.
2026-04-22 17:16:28,376 - Peer 1006 received the 'not interested' message from 1004.
2026-04-22 17:16:28,377 - Peer 1006 received the 'not interested' message from 1004.
2026-04-22 17:16:28,377 - Peer 1006 has downloaded the piece 43 from 1001. Now the number of pieces it has is 1007.
2026-04-22 17:16:28,377 - Peer 1006 has downloaded the piece 861 from 1005. Now the number of pieces it has is 1008.
2026-04-22 17:16:28,379 - Peer 1006 received the 'not interested' message from 1003.
2026-04-22 17:16:28,381 - Peer 1006 has downloaded the piece 368 from 1004. Now the number of pieces it has is 1009.
2026-04-22 17:16:28,384 - Peer 1006 received the 'not interested' message from 1001.
2026-04-22 17:16:28,384 - Peer 1006 received the 'not interested' message from 1003.
2026-04-22 17:16:28,385 - Peer 1006 received the 'not interested' message from 1001.
2026-04-22 17:16:28,386 - Peer 1006 received the 'not interested' message from 1003.
2026-04-22 17:16:28,386 - Peer 1006 received the 'not interested' message from 1001.
2026-04-22 17:16:28,387 - Peer 1006 received the 'not interested' message from 1003.
2026-04-22 17:16:28,387 - Peer 1006 received the 'not interested' message from 1005.
2026-04-22 17:16:28,387 - Peer 1006 received the 'not interested' message from 1002.
2026-04-22 17:16:28,388 - Peer 1006 received the 'not interested' message from 1004.
2026-04-22 17:16:28,388 - Peer 1006 received the 'not interested' message from 1005.
2026-04-22 17:16:28,389 - Peer 1006 received the 'not interested' message from 1002.
2026-04-22 17:16:28,389 - Peer 1006 has downloaded the piece 865 from 1001. Now the number of pieces it has is 1010.
2026-04-22 17:16:28,389 - Peer 1006 received the 'not interested' message from 1004.
2026-04-22 17:16:28,390 - Peer 1006 received the 'not interested' message from 1005.
2026-04-22 17:16:28,390 - Peer 1006 received the 'not interested' message from 1002.
2026-04-22 17:16:28,391 - Peer 1006 has downloaded the piece 385 from 1003. Now the number of pieces it has is 1011.
2026-04-22 17:16:28,392 - Peer 1006 received the 'not interested' message from 1004.
2026-04-22 17:16:28,393 - Peer 1006 received the 'not interested' message from 1005.
2026-04-22 17:16:28,393 - Peer 1006 received the 'not interested' message from 1002.
2026-04-22 17:16:28,395 - Peer 1006 received the 'not interested' message from 1004.
2026-04-22 17:16:28,395 - Peer 1006 received the 'not interested' message from 1001.
2026-04-22 17:16:28,397 - Peer 1006 received the 'not interested' message from 1004.
2026-04-22 17:16:28,398 - Peer 1006 received the 'not interested' message from 1001.
2026-04-22 17:16:28,398 - Peer 1006 received the 'not interested' message from 1001.
2026-04-22 17:16:28,399 - Peer 1006 has downloaded the piece 1498 from 1005. Now the number of pieces it has is 1012.
2026-04-22 17:16:28,399 - Peer 1006 received the 'not interested' message from 1003.
2026-04-22 17:16:28,399 - Peer 1006 received the 'not interested' message from 1003.
2026-04-22 17:16:28,399 - Peer 1006 received the 'not interested' message from 1003.
2026-04-22 17:16:28,399 - Peer 1006 received the 'not interested' message from 1003.
2026-04-22 17:16:28,400 - Peer 1006 received the 'not interested' message from 1003.
2026-04-22 17:16:28,400 - Peer 1006 has downloaded the piece 205 from 1001. Now the number of pieces it has is 1013.
2026-04-22 17:16:28,400 - Peer 1006 received the 'not interested' message from 1003.
2026-04-22 17:16:28,401 - Peer 1006 received the 'not interested' message from 1003.
2026-04-22 17:16:28,401 - Peer 1006 received the 'not interested' message from 1003.
2026-04-22 17:16:28,401 - Peer 1006 has downloaded the piece 1454 from 1002. Now the number of pieces it has is 1014.
2026-04-22 17:16:28,402 - Peer 1006 received the 'not interested' message from 1003.
2026-04-22 17:16:28,402 - Peer 1006 received the 'not interested' message from 1004.
2026-04-22 17:16:28,405 - Peer 1006 received the 'not interested' message from 1003.
2026-04-22 17:16:28,405 - Peer 1006 received the 'not interested' message from 1001.
2026-04-22 17:16:28,406 - Peer 1006 received the 'not interested' message from 1003.
2026-04-22 17:16:28,407 - Peer 1006 received the 'not interested' message from 1001.
2026-04-22 17:16:28,407 - Peer 1006 received the 'not interested' message from 1003.
2026-04-22 17:16:28,407 - Peer 1006 received the 'not interested' message from 1005.
2026-04-22 17:16:28,409 - Peer 1006 received the 'not interested' message from 1002.
2026-04-22 17:16:28,409 - Peer 1006 received the 'not interested' message from 1001.
2026-04-22 17:16:28,409 - Peer 1006 received the 'not interested' message from 1003.
2026-04-22 17:16:28,410 - Peer 1006 received the 'not interested' message from 1005.
2026-04-22 17:16:28,410 - Peer 1006 received the 'not interested' message from 1002.
2026-04-22 17:16:28,411 - Peer 1006 received the 'not interested' message from 1004.
2026-04-22 17:16:28,411 - Peer 1006 received the 'not interested' message from 1003.
2026-04-22 17:16:28,411 - Peer 1006 received the 'not interested' message from 1005.
2026-04-22 17:16:28,412 - Peer 1006 received the 'not interested' message from 1002.
2026-04-22 17:16:28,413 - Peer 1006 received the 'not interested' message from 1004.
2026-04-22 17:16:28,414 - Peer 1006 received the 'not interested' message from 1003.
2026-04-22 17:16:28,414 - Peer 1006 received the 'not interested' message from 1005.
2026-04-22 17:16:28,414 - Peer 1006 has downloaded the piece 804 from 1001. Now the number of pieces it has is 1015.
2026-04-22 17:16:28,414 - Peer 1006 received the 'not interested' message from 1002.
2026-04-22 17:16:28,414 - Peer 1006 received the 'not interested' message from 1004.
2026-04-22 17:16:28,415 - Peer 1006 received the 'not interested' message from 1005.
2026-04-22 17:16:28,415 - Peer 1006 received the 'not interested' message from 1002.
2026-04-22 17:16:28,416 - Peer 1006 received the 'not interested' message from 1003.
2026-04-22 17:16:28,416 - Peer 1006 received the 'not interested' message from 1003.
2026-04-22 17:16:28,416 - Peer 1006 has downloaded the piece 7 from 1004. Now the number of pieces it has is 1016.
2026-04-22 17:16:28,418 - Peer 1006 has downloaded the piece 1249 from 1002. Now the number of pieces it has is 1017.
2026-04-22 17:16:28,418 - Peer 1006 has downloaded the piece 1342 from 1005. Now the number of pieces it has is 1018.
2026-04-22 17:16:28,421 - Peer 1006 has downloaded the piece 267 from 1003. Now the number of pieces it has is 1019.
2026-04-22 17:16:28,426 - Peer 1006 received the 'not interested' message from 1001.
2026-04-22 17:16:28,426 - Peer 1006 received the 'not interested' message from 1004.
2026-04-22 17:16:28,426 - Peer 1006 received the 'not interested' message from 1002.
2026-04-22 17:16:28,427 - Peer 1006 received the 'not interested' message from 1003.
2026-04-22 17:16:28,428 - Peer 1006 received the 'not interested' message from 1001.
2026-04-22 17:16:28,428 - Peer 1006 received the 'not interested' message from 1004.
2026-04-22 17:16:28,428 - Peer 1006 received the 'not interested' message from 1005.
2026-04-22 17:16:28,429 - Peer 1006 received the 'not interested' message from 1002.
2026-04-22 17:16:28,429 - Peer 1006 received the 'not interested' message from 1003.
2026-04-22 17:16:28,429 - Peer 1006 received the 'not interested' message from 1001.
2026-04-22 17:16:28,430 - Peer 1006 received the 'not interested' message from 1004.
2026-04-22 17:16:28,431 - Peer 1006 received the 'not interested' message from 1005.
2026-04-22 17:16:28,431 - Peer 1006 received the 'not interested' message from 1002.
2026-04-22 17:16:28,431 - Peer 1006 received the 'not interested' message from 1003.
2026-04-22 17:16:28,431 - Peer 1006 received the 'not interested' message from 1001.
2026-04-22 17:16:28,431 - Peer 1006 received the 'not interested' message from 1004.
2026-04-22 17:16:28,431 - Peer 1006 received the 'not interested' message from 1005.
2026-04-22 17:16:28,433 - Peer 1006 received the 'not interested' message from 1002.
2026-04-22 17:16:28,433 - Peer 1006 received the 'not interested' message from 1003.
2026-04-22 17:16:28,434 - Peer 1006 received the 'not interested' message from 1001.
2026-04-22 17:16:28,434 - Peer 1006 received the 'not interested' message from 1004.
2026-04-22 17:16:28,435 - Peer 1006 received the 'not interested' message from 1005.
2026-04-22 17:16:28,435 - Peer 1006 received the 'not interested' message from 1002.
2026-04-22 17:16:28,435 - Peer 1006 received the 'not interested' message from 1003.
2026-04-22 17:16:28,435 - Peer 1006 received the 'not interested' message from 1004.
2026-04-22 17:16:28,435 - Peer 1006 received the 'not interested' message from 1005.
2026-04-22 17:16:28,436 - Peer 1006 received the 'not interested' message from 1003.
2026-04-22 17:16:28,436 - Peer 1006 has downloaded the piece 970 from 1001. Now the number of pieces it has is 1020.
2026-04-22 17:16:28,438 - Peer 1006 has downloaded the piece 512 from 1002. Now the number of pieces it has is 1021.
2026-04-22 17:16:28,438 - Peer 1006 has downloaded the piece 0 from 1005. Now the number of pieces it has is 1022.
2026-04-22 17:16:28,444 - Peer 1006 received the 'not interested' message from 1002.
2026-04-22 17:16:28,444 - Peer 1006 received the 'not interested' message from 1001.
2026-04-22 17:16:28,444 - Peer 1006 received the 'not interested' message from 1002.
2026-04-22 17:16:28,444 - Peer 1006 received the 'not interested' message from 1001.
2026-04-22 17:16:28,445 - Peer 1006 received the 'not interested' message from 1004.
2026-04-22 17:16:28,446 - Peer 1006 received the 'not interested' message from 1002.
2026-04-22 17:16:28,447 - Peer 1006 received the 'not interested' message from 1003.
2026-04-22 17:16:28,447 - Peer 1006 received the 'not interested' message from 1001.
2026-04-22 17:16:28,447 - Peer 1006 received the 'not interested' message from 1004.
2026-04-22 17:16:28,447 - Peer 1006 received the 'not interested' message from 1005.
2026-04-22 17:16:28,447 - Peer 1006 received the 'not interested' message from 1003.
2026-04-22 17:16:28,448 - Peer 1006 received the 'not interested' message from 1005.
2026-04-22 17:16:28,448 - Peer 1006 has downloaded the piece 23 from 1002. Now the number of pieces it has is 1023.
2026-04-22 17:16:28,448 - Peer 1006 received the 'not interested' message from 1005.
2026-04-22 17:16:28,450 - Peer 1006 has downloaded the piece 1462 from 1001. Now the number of pieces it has is 1024.
2026-04-22 17:16:28,450 - Peer 1006 has downloaded the piece 261 from 1003. Now the number of pieces it has is 1025.
2026-04-22 17:16:28,451 - Peer 1006 has downloaded the piece 907 from 1005. Now the number of pieces it has is 1026.
2026-04-22 17:16:28,451 - Peer 1006 has downloaded the piece 984 from 1004. Now the number of pieces it has is 1027.
2026-04-22 17:16:28,456 - Peer 1006 received the 'not interested' message from 1001.
2026-04-22 17:16:28,458 - Peer 1006 received the 'not interested' message from 1002.
2026-04-22 17:16:28,459 - Peer 1006 received the 'not interested' message from 1004.
2026-04-22 17:16:28,460 - Peer 1006 received the 'not interested' message from 1003.
2026-04-22 17:16:28,460 - Peer 1006 received the 'not interested' message from 1001.
2026-04-22 17:16:28,461 - Peer 1006 received the 'not interested' message from 1002.
2026-04-22 17:16:28,461 - Peer 1006 received the 'not interested' message from 1004.
2026-04-22 17:16:28,463 - Peer 1006 received the 'not interested' message from 1001.
2026-04-22 17:16:28,463 - Peer 1006 received the 'not interested' message from 1001.
2026-04-22 17:16:28,463 - Peer 1006 received the 'not interested' message from 1005.
2026-04-22 17:16:28,463 - Peer 1006 received the 'not interested' message from 1004.
2026-04-22 17:16:28,464 - Peer 1006 received the 'not interested' message from 1002.
2026-04-22 17:16:28,464 - Peer 1006 received the 'not interested' message from 1001.
2026-04-22 17:16:28,464 - Peer 1006 received the 'not interested' message from 1005.
2026-04-22 17:16:28,464 - Peer 1006 received the 'not interested' message from 1004.
2026-04-22 17:16:28,464 - Peer 1006 received the 'not interested' message from 1002.
2026-04-22 17:16:28,464 - Peer 1006 received the 'not interested' message from 1005.
2026-04-22 17:16:28,466 - Peer 1006 received the 'not interested' message from 1004.
2026-04-22 17:16:28,466 - Peer 1006 received the 'not interested' message from 1002.
2026-04-22 17:16:28,466 - Peer 1006 received the 'not interested' message from 1003.
2026-04-22 17:16:28,466 - Peer 1006 received the 'not interested' message from 1005.
2026-04-22 17:16:28,466 - Peer 1006 has downloaded the piece 997 from 1001. Now the number of pieces it has is 1028.
2026-04-22 17:16:28,467 - Peer 1006 received the 'not interested' message from 1003.
2026-04-22 17:16:28,467 - Peer 1006 received the 'not interested' message from 1005.
2026-04-22 17:16:28,469 - Peer 1006 has downloaded the piece 444 from 1002. Now the number of pieces it has is 1029.
2026-04-22 17:16:28,469 - Peer 1006 has downloaded the piece 666 from 1005. Now the number of pieces it has is 1030.
2026-04-22 17:16:28,473 - Peer 1006 received the 'not interested' message from 1004.
2026-04-22 17:16:28,474 - Peer 1006 received the 'not interested' message from 1002.
2026-04-22 17:16:28,474 - Peer 1006 received the 'not interested' message from 1004.
2026-04-22 17:16:28,474 - Peer 1006 received the 'not interested' message from 1001.
2026-04-22 17:16:28,476 - Peer 1006 received the 'not interested' message from 1002.
2026-04-22 17:16:28,476 - Peer 1006 received the 'not interested' message from 1004.
2026-04-22 17:16:28,477 - Peer 1006 received the 'not interested' message from 1005.
2026-04-22 17:16:28,477 - Peer 1006 received the 'not interested' message from 1001.
2026-04-22 17:16:28,478 - Peer 1006 received the 'not interested' message from 1004.
2026-04-22 17:16:28,478 - Peer 1006 received the 'not interested' message from 1005.
2026-04-22 17:16:28,478 - Peer 1006 received the 'not interested' message from 1001.
2026-04-22 17:16:28,478 - Peer 1006 received the 'not interested' message from 1005.
2026-04-22 17:16:28,479 - Peer 1006 has downloaded the piece 4 from 1002. Now the number of pieces it has is 1031.
2026-04-22 17:16:28,480 - Peer 1006 has downloaded the piece 1279 from 1001. Now the number of pieces it has is 1032.
2026-04-22 17:16:28,481 - Peer 1006 has downloaded the piece 393 from 1005. Now the number of pieces it has is 1033.
2026-04-22 17:16:28,484 - Peer 1006 received the 'not interested' message from 1001.
2026-04-22 17:16:28,485 - Peer 1006 received the 'not interested' message from 1001.
2026-04-22 17:16:28,485 - Peer 1006 received the 'not interested' message from 1003.
2026-04-22 17:16:28,486 - Peer 1006 received the 'not interested' message from 1001.
2026-04-22 17:16:28,486 - Peer 1006 received the 'not interested' message from 1003.
2026-04-22 17:16:28,486 - Peer 1006 received the 'not interested' message from 1003.
2026-04-22 17:16:28,486 - Peer 1006 received the 'not interested' message from 1003.
2026-04-22 17:16:28,486 - Peer 1006 received the 'not interested' message from 1003.
2026-04-22 17:16:28,487 - Peer 1006 has downloaded the piece 930 from 1004. Now the number of pieces it has is 1034.
2026-04-22 17:16:28,487 - Peer 1006 received the 'not interested' message from 1002.
2026-04-22 17:16:28,488 - Peer 1006 received the 'not interested' message from 1002.
2026-04-22 17:16:28,489 - Peer 1006 has downloaded the piece 1235 from 1001. Now the number of pieces it has is 1035.
2026-04-22 17:16:28,491 - Peer 1006 received the 'not interested' message from 1002.
2026-04-22 17:16:28,491 - Peer 1006 received the 'not interested' message from 1002.
2026-04-22 17:16:28,492 - Peer 1006 has downloaded the piece 1530 from 1003. Now the number of pieces it has is 1036.
2026-04-22 17:16:28,494 - Peer 1006 has downloaded the piece 1162 from 1002. Now the number of pieces it has is 1037.
2026-04-22 17:16:28,495 - Peer 1006 received the 'not interested' message from 1005.
2026-04-22 17:16:28,497 - Peer 1006 received the 'not interested' message from 1005.
2026-04-22 17:16:28,497 - Peer 1006 received the 'not interested' message from 1005.
2026-04-22 17:16:28,497 - Peer 1006 received the 'not interested' message from 1001.
2026-04-22 17:16:28,499 - Peer 1006 received the 'not interested' message from 1004.
2026-04-22 17:16:28,499 - Peer 1006 received the 'not interested' message from 1003.
2026-04-22 17:16:28,499 - Peer 1006 received the 'not interested' message from 1001.
2026-04-22 17:16:28,499 - Peer 1006 has downloaded the piece 1028 from 1005. Now the number of pieces it has is 1038.
2026-04-22 17:16:28,500 - Peer 1006 received the 'not interested' message from 1004.
2026-04-22 17:16:28,501 - Peer 1006 received the 'not interested' message from 1003.
2026-04-22 17:16:28,501 - Peer 1006 received the 'not interested' message from 1002.
2026-04-22 17:16:28,501 - Peer 1006 received the 'not interested' message from 1001.
2026-04-22 17:16:28,502 - Peer 1006 received the 'not interested' message from 1004.
2026-04-22 17:16:28,502 - Peer 1006 received the 'not interested' message from 1003.
2026-04-22 17:16:28,503 - Peer 1006 received the 'not interested' message from 1002.
2026-04-22 17:16:28,503 - Peer 1006 received the 'not interested' message from 1001.
2026-04-22 17:16:28,504 - Peer 1006 received the 'not interested' message from 1004.
2026-04-22 17:16:28,504 - Peer 1006 received the 'not interested' message from 1003.
2026-04-22 17:16:28,504 - Peer 1006 received the 'not interested' message from 1005.
2026-04-22 17:16:28,504 - Peer 1006 received the 'not interested' message from 1002.
2026-04-22 17:16:28,505 - Peer 1006 received the 'not interested' message from 1004.
2026-04-22 17:16:28,505 - Peer 1006 received the 'not interested' message from 1003.
2026-04-22 17:16:28,505 - Peer 1006 received the 'not interested' message from 1005.
2026-04-22 17:16:28,506 - Peer 1006 received the 'not interested' message from 1002.
2026-04-22 17:16:28,506 - Peer 1006 received the 'not interested' message from 1004.
2026-04-22 17:16:28,506 - Peer 1006 has downloaded the piece 244 from 1001. Now the number of pieces it has is 1039.
2026-04-22 17:16:28,506 - Peer 1006 received the 'not interested' message from 1003.
2026-04-22 17:16:28,507 - Peer 1006 received the 'not interested' message from 1005.
2026-04-22 17:16:28,507 - Peer 1006 received the 'not interested' message from 1004.
2026-04-22 17:16:28,507 - Peer 1006 received the 'not interested' message from 1003.
2026-04-22 17:16:28,509 - Peer 1006 received the 'not interested' message from 1005.
2026-04-22 17:16:28,509 - Peer 1006 received the 'not interested' message from 1004.
2026-04-22 17:16:28,509 - Peer 1006 has downloaded the piece 235 from 1002. Now the number of pieces it has is 1040.
2026-04-22 17:16:28,510 - Peer 1006 received the 'not interested' message from 1005.
2026-04-22 17:16:28,511 - Peer 1006 received the 'not interested' message from 1004.
2026-04-22 17:16:28,512 - Peer 1006 has downloaded the piece 1467 from 1005. Now the number of pieces it has is 1041.
2026-04-22 17:16:28,513 - Peer 1006 received the 'not interested' message from 1003.
2026-04-22 17:16:28,513 - Peer 1006 received the 'not interested' message from 1001.
2026-04-22 17:16:28,513 - Peer 1006 received the 'not interested' message from 1003.
2026-04-22 17:16:28,513 - Peer 1006 received the 'not interested' message from 1001.
2026-04-22 17:16:28,514 - Peer 1006 received the 'not interested' message from 1003.
2026-04-22 17:16:28,514 - Peer 1006 has downloaded the piece 1486 from 1004. Now the number of pieces it has is 1042.
2026-04-22 17:16:28,514 - Peer 1006 received the 'not interested' message from 1001.
2026-04-22 17:16:28,516 - Peer 1006 has downloaded the piece 722 from 1003. Now the number of pieces it has is 1043.
2026-04-22 17:16:28,517 - Peer 1006 has downloaded the piece 242 from 1001. Now the number of pieces it has is 1044.
2026-04-22 17:16:28,522 - Peer 1006 received the 'not interested' message from 1002.
2026-04-22 17:16:28,523 - Peer 1006 received the 'not interested' message from 1004.
2026-04-22 17:16:28,523 - Peer 1006 received the 'not interested' message from 1005.
2026-04-22 17:16:28,524 - Peer 1006 received the 'not interested' message from 1002.
2026-04-22 17:16:28,524 - Peer 1006 received the 'not interested' message from 1003.
2026-04-22 17:16:28,524 - Peer 1006 received the 'not interested' message from 1004.
2026-04-22 17:16:28,526 - Peer 1006 received the 'not interested' message from 1005.
2026-04-22 17:16:28,526 - Peer 1006 received the 'not interested' message from 1002.
2026-04-22 17:16:28,526 - Peer 1006 received the 'not interested' message from 1001.
2026-04-22 17:16:28,526 - Peer 1006 received the 'not interested' message from 1004.
2026-04-22 17:16:28,527 - Peer 1006 received the 'not interested' message from 1005.
2026-04-22 17:16:28,527 - Peer 1006 received the 'not interested' message from 1002.
2026-04-22 17:16:28,527 - Peer 1006 received the 'not interested' message from 1001.
2026-04-22 17:16:28,527 - Peer 1006 received the 'not interested' message from 1002.
2026-04-22 17:16:28,527 - Peer 1006 received the 'not interested' message from 1001.
2026-04-22 17:16:28,529 - Peer 1006 received the 'not interested' message from 1002.
2026-04-22 17:16:28,529 - Peer 1006 received the 'not interested' message from 1001.
2026-04-22 17:16:28,529 - Peer 1006 received the 'not interested' message from 1003.
2026-04-22 17:16:28,529 - Peer 1006 received the 'not interested' message from 1004.
2026-04-22 17:16:28,529 - Peer 1006 received the 'not interested' message from 1002.
2026-04-22 17:16:28,530 - Peer 1006 has downloaded the piece 1515 from 1005. Now the number of pieces it has is 1045.
2026-04-22 17:16:28,531 - Peer 1006 has downloaded the piece 560 from 1001. Now the number of pieces it has is 1046.
2026-04-22 17:16:28,531 - Peer 1006 has downloaded the piece 102 from 1002. Now the number of pieces it has is 1047.
2026-04-22 17:16:28,535 - Peer 1006 received the 'not interested' message from 1005.
2026-04-22 17:16:28,535 - Peer 1006 received the 'not interested' message from 1003.
2026-04-22 17:16:28,535 - Peer 1006 received the 'not interested' message from 1004.
2026-04-22 17:16:28,537 - Peer 1006 received the 'not interested' message from 1003.
2026-04-22 17:16:28,536 - Peer 1006 received the 'not interested' message from 1001.
2026-04-22 17:16:28,536 - Peer 1006 received the 'not interested' message from 1005.
2026-04-22 17:16:28,537 - Peer 1006 received the 'not interested' message from 1004.
2026-04-22 17:16:28,539 - Peer 1006 received the 'not interested' message from 1003.
2026-04-22 17:16:28,539 - Peer 1006 received the 'not interested' message from 1002.
2026-04-22 17:16:28,539 - Peer 1006 received the 'not interested' message from 1001.
2026-04-22 17:16:28,539 - Peer 1006 received the 'not interested' message from 1005.
2026-04-22 17:16:28,539 - Peer 1006 received the 'not interested' message from 1004.
2026-04-22 17:16:28,539 - Peer 1006 received the 'not interested' message from 1003.
2026-04-22 17:16:28,540 - Peer 1006 received the 'not interested' message from 1002.
2026-04-22 17:16:28,540 - Peer 1006 received the 'not interested' message from 1001.
2026-04-22 17:16:28,540 - Peer 1006 received the 'not interested' message from 1005.
2026-04-22 17:16:28,541 - Peer 1006 received the 'not interested' message from 1002.
2026-04-22 17:16:28,541 - Peer 1006 received the 'not interested' message from 1005.
2026-04-22 17:16:28,542 - Peer 1006 has downloaded the piece 489 from 1001. Now the number of pieces it has is 1048.
2026-04-22 17:16:28,543 - Peer 1006 has downloaded the piece 1007 from 1002. Now the number of pieces it has is 1049.
2026-04-22 17:16:28,544 - Peer 1006 has downloaded the piece 1421 from 1005. Now the number of pieces it has is 1050.
2026-04-22 17:16:28,546 - Peer 1006 received the 'not interested' message from 1003.
2026-04-22 17:16:28,548 - Peer 1006 received the 'not interested' message from 1002.
2026-04-22 17:16:28,548 - Peer 1006 received the 'not interested' message from 1001.
2026-04-22 17:16:28,549 - Peer 1006 received the 'not interested' message from 1002.
2026-04-22 17:16:28,549 - Peer 1006 received the 'not interested' message from 1005.
2026-04-22 17:16:28,549 - Peer 1006 received the 'not interested' message from 1001.
2026-04-22 17:16:28,549 - Peer 1006 received the 'not interested' message from 1002.
2026-04-22 17:16:28,549 - Peer 1006 received the 'not interested' message from 1005.
2026-04-22 17:16:28,551 - Peer 1006 received the 'not interested' message from 1001.
2026-04-22 17:16:28,551 - Peer 1006 received the 'not interested' message from 1005.
2026-04-22 17:16:28,551 - Peer 1006 received the 'not interested' message from 1005.
2026-04-22 17:16:28,551 - Peer 1006 has downloaded the piece 1511 from 1002. Now the number of pieces it has is 1051.
2026-04-22 17:16:28,552 - Peer 1006 has downloaded the piece 1474 from 1001. Now the number of pieces it has is 1052.
2026-04-22 17:16:28,553 - Peer 1006 has downloaded the piece 610 from 1005. Now the number of pieces it has is 1053.
2026-04-22 17:16:28,556 - Peer 1006 received the 'not interested' message from 1002.
2026-04-22 17:16:28,557 - Peer 1006 received the 'not interested' message from 1001.
2026-04-22 17:16:28,559 - Peer 1006 received the 'not interested' message from 1002.
2026-04-22 17:16:28,559 - Peer 1006 received the 'not interested' message from 1001.
2026-04-22 17:16:28,560 - Peer 1006 received the 'not interested' message from 1002.
2026-04-22 17:16:28,560 - Peer 1006 received the 'not interested' message from 1001.
2026-04-22 17:16:28,561 - Peer 1006 received the 'not interested' message from 1005.
2026-04-22 17:16:28,561 - Peer 1006 received the 'not interested' message from 1005.
2026-04-22 17:16:28,561 - Peer 1006 has downloaded the piece 294 from 1004. Now the number of pieces it has is 1054.
2026-04-22 17:16:28,562 - Peer 1006 received the 'not interested' message from 1005.
2026-04-22 17:16:28,563 - Peer 1006 has downloaded the piece 849 from 1002. Now the number of pieces it has is 1055.
2026-04-22 17:16:28,563 - Peer 1006 has downloaded the piece 1230 from 1001. Now the number of pieces it has is 1056.
2026-04-22 17:16:28,565 - Peer 1006 has downloaded the piece 231 from 1003. Now the number of pieces it has is 1057.
2026-04-22 17:16:28,567 - Peer 1006 has downloaded the piece 756 from 1005. Now the number of pieces it has is 1058.
2026-04-22 17:16:28,572 - Peer 1006 received the 'not interested' message from 1004.
2026-04-22 17:16:28,573 - Peer 1006 received the 'not interested' message from 1003.
2026-04-22 17:16:28,574 - Peer 1006 received the 'not interested' message from 1004.
2026-04-22 17:16:28,574 - Peer 1006 received the 'not interested' message from 1002.
2026-04-22 17:16:28,574 - Peer 1006 received the 'not interested' message from 1003.
2026-04-22 17:16:28,575 - Peer 1006 received the 'not interested' message from 1004.
2026-04-22 17:16:28,575 - Peer 1006 received the 'not interested' message from 1002.
2026-04-22 17:16:28,576 - Peer 1006 received the 'not interested' message from 1005.
2026-04-22 17:16:28,576 - Peer 1006 received the 'not interested' message from 1001.
2026-04-22 17:16:28,576 - Peer 1006 received the 'not interested' message from 1003.
2026-04-22 17:16:28,576 - Peer 1006 received the 'not interested' message from 1004.
2026-04-22 17:16:28,577 - Peer 1006 received the 'not interested' message from 1002.
2026-04-22 17:16:28,577 - Peer 1006 received the 'not interested' message from 1005.
2026-04-22 17:16:28,577 - Peer 1006 received the 'not interested' message from 1001.
2026-04-22 17:16:28,577 - Peer 1006 received the 'not interested' message from 1003.
2026-04-22 17:16:28,578 - Peer 1006 received the 'not interested' message from 1004.
2026-04-22 17:16:28,578 - Peer 1006 received the 'not interested' message from 1002.
2026-04-22 17:16:28,578 - Peer 1006 received the 'not interested' message from 1005.
2026-04-22 17:16:28,579 - Peer 1006 received the 'not interested' message from 1001.
2026-04-22 17:16:28,579 - Peer 1006 received the 'not interested' message from 1003.
2026-04-22 17:16:28,579 - Peer 1006 received the 'not interested' message from 1004.
2026-04-22 17:16:28,579 - Peer 1006 received the 'not interested' message from 1002.
2026-04-22 17:16:28,580 - Peer 1006 received the 'not interested' message from 1005.
2026-04-22 17:16:28,580 - Peer 1006 received the 'not interested' message from 1001.
2026-04-22 17:16:28,580 - Peer 1006 received the 'not interested' message from 1003.
2026-04-22 17:16:28,580 - Peer 1006 received the 'not interested' message from 1004.
2026-04-22 17:16:28,581 - Peer 1006 received the 'not interested' message from 1005.
2026-04-22 17:16:28,582 - Peer 1006 received the 'not interested' message from 1001.
2026-04-22 17:16:28,582 - Peer 1006 received the 'not interested' message from 1003.
2026-04-22 17:16:28,582 - Peer 1006 received the 'not interested' message from 1004.
2026-04-22 17:16:28,582 - Peer 1006 has downloaded the piece 1123 from 1002. Now the number of pieces it has is 1059.
2026-04-22 17:16:28,582 - Peer 1006 received the 'not interested' message from 1003.
2026-04-22 17:16:28,582 - Peer 1006 received the 'not interested' message from 1004.
2026-04-22 17:16:28,584 - Peer 1006 received the 'not interested' message from 1003.
2026-04-22 17:16:28,584 - Peer 1006 received the 'not interested' message from 1004.
2026-04-22 17:16:28,585 - Peer 1006 has downloaded the piece 423 from 1005. Now the number of pieces it has is 1060.
2026-04-22 17:16:28,585 - Peer 1006 received the 'not interested' message from 1003.
2026-04-22 17:16:28,586 - Peer 1006 received the 'not interested' message from 1004.
2026-04-22 17:16:28,586 - Peer 1006 received the 'not interested' message from 1004.
2026-04-22 17:16:28,587 - Peer 1006 has downloaded the piece 315 from 1001. Now the number of pieces it has is 1061.
2026-04-22 17:16:28,587 - Peer 1006 received the 'not interested' message from 1003.
2026-04-22 17:16:28,588 - Peer 1006 received the 'not interested' message from 1003.
2026-04-22 17:16:28,589 - Peer 1006 received the 'not interested' message from 1003.
2026-04-22 17:16:28,589 - Peer 1006 received the 'not interested' message from 1003.
2026-04-22 17:16:28,589 - Peer 1006 has downloaded the piece 1145 from 1004. Now the number of pieces it has is 1062.
2026-04-22 17:16:28,591 - Peer 1006 has downloaded the piece 671 from 1003. Now the number of pieces it has is 1063.
2026-04-22 17:16:28,594 - Peer 1006 received the 'not interested' message from 1005.
2026-04-22 17:16:28,595 - Peer 1006 received the 'not interested' message from 1005.
2026-04-22 17:16:28,595 - Peer 1006 received the 'not interested' message from 1001.
2026-04-22 17:16:28,597 - Peer 1006 received the 'not interested' message from 1002.
2026-04-22 17:16:28,597 - Peer 1006 received the 'not interested' message from 1005.
2026-04-22 17:16:28,597 - Peer 1006 received the 'not interested' message from 1001.
2026-04-22 17:16:28,599 - Peer 1006 received the 'not interested' message from 1004.
2026-04-22 17:16:28,599 - Peer 1006 received the 'not interested' message from 1002.
2026-04-22 17:16:28,599 - Peer 1006 received the 'not interested' message from 1003.
2026-04-22 17:16:28,600 - Peer 1006 received the 'not interested' message from 1001.
2026-04-22 17:16:28,600 - Peer 1006 received the 'not interested' message from 1004.
2026-04-22 17:16:28,600 - Peer 1006 received the 'not interested' message from 1002.
2026-04-22 17:16:28,601 - Peer 1006 received the 'not interested' message from 1001.
2026-04-22 17:16:28,601 - Peer 1006 received the 'not interested' message from 1004.
2026-04-22 17:16:28,602 - Peer 1006 has downloaded the piece 6 from 1005. Now the number of pieces it has is 1064.
2026-04-22 17:16:28,602 - Peer 1006 received the 'not interested' message from 1002.
2026-04-22 17:16:28,602 - Peer 1006 received the 'not interested' message from 1003.
2026-04-22 17:16:28,602 - Peer 1006 received the 'not interested' message from 1001.
2026-04-22 17:16:28,603 - Peer 1006 received the 'not interested' message from 1004.
2026-04-22 17:16:28,603 - Peer 1006 received the 'not interested' message from 1002.
2026-04-22 17:16:28,604 - Peer 1006 received the 'not interested' message from 1004.
2026-04-22 17:16:28,605 - Peer 1006 received the 'not interested' message from 1004.
2026-04-22 17:16:28,606 - Peer 1006 has downloaded the piece 257 from 1001. Now the number of pieces it has is 1065.
2026-04-22 17:16:28,607 - Peer 1006 has downloaded the piece 749 from 1002. Now the number of pieces it has is 1066.
2026-04-22 17:16:28,607 - Peer 1006 received the 'not interested' message from 1005.
2026-04-22 17:16:28,609 - Peer 1006 received the 'not interested' message from 1005.
2026-04-22 17:16:28,609 - Peer 1006 received the 'not interested' message from 1004.
2026-04-22 17:16:28,609 - Peer 1006 received the 'not interested' message from 1003.
2026-04-22 17:16:28,609 - Peer 1006 received the 'not interested' message from 1001.
2026-04-22 17:16:28,611 - Peer 1006 received the 'not interested' message from 1005.
2026-04-22 17:16:28,611 - Peer 1006 received the 'not interested' message from 1004.
2026-04-22 17:16:28,612 - Peer 1006 received the 'not interested' message from 1003.
2026-04-22 17:16:28,612 - Peer 1006 received the 'not interested' message from 1001.
2026-04-22 17:16:28,612 - Peer 1006 received the 'not interested' message from 1002.
2026-04-22 17:16:28,614 - Peer 1006 received the 'not interested' message from 1004.
2026-04-22 17:16:28,614 - Peer 1006 received the 'not interested' message from 1003.
2026-04-22 17:16:28,614 - Peer 1006 received the 'not interested' message from 1002.
2026-04-22 17:16:28,614 - Peer 1006 received the 'not interested' message from 1001.
2026-04-22 17:16:28,615 - Peer 1006 received the 'not interested' message from 1002.
2026-04-22 17:16:28,615 - Peer 1006 has downloaded the piece 1416 from 1005. Now the number of pieces it has is 1067.
2026-04-22 17:16:28,617 - Peer 1006 has downloaded the piece 214 from 1003. Now the number of pieces it has is 1068.
2026-04-22 17:16:28,617 - Peer 1006 has downloaded the piece 1544 from 1004. Now the number of pieces it has is 1069.
2026-04-22 17:16:28,617 - Peer 1006 has downloaded the piece 213 from 1002. Now the number of pieces it has is 1070.
2026-04-22 17:16:28,619 - Peer 1006 has downloaded the piece 537 from 1001. Now the number of pieces it has is 1071.
2026-04-22 17:16:28,623 - Peer 1006 received the 'not interested' message from 1004.
2026-04-22 17:16:28,623 - Peer 1006 received the 'not interested' message from 1003.
2026-04-22 17:16:28,625 - Peer 1006 received the 'not interested' message from 1004.
2026-04-22 17:16:28,626 - Peer 1006 received the 'not interested' message from 1003.
2026-04-22 17:16:28,626 - Peer 1006 received the 'not interested' message from 1005.
2026-04-22 17:16:28,626 - Peer 1006 received the 'not interested' message from 1002.
2026-04-22 17:16:28,626 - Peer 1006 received the 'not interested' message from 1001.
2026-04-22 17:16:28,626 - Peer 1006 received the 'not interested' message from 1005.
2026-04-22 17:16:28,628 - Peer 1006 received the 'not interested' message from 1002.
2026-04-22 17:16:28,628 - Peer 1006 received the 'not interested' message from 1001.
2026-04-22 17:16:28,628 - Peer 1006 received the 'not interested' message from 1005.
2026-04-22 17:16:28,628 - Peer 1006 received the 'not interested' message from 1002.
2026-04-22 17:16:28,629 - Peer 1006 received the 'not interested' message from 1001.
2026-04-22 17:16:28,629 - Peer 1006 received the 'not interested' message from 1005.
2026-04-22 17:16:28,629 - Peer 1006 received the 'not interested' message from 1001.
2026-04-22 17:16:28,629 - Peer 1006 received the 'not interested' message from 1002.
2026-04-22 17:16:28,629 - Peer 1006 received the 'not interested' message from 1004.
2026-04-22 17:16:28,629 - Peer 1006 received the 'not interested' message from 1003.
2026-04-22 17:16:28,629 - Peer 1006 received the 'not interested' message from 1005.
2026-04-22 17:16:28,629 - Peer 1006 received the 'not interested' message from 1001.
2026-04-22 17:16:28,631 - Peer 1006 received the 'not interested' message from 1002.
2026-04-22 17:16:28,631 - Peer 1006 received the 'not interested' message from 1005.
2026-04-22 17:16:28,632 - Peer 1006 received the 'not interested' message from 1005.
2026-04-22 17:16:28,633 - Peer 1006 received the 'not interested' message from 1004.
2026-04-22 17:16:28,634 - Peer 1006 has downloaded the piece 1370 from 1001. Now the number of pieces it has is 1072.
2026-04-22 17:16:28,634 - Peer 1006 received the 'not interested' message from 1003.
2026-04-22 17:16:28,635 - Peer 1006 received the 'not interested' message from 1004.
2026-04-22 17:16:28,635 - Peer 1006 received the 'not interested' message from 1003.
2026-04-22 17:16:28,635 - Peer 1006 received the 'not interested' message from 1003.
2026-04-22 17:16:28,636 - Peer 1006 received the 'not interested' message from 1003.
2026-04-22 17:16:28,636 - Peer 1006 has downloaded the piece 1276 from 1002. Now the number of pieces it has is 1073.
2026-04-22 17:16:28,637 - Peer 1006 has downloaded the piece 652 from 1005. Now the number of pieces it has is 1074.
2026-04-22 17:16:28,637 - Peer 1006 has downloaded the piece 184 from 1004. Now the number of pieces it has is 1075.
2026-04-22 17:16:28,637 - Peer 1006 has downloaded the piece 425 from 1003. Now the number of pieces it has is 1076.
2026-04-22 17:16:28,645 - Peer 1006 received the 'not interested' message from 1005.
2026-04-22 17:16:28,646 - Peer 1006 received the 'not interested' message from 1003.
2026-04-22 17:16:28,646 - Peer 1006 received the 'not interested' message from 1001.
2026-04-22 17:16:28,646 - Peer 1006 received the 'not interested' message from 1002.
2026-04-22 17:16:28,646 - Peer 1006 received the 'not interested' message from 1005.
2026-04-22 17:16:28,647 - Peer 1006 received the 'not interested' message from 1004.
2026-04-22 17:16:28,647 - Peer 1006 received the 'not interested' message from 1004.
2026-04-22 17:16:28,647 - Peer 1006 received the 'not interested' message from 1002.
2026-04-22 17:16:28,647 - Peer 1006 received the 'not interested' message from 1005.
2026-04-22 17:16:28,649 - Peer 1006 received the 'not interested' message from 1001.
2026-04-22 17:16:28,649 - Peer 1006 received the 'not interested' message from 1004.
2026-04-22 17:16:28,649 - Peer 1006 received the 'not interested' message from 1002.
2026-04-22 17:16:28,649 - Peer 1006 received the 'not interested' message from 1005.
2026-04-22 17:16:28,649 - Peer 1006 received the 'not interested' message from 1001.
2026-04-22 17:16:28,649 - Peer 1006 received the 'not interested' message from 1003.
2026-04-22 17:16:28,649 - Peer 1006 received the 'not interested' message from 1004.
2026-04-22 17:16:28,651 - Peer 1006 received the 'not interested' message from 1001.
2026-04-22 17:16:28,651 - Peer 1006 received the 'not interested' message from 1002.
2026-04-22 17:16:28,652 - Peer 1006 received the 'not interested' message from 1001.
2026-04-22 17:16:28,652 - Peer 1006 has downloaded the piece 670 from 1005. Now the number of pieces it has is 1077.
2026-04-22 17:16:28,652 - Peer 1006 received the 'not interested' message from 1002.
2026-04-22 17:16:28,652 - Peer 1006 has downloaded the piece 254 from 1001. Now the number of pieces it has is 1078.
2026-04-22 17:16:28,654 - Peer 1006 has downloaded the piece 1146 from 1002. Now the number of pieces it has is 1079.
2026-04-22 17:16:28,657 - Peer 1006 received the 'not interested' message from 1005.
2026-04-22 17:16:28,658 - Peer 1006 received the 'not interested' message from 1002.
2026-04-22 17:16:28,658 - Peer 1006 received the 'not interested' message from 1001.
2026-04-22 17:16:28,658 - Peer 1006 received the 'not interested' message from 1005.
2026-04-22 17:16:28,659 - Peer 1006 received the 'not interested' message from 1002.
2026-04-22 17:16:28,659 - Peer 1006 received the 'not interested' message from 1001.
2026-04-22 17:16:28,659 - Peer 1006 received the 'not interested' message from 1005.
2026-04-22 17:16:28,660 - Peer 1006 received the 'not interested' message from 1002.
2026-04-22 17:16:28,666 - Peer 1006 received the 'not interested' message from 1001.
2026-04-22 17:16:28,667 - Peer 1006 received the 'not interested' message from 1004.
2026-04-22 17:16:28,667 - Peer 1006 received the 'not interested' message from 1003.
2026-04-22 17:16:28,669 - Peer 1006 has downloaded the piece 1009 from 1001. Now the number of pieces it has is 1080.
2026-04-22 17:16:28,671 - Peer 1006 received the 'not interested' message from 1004.
2026-04-22 17:16:28,671 - Peer 1006 has downloaded the piece 960 from 1002. Now the number of pieces it has is 1081.
2026-04-22 17:16:28,671 - Peer 1006 received the 'not interested' message from 1003.
2026-04-22 17:16:28,673 - Peer 1006 received the 'not interested' message from 1004.
2026-04-22 17:16:28,674 - Peer 1006 has downloaded the piece 966 from 1005. Now the number of pieces it has is 1082.
2026-04-22 17:16:28,677 - Peer 1006 received the 'not interested' message from 1001.
2026-04-22 17:16:28,679 - Peer 1006 received the 'not interested' message from 1003.
2026-04-22 17:16:28,680 - Peer 1006 received the 'not interested' message from 1004.
2026-04-22 17:16:28,681 - Peer 1006 received the 'not interested' message from 1002.
2026-04-22 17:16:28,684 - Peer 1006 has downloaded the piece 1293 from 1004. Now the number of pieces it has is 1083.
2026-04-22 17:16:28,686 - Peer 1006 received the 'not interested' message from 1003.
2026-04-22 17:16:28,689 - Peer 1006 received the 'not interested' message from 1005.
2026-04-22 17:16:28,691 - Peer 1006 received the 'not interested' message from 1002.
2026-04-22 17:16:28,694 - Peer 1006 received the 'not interested' message from 1004.
2026-04-22 17:16:28,695 - Peer 1006 has downloaded the piece 1534 from 1003. Now the number of pieces it has is 1084.
2026-04-22 17:16:28,695 - Peer 1006 received the 'not interested' message from 1001.
2026-04-22 17:16:28,699 - Peer 1006 received the 'not interested' message from 1005.
2026-04-22 17:16:28,702 - Peer 1006 has downloaded the piece 1194 from 1002. Now the number of pieces it has is 1085.
2026-04-22 17:16:28,743 - Peer 1006 received the 'not interested' message from 1004.
2026-04-22 17:16:28,746 - Peer 1006 received the 'not interested' message from 1005.
2026-04-22 17:16:28,746 - Peer 1006 received the 'not interested' message from 1004.
2026-04-22 17:16:28,746 - Peer 1006 received the 'not interested' message from 1005.
2026-04-22 17:16:28,747 - Peer 1006 received the 'not interested' message from 1004.
2026-04-22 17:16:28,747 - Peer 1006 received the 'not interested' message from 1004.
2026-04-22 17:16:28,749 - Peer 1006 received the 'not interested' message from 1004.
2026-04-22 17:16:28,749 - Peer 1006 received the 'not interested' message from 1004.
2026-04-22 17:16:28,791 - Peer 1006 has downloaded the piece 1300 from 1001. Now the number of pieces it has is 1086.
2026-04-22 17:16:28,793 - Peer 1006 has downloaded the piece 343 from 1005. Now the number of pieces it has is 1087.
2026-04-22 17:16:28,794 - Peer 1006 has downloaded the piece 620 from 1004. Now the number of pieces it has is 1088.
2026-04-22 17:16:28,800 - Peer 1006 received the 'not interested' message from 1002.
2026-04-22 17:16:28,800 - Peer 1006 received the 'not interested' message from 1003.
2026-04-22 17:16:28,800 - Peer 1006 received the 'not interested' message from 1001.
2026-04-22 17:16:28,800 - Peer 1006 received the 'not interested' message from 1005.
2026-04-22 17:16:28,801 - Peer 1006 received the 'not interested' message from 1002.
2026-04-22 17:16:28,802 - Peer 1006 received the 'not interested' message from 1003.
2026-04-22 17:16:28,802 - Peer 1006 received the 'not interested' message from 1001.
2026-04-22 17:16:28,802 - Peer 1006 received the 'not interested' message from 1005.
2026-04-22 17:16:28,802 - Peer 1006 received the 'not interested' message from 1002.
2026-04-22 17:16:28,802 - Peer 1006 received the 'not interested' message from 1003.
2026-04-22 17:16:28,802 - Peer 1006 received the 'not interested' message from 1001.
2026-04-22 17:16:28,804 - Peer 1006 received the 'not interested' message from 1005.
2026-04-22 17:16:28,804 - Peer 1006 received the 'not interested' message from 1002.
2026-04-22 17:16:28,804 - Peer 1006 received the 'not interested' message from 1003.
2026-04-22 17:16:28,804 - Peer 1006 received the 'not interested' message from 1001.
2026-04-22 17:16:28,804 - Peer 1006 received the 'not interested' message from 1005.
2026-04-22 17:16:28,805 - Peer 1006 received the 'not interested' message from 1004.
2026-04-22 17:16:28,805 - Peer 1006 received the 'not interested' message from 1002.
2026-04-22 17:16:28,805 - Peer 1006 received the 'not interested' message from 1003.
2026-04-22 17:16:28,806 - Peer 1006 received the 'not interested' message from 1001.
2026-04-22 17:16:28,806 - Peer 1006 received the 'not interested' message from 1003.
2026-04-22 17:16:28,806 - Peer 1006 received the 'not interested' message from 1002.
2026-04-22 17:16:28,806 - Peer 1006 received the 'not interested' message from 1005.
2026-04-22 17:16:28,807 - Peer 1006 received the 'not interested' message from 1001.
2026-04-22 17:16:28,807 - Peer 1006 received the 'not interested' message from 1003.
2026-04-22 17:16:28,807 - Peer 1006 received the 'not interested' message from 1002.
2026-04-22 17:16:28,807 - Peer 1006 received the 'not interested' message from 1005.
2026-04-22 17:16:28,809 - Peer 1006 received the 'not interested' message from 1001.
2026-04-22 17:16:28,809 - Peer 1006 received the 'not interested' message from 1003.
2026-04-22 17:16:28,811 - Peer 1006 received the 'not interested' message from 1003.
2026-04-22 17:16:28,811 - Peer 1006 has downloaded the piece 450 from 1002. Now the number of pieces it has is 1089.
2026-04-22 17:16:28,812 - Peer 1006 has downloaded the piece 627 from 1005. Now the number of pieces it has is 1090.
2026-04-22 17:16:28,812 - Peer 1006 has downloaded the piece 1437 from 1001. Now the number of pieces it has is 1091.
2026-04-22 17:16:28,814 - Peer 1006 received the 'not interested' message from 1004.
2026-04-22 17:16:28,816 - Peer 1006 received the 'not interested' message from 1004.
2026-04-22 17:16:28,817 - Peer 1006 received the 'not interested' message from 1002.
2026-04-22 17:16:28,817 - Peer 1006 received the 'not interested' message from 1004.
2026-04-22 17:16:28,817 - Peer 1006 received the 'not interested' message from 1005.
2026-04-22 17:16:28,818 - Peer 1006 received the 'not interested' message from 1002.
2026-04-22 17:16:28,818 - Peer 1006 received the 'not interested' message from 1001.
2026-04-22 17:16:28,818 - Peer 1006 received the 'not interested' message from 1004.
2026-04-22 17:16:28,818 - Peer 1006 received the 'not interested' message from 1005.
2026-04-22 17:16:28,818 - Peer 1006 received the 'not interested' message from 1002.
2026-04-22 17:16:28,818 - Peer 1006 received the 'not interested' message from 1001.
2026-04-22 17:16:28,819 - Peer 1006 received the 'not interested' message from 1005.
2026-04-22 17:16:28,820 - Peer 1006 received the 'not interested' message from 1001.
2026-04-22 17:16:28,821 - Peer 1006 has downloaded the piece 750 from 1002. Now the number of pieces it has is 1092.
2026-04-22 17:16:28,821 - Peer 1006 received the 'not interested' message from 1003.
2026-04-22 17:16:28,821 - Peer 1006 received the 'not interested' message from 1003.
2026-04-22 17:16:28,822 - Peer 1006 has downloaded the piece 232 from 1005. Now the number of pieces it has is 1093.
2026-04-22 17:16:28,823 - Peer 1006 has downloaded the piece 750 from 1001. Now the number of pieces it has is 1093.
2026-04-22 17:16:28,824 - Peer 1006 has downloaded the piece 29 from 1003. Now the number of pieces it has is 1094.
2026-04-22 17:16:28,824 - Peer 1006 has downloaded the piece 132 from 1004. Now the number of pieces it has is 1095.
2026-04-22 17:16:28,829 - Peer 1006 received the 'not interested' message from 1002.
2026-04-22 17:16:28,831 - Peer 1006 received the 'not interested' message from 1005.
2026-04-22 17:16:28,831 - Peer 1006 received the 'not interested' message from 1002.
2026-04-22 17:16:28,832 - Peer 1006 received the 'not interested' message from 1001.
2026-04-22 17:16:28,832 - Peer 1006 received the 'not interested' message from 1005.
2026-04-22 17:16:28,833 - Peer 1006 received the 'not interested' message from 1002.
2026-04-22 17:16:28,833 - Peer 1006 received the 'not interested' message from 1001.
2026-04-22 17:16:28,833 - Peer 1006 received the 'not interested' message from 1005.
2026-04-22 17:16:28,834 - Peer 1006 received the 'not interested' message from 1002.
2026-04-22 17:16:28,834 - Peer 1006 received the 'not interested' message from 1001.
2026-04-22 17:16:28,834 - Peer 1006 received the 'not interested' message from 1005.
2026-04-22 17:16:28,834 - Peer 1006 received the 'not interested' message from 1002.
2026-04-22 17:16:28,835 - Peer 1006 received the 'not interested' message from 1001.
2026-04-22 17:16:28,835 - Peer 1006 received the 'not interested' message from 1005.
2026-04-22 17:16:28,835 - Peer 1006 received the 'not interested' message from 1001.
2026-04-22 17:16:28,837 - Peer 1006 has downloaded the piece 1361 from 1002. Now the number of pieces it has is 1096.
2026-04-22 17:16:28,837 - Peer 1006 received the 'not interested' message from 1003.
2026-04-22 17:16:28,837 - Peer 1006 has downloaded the piece 476 from 1005. Now the number of pieces it has is 1097.
2026-04-22 17:16:28,839 - Peer 1006 has downloaded the piece 1081 from 1001. Now the number of pieces it has is 1098.
2026-04-22 17:16:28,843 - Peer 1006 received the 'not interested' message from 1002.
2026-04-22 17:16:28,843 - Peer 1006 received the 'not interested' message from 1002.
2026-04-22 17:16:28,844 - Peer 1006 received the 'not interested' message from 1005.
2026-04-22 17:16:28,844 - Peer 1006 received the 'not interested' message from 1002.
2026-04-22 17:16:28,844 - Peer 1006 received the 'not interested' message from 1005.
2026-04-22 17:16:28,845 - Peer 1006 received the 'not interested' message from 1001.
2026-04-22 17:16:28,845 - Peer 1006 received the 'not interested' message from 1001.
2026-04-22 17:16:28,845 - Peer 1006 has downloaded the piece 126 from 1002. Now the number of pieces it has is 1099.
2026-04-22 17:16:28,847 - Peer 1006 received the 'not interested' message from 1001.
2026-04-22 17:16:28,847 - Peer 1006 has downloaded the piece 958 from 1005. Now the number of pieces it has is 1100.
2026-04-22 17:16:28,848 - Peer 1006 has downloaded the piece 685 from 1001. Now the number of pieces it has is 1101.
2026-04-22 17:16:28,851 - Peer 1006 received the 'not interested' message from 1002.
2026-04-22 17:16:28,852 - Peer 1006 received the 'not interested' message from 1001.
2026-04-22 17:16:28,852 - Peer 1006 received the 'not interested' message from 1002.
2026-04-22 17:16:28,853 - Peer 1006 received the 'not interested' message from 1001.
2026-04-22 17:16:28,853 - Peer 1006 received the 'not interested' message from 1005.
2026-04-22 17:16:28,853 - Peer 1006 received the 'not interested' message from 1002.
2026-04-22 17:16:28,853 - Peer 1006 received the 'not interested' message from 1001.
2026-04-22 17:16:28,854 - Peer 1006 received the 'not interested' message from 1005.
2026-04-22 17:16:28,854 - Peer 1006 received the 'not interested' message from 1005.
2026-04-22 17:16:28,855 - Peer 1006 received the 'not interested' message from 1005.
2026-04-22 17:16:28,855 - Peer 1006 has downloaded the piece 226 from 1001. Now the number of pieces it has is 1102.
2026-04-22 17:16:28,856 - Peer 1006 has downloaded the piece 1195 from 1002. Now the number of pieces it has is 1103.
2026-04-22 17:16:28,857 - Peer 1006 has downloaded the piece 949 from 1005. Now the number of pieces it has is 1104.
2026-04-22 17:16:28,861 - Peer 1006 received the 'not interested' message from 1002.
2026-04-22 17:16:28,861 - Peer 1006 received the 'not interested' message from 1001.
2026-04-22 17:16:28,862 - Peer 1006 received the 'not interested' message from 1002.
2026-04-22 17:16:28,862 - Peer 1006 received the 'not interested' message from 1005.
2026-04-22 17:16:28,863 - Peer 1006 received the 'not interested' message from 1001.
2026-04-22 17:16:28,863 - Peer 1006 received the 'not interested' message from 1002.
2026-04-22 17:16:28,863 - Peer 1006 received the 'not interested' message from 1005.
2026-04-22 17:16:28,863 - Peer 1006 received the 'not interested' message from 1001.
2026-04-22 17:16:28,865 - Peer 1006 received the 'not interested' message from 1005.
2026-04-22 17:16:28,866 - Peer 1006 has downloaded the piece 236 from 1002. Now the number of pieces it has is 1105.
2026-04-22 17:16:28,866 - Peer 1006 has downloaded the piece 1051 from 1001. Now the number of pieces it has is 1106.
2026-04-22 17:16:28,867 - Peer 1006 has downloaded the piece 493 from 1005. Now the number of pieces it has is 1107.
2026-04-22 17:16:28,871 - Peer 1006 received the 'not interested' message from 1001.
2026-04-22 17:16:28,871 - Peer 1006 received the 'not interested' message from 1001.
2026-04-22 17:16:28,871 - Peer 1006 received the 'not interested' message from 1002.
2026-04-22 17:16:28,872 - Peer 1006 received the 'not interested' message from 1001.
2026-04-22 17:16:28,873 - Peer 1006 received the 'not interested' message from 1002.
2026-04-22 17:16:28,873 - Peer 1006 received the 'not interested' message from 1002.
2026-04-22 17:16:28,874 - Peer 1006 has downloaded the piece 905 from 1001. Now the number of pieces it has is 1108.
2026-04-22 17:16:28,875 - Peer 1006 has downloaded the piece 746 from 1002. Now the number of pieces it has is 1109.
2026-04-22 17:16:28,876 - Peer 1006 received the 'not interested' message from 1005.
2026-04-22 17:16:28,877 - Peer 1006 received the 'not interested' message from 1005.
2026-04-22 17:16:28,879 - Peer 1006 received the 'not interested' message from 1005.
2026-04-22 17:16:28,879 - Peer 1006 received the 'not interested' message from 1002.
2026-04-22 17:16:28,880 - Peer 1006 received the 'not interested' message from 1001.
2026-04-22 17:16:28,880 - Peer 1006 received the 'not interested' message from 1002.
2026-04-22 17:16:28,880 - Peer 1006 received the 'not interested' message from 1001.
2026-04-22 17:16:28,880 - Peer 1006 has downloaded the piece 350 from 1005. Now the number of pieces it has is 1110.
2026-04-22 17:16:28,882 - Peer 1006 has downloaded the piece 1031 from 1002. Now the number of pieces it has is 1111.
2026-04-22 17:16:28,882 - Peer 1006 has downloaded the piece 713 from 1001. Now the number of pieces it has is 1112.
2026-04-22 17:16:28,885 - Peer 1006 received the 'not interested' message from 1004.
2026-04-22 17:16:28,886 - Peer 1006 received the 'not interested' message from 1005.
2026-04-22 17:16:28,886 - Peer 1006 received the 'not interested' message from 1003.
2026-04-22 17:16:28,889 - Peer 1006 received the 'not interested' message from 1001.
2026-04-22 17:16:28,889 - Peer 1006 received the 'not interested' message from 1005.
2026-04-22 17:16:28,889 - Peer 1006 received the 'not interested' message from 1002.
2026-04-22 17:16:28,889 - Peer 1006 received the 'not interested' message from 1001.
2026-04-22 17:16:28,889 - Peer 1006 received the 'not interested' message from 1005.
2026-04-22 17:16:28,889 - Peer 1006 received the 'not interested' message from 1002.
2026-04-22 17:16:28,891 - Peer 1006 received the 'not interested' message from 1001.
2026-04-22 17:16:28,891 - Peer 1006 received the 'not interested' message from 1002.
2026-04-22 17:16:28,892 - Peer 1006 has downloaded the piece 192 from 1001. Now the number of pieces it has is 1113.
2026-04-22 17:16:28,892 - Peer 1006 has downloaded the piece 690 from 1002. Now the number of pieces it has is 1114.
2026-04-22 17:16:28,895 - Peer 1006 received the 'not interested' message from 1001.
2026-04-22 17:16:28,896 - Peer 1006 received the 'not interested' message from 1001.
2026-04-22 17:16:28,896 - Peer 1006 received the 'not interested' message from 1002.
2026-04-22 17:16:28,896 - Peer 1006 received the 'not interested' message from 1002.
2026-04-22 17:16:28,897 - Peer 1006 received the 'not interested' message from 1005.
2026-04-22 17:16:28,897 - Peer 1006 has downloaded the piece 1167 from 1001. Now the number of pieces it has is 1115.
2026-04-22 17:16:28,898 - Peer 1006 has downloaded the piece 1200 from 1002. Now the number of pieces it has is 1116.
2026-04-22 17:16:28,900 - Peer 1006 has downloaded the piece 1532 from 1005. Now the number of pieces it has is 1117.
2026-04-22 17:16:28,902 - Peer 1006 received the 'not interested' message from 1001.
2026-04-22 17:16:28,903 - Peer 1006 received the 'not interested' message from 1001.
2026-04-22 17:16:28,904 - Peer 1006 received the 'not interested' message from 1001.
2026-04-22 17:16:28,905 - Peer 1006 received the 'not interested' message from 1002.
2026-04-22 17:16:28,905 - Peer 1006 received the 'not interested' message from 1005.
2026-04-22 17:16:28,905 - Peer 1006 received the 'not interested' message from 1002.
2026-04-22 17:16:28,906 - Peer 1006 received the 'not interested' message from 1005.
2026-04-22 17:16:28,906 - Peer 1006 has downloaded the piece 1557 from 1001. Now the number of pieces it has is 1118.
2026-04-22 17:16:28,906 - Peer 1006 received the 'not interested' message from 1002.
2026-04-22 17:16:28,906 - Peer 1006 received the 'not interested' message from 1005.
2026-04-22 17:16:28,907 - Peer 1006 received the 'not interested' message from 1005.
2026-04-22 17:16:28,907 - Peer 1006 received the 'not interested' message from 1005.
2026-04-22 17:16:28,907 - Peer 1006 received the 'not interested' message from 1005.
2026-04-22 17:16:28,907 - Peer 1006 has downloaded the piece 955 from 1002. Now the number of pieces it has is 1119.
2026-04-22 17:16:28,910 - Peer 1006 has downloaded the piece 1304 from 1005. Now the number of pieces it has is 1120.
2026-04-22 17:16:28,912 - Peer 1006 received the 'not interested' message from 1001.
2026-04-22 17:16:28,914 - Peer 1006 received the 'not interested' message from 1001.
2026-04-22 17:16:28,915 - Peer 1006 received the 'not interested' message from 1003.
2026-04-22 17:16:28,915 - Peer 1006 received the 'not interested' message from 1001.
2026-04-22 17:16:28,916 - Peer 1006 received the 'not interested' message from 1005.
2026-04-22 17:16:28,916 - Peer 1006 received the 'not interested' message from 1004.
2026-04-22 17:16:28,916 - Peer 1006 received the 'not interested' message from 1002.
2026-04-22 17:16:28,917 - Peer 1006 received the 'not interested' message from 1005.
2026-04-22 17:16:28,917 - Peer 1006 received the 'not interested' message from 1002.
2026-04-22 17:16:28,917 - Peer 1006 received the 'not interested' message from 1005.
2026-04-22 17:16:28,917 - Peer 1006 has downloaded the piece 479 from 1001. Now the number of pieces it has is 1121.
2026-04-22 17:16:28,919 - Peer 1006 received the 'not interested' message from 1002.
2026-04-22 17:16:28,920 - Peer 1006 received the 'not interested' message from 1004.
2026-04-22 17:16:28,920 - Peer 1006 received the 'not interested' message from 1003.
2026-04-22 17:16:28,921 - Peer 1006 has downloaded the piece 1478 from 1005. Now the number of pieces it has is 1122.
2026-04-22 17:16:28,921 - Peer 1006 received the 'not interested' message from 1004.
2026-04-22 17:16:28,921 - Peer 1006 received the 'not interested' message from 1003.
2026-04-22 17:16:28,922 - Peer 1006 received the 'not interested' message from 1004.
2026-04-22 17:16:28,922 - Peer 1006 received the 'not interested' message from 1003.
2026-04-22 17:16:28,922 - Peer 1006 received the 'not interested' message from 1004.
2026-04-22 17:16:28,922 - Peer 1006 has downloaded the piece 397 from 1002. Now the number of pieces it has is 1123.
2026-04-22 17:16:28,924 - Peer 1006 received the 'not interested' message from 1003.
2026-04-22 17:16:28,925 - Peer 1006 received the 'not interested' message from 1003.
2026-04-22 17:16:28,925 - Peer 1006 received the 'not interested' message from 1003.
2026-04-22 17:16:28,926 - Peer 1006 has downloaded the piece 101 from 1004. Now the number of pieces it has is 1124.
2026-04-22 17:16:28,928 - Peer 1006 has downloaded the piece 1305 from 1003. Now the number of pieces it has is 1125.
2026-04-22 17:16:28,932 - Peer 1006 received the 'not interested' message from 1005.
2026-04-22 17:16:28,932 - Peer 1006 received the 'not interested' message from 1001.
2026-04-22 17:16:28,934 - Peer 1006 received the 'not interested' message from 1005.
2026-04-22 17:16:28,935 - Peer 1006 received the 'not interested' message from 1002.
2026-04-22 17:16:28,935 - Peer 1006 received the 'not interested' message from 1003.
2026-04-22 17:16:28,935 - Peer 1006 received the 'not interested' message from 1004.
2026-04-22 17:16:28,935 - Peer 1006 received the 'not interested' message from 1001.
2026-04-22 17:16:28,936 - Peer 1006 received the 'not interested' message from 1002.
2026-04-22 17:16:28,936 - Peer 1006 received the 'not interested' message from 1004.
2026-04-22 17:16:28,936 - Peer 1006 received the 'not interested' message from 1003.
2026-04-22 17:16:28,936 - Peer 1006 received the 'not interested' message from 1001.
2026-04-22 17:16:28,936 - Peer 1006 received the 'not interested' message from 1002.
2026-04-22 17:16:28,936 - Peer 1006 has downloaded the piece 1089 from 1005. Now the number of pieces it has is 1126.
2026-04-22 17:16:28,936 - Peer 1006 received the 'not interested' message from 1004.
2026-04-22 17:16:28,937 - Peer 1006 received the 'not interested' message from 1003.
2026-04-22 17:16:28,937 - Peer 1006 received the 'not interested' message from 1001.
2026-04-22 17:16:28,937 - Peer 1006 received the 'not interested' message from 1002.
2026-04-22 17:16:28,938 - Peer 1006 received the 'not interested' message from 1004.
2026-04-22 17:16:28,939 - Peer 1006 received the 'not interested' message from 1003.
2026-04-22 17:16:28,939 - Peer 1006 received the 'not interested' message from 1001.
2026-04-22 17:16:28,939 - Peer 1006 received the 'not interested' message from 1002.
2026-04-22 17:16:28,940 - Peer 1006 received the 'not interested' message from 1004.
2026-04-22 17:16:28,941 - Peer 1006 received the 'not interested' message from 1005.
2026-04-22 17:16:28,941 - Peer 1006 received the 'not interested' message from 1003.
2026-04-22 17:16:28,942 - Peer 1006 received the 'not interested' message from 1004.
2026-04-22 17:16:28,942 - Peer 1006 received the 'not interested' message from 1005.
2026-04-22 17:16:28,942 - Peer 1006 has downloaded the piece 276 from 1001. Now the number of pieces it has is 1127.
2026-04-22 17:16:28,943 - Peer 1006 received the 'not interested' message from 1003.
2026-04-22 17:16:28,943 - Peer 1006 received the 'not interested' message from 1004.
2026-04-22 17:16:28,943 - Peer 1006 received the 'not interested' message from 1003.
2026-04-22 17:16:28,944 - Peer 1006 has downloaded the piece 16 from 1002. Now the number of pieces it has is 1128.
2026-04-22 17:16:28,944 - Peer 1006 received the 'not interested' message from 1005.
2026-04-22 17:16:28,944 - Peer 1006 received the 'not interested' message from 1004.
2026-04-22 17:16:28,945 - Peer 1006 received the 'not interested' message from 1003.
2026-04-22 17:16:28,946 - Peer 1006 received the 'not interested' message from 1005.
2026-04-22 17:16:28,946 - Peer 1006 received the 'not interested' message from 1003.
2026-04-22 17:16:28,947 - Peer 1006 received the 'not interested' message from 1004.
2026-04-22 17:16:28,947 - Peer 1006 received the 'not interested' message from 1001.
2026-04-22 17:16:28,947 - Peer 1006 received the 'not interested' message from 1003.
2026-04-22 17:16:28,949 - Peer 1006 received the 'not interested' message from 1004.
2026-04-22 17:16:28,949 - Peer 1006 received the 'not interested' message from 1001.
2026-04-22 17:16:28,949 - Peer 1006 received the 'not interested' message from 1004.
2026-04-22 17:16:28,949 - Peer 1006 has downloaded the piece 1318 from 1005. Now the number of pieces it has is 1129.
2026-04-22 17:16:28,949 - Peer 1006 received the 'not interested' message from 1001.
2026-04-22 17:16:28,951 - Peer 1006 received the 'not interested' message from 1002.
2026-04-22 17:16:28,951 - Peer 1006 received the 'not interested' message from 1004.
2026-04-22 17:16:28,952 - Peer 1006 received the 'not interested' message from 1002.
2026-04-22 17:16:28,952 - Peer 1006 received the 'not interested' message from 1002.
2026-04-22 17:16:28,952 - Peer 1006 has downloaded the piece 1255 from 1001. Now the number of pieces it has is 1130.
2026-04-22 17:16:28,953 - Peer 1006 received the 'not interested' message from 1004.
2026-04-22 17:16:28,953 - Peer 1006 received the 'not interested' message from 1003.
2026-04-22 17:16:28,954 - Peer 1006 has downloaded the piece 392 from 1002. Now the number of pieces it has is 1131.
2026-04-22 17:16:28,954 - Peer 1006 received the 'not interested' message from 1004.
2026-04-22 17:16:28,955 - Peer 1006 received the 'not interested' message from 1003.
2026-04-22 17:16:28,957 - Peer 1006 received the 'not interested' message from 1004.
2026-04-22 17:16:28,957 - Peer 1006 received the 'not interested' message from 1003.
2026-04-22 17:16:28,959 - Peer 1006 received the 'not interested' message from 1005.
2026-04-22 17:16:28,959 - Peer 1006 received the 'not interested' message from 1004.
2026-04-22 17:16:28,961 - Peer 1006 received the 'not interested' message from 1001.
2026-04-22 17:16:28,962 - Peer 1006 received the 'not interested' message from 1002.
2026-04-22 17:16:28,962 - Peer 1006 received the 'not interested' message from 1003.
2026-04-22 17:16:28,962 - Peer 1006 received the 'not interested' message from 1005.
2026-04-22 17:16:28,962 - Peer 1006 received the 'not interested' message from 1004.
2026-04-22 17:16:28,963 - Peer 1006 received the 'not interested' message from 1001.
2026-04-22 17:16:28,963 - Peer 1006 received the 'not interested' message from 1002.
2026-04-22 17:16:28,963 - Peer 1006 received the 'not interested' message from 1003.
2026-04-22 17:16:28,964 - Peer 1006 received the 'not interested' message from 1005.
2026-04-22 17:16:28,964 - Peer 1006 received the 'not interested' message from 1002.
2026-04-22 17:16:28,964 - Peer 1006 received the 'not interested' message from 1001.
2026-04-22 17:16:28,964 - Peer 1006 received the 'not interested' message from 1004.
2026-04-22 17:16:28,965 - Peer 1006 received the 'not interested' message from 1005.
2026-04-22 17:16:28,965 - Peer 1006 received the 'not interested' message from 1003.
2026-04-22 17:16:28,966 - Peer 1006 received the 'not interested' message from 1004.
2026-04-22 17:16:28,966 - Peer 1006 received the 'not interested' message from 1003.
2026-04-22 17:16:28,966 - Peer 1006 received the 'not interested' message from 1004.
2026-04-22 17:16:28,966 - Peer 1006 received the 'not interested' message from 1003.
2026-04-22 17:16:28,966 - Peer 1006 has downloaded the piece 1179 from 1002. Now the number of pieces it has is 1132.
2026-04-22 17:16:28,968 - Peer 1006 received the 'not interested' message from 1004.
2026-04-22 17:16:28,968 - Peer 1006 received the 'not interested' message from 1003.
2026-04-22 17:16:28,968 - Peer 1006 has downloaded the piece 545 from 1001. Now the number of pieces it has is 1133.
2026-04-22 17:16:28,968 - Peer 1006 received the 'not interested' message from 1004.
2026-04-22 17:16:28,969 - Peer 1006 received the 'not interested' message from 1003.
2026-04-22 17:16:28,969 - Peer 1006 has downloaded the piece 757 from 1005. Now the number of pieces it has is 1134.
2026-04-22 17:16:28,969 - Peer 1006 received the 'not interested' message from 1004.
2026-04-22 17:16:28,971 - Peer 1006 received the 'not interested' message from 1003.
2026-04-22 17:16:28,972 - Peer 1006 received the 'not interested' message from 1004.
2026-04-22 17:16:28,973 - Peer 1006 received the 'not interested' message from 1003.
2026-04-22 17:16:28,973 - Peer 1006 received the 'not interested' message from 1004.
2026-04-22 17:16:28,976 - Peer 1006 received the 'not interested' message from 1003.
2026-04-22 17:16:28,976 - Peer 1006 received the 'not interested' message from 1004.
2026-04-22 17:16:28,976 - Peer 1006 received the 'not interested' message from 1001.
2026-04-22 17:16:28,976 - Peer 1006 received the 'not interested' message from 1002.
2026-04-22 17:16:28,977 - Peer 1006 received the 'not interested' message from 1005.
2026-04-22 17:16:28,977 - Peer 1006 received the 'not interested' message from 1003.
2026-04-22 17:16:28,977 - Peer 1006 received the 'not interested' message from 1004.
2026-04-22 17:16:28,977 - Peer 1006 received the 'not interested' message from 1001.
2026-04-22 17:16:28,977 - Peer 1006 received the 'not interested' message from 1002.
2026-04-22 17:16:28,977 - Peer 1006 received the 'not interested' message from 1005.
2026-04-22 17:16:28,977 - Peer 1006 received the 'not interested' message from 1003.
2026-04-22 17:16:28,979 - Peer 1006 received the 'not interested' message from 1004.
2026-04-22 17:16:28,979 - Peer 1006 received the 'not interested' message from 1001.
2026-04-22 17:16:28,979 - Peer 1006 received the 'not interested' message from 1002.
2026-04-22 17:16:28,979 - Peer 1006 received the 'not interested' message from 1005.
2026-04-22 17:16:28,979 - Peer 1006 received the 'not interested' message from 1003.
2026-04-22 17:16:28,979 - Peer 1006 received the 'not interested' message from 1004.
2026-04-22 17:16:28,980 - Peer 1006 received the 'not interested' message from 1005.
2026-04-22 17:16:28,980 - Peer 1006 received the 'not interested' message from 1003.
2026-04-22 17:16:28,981 - Peer 1006 received the 'not interested' message from 1004.
2026-04-22 17:16:28,981 - Peer 1006 has downloaded the piece 1339 from 1001. Now the number of pieces it has is 1135.
2026-04-22 17:16:28,981 - Peer 1006 received the 'not interested' message from 1003.
2026-04-22 17:16:28,982 - Peer 1006 received the 'not interested' message from 1004.
2026-04-22 17:16:28,982 - Peer 1006 has downloaded the piece 1013 from 1002. Now the number of pieces it has is 1136.
2026-04-22 17:16:28,983 - Peer 1006 received the 'not interested' message from 1003.
2026-04-22 17:16:28,983 - Peer 1006 received the 'not interested' message from 1003.
2026-04-22 17:16:28,984 - Peer 1006 has downloaded the piece 895 from 1005. Now the number of pieces it has is 1137.
2026-04-22 17:16:28,985 - Peer 1006 has downloaded the piece 718 from 1004. Now the number of pieces it has is 1138.
2026-04-22 17:16:28,985 - Peer 1006 has downloaded the piece 47 from 1003. Now the number of pieces it has is 1139.
2026-04-22 17:16:28,991 - Peer 1006 received the 'not interested' message from 1005.
2026-04-22 17:16:28,992 - Peer 1006 received the 'not interested' message from 1002.
2026-04-22 17:16:28,994 - Peer 1006 received the 'not interested' message from 1005.
2026-04-22 17:16:28,994 - Peer 1006 received the 'not interested' message from 1001.
2026-04-22 17:16:28,994 - Peer 1006 received the 'not interested' message from 1004.
2026-04-22 17:16:28,994 - Peer 1006 received the 'not interested' message from 1003.
2026-04-22 17:16:28,995 - Peer 1006 received the 'not interested' message from 1002.
2026-04-22 17:16:28,995 - Peer 1006 received the 'not interested' message from 1005.
2026-04-22 17:16:28,995 - Peer 1006 received the 'not interested' message from 1004.
2026-04-22 17:16:28,996 - Peer 1006 received the 'not interested' message from 1001.
2026-04-22 17:16:28,996 - Peer 1006 received the 'not interested' message from 1003.
2026-04-22 17:16:28,996 - Peer 1006 received the 'not interested' message from 1001.
2026-04-22 17:16:28,996 - Peer 1006 received the 'not interested' message from 1004.
2026-04-22 17:16:28,996 - Peer 1006 received the 'not interested' message from 1002.
2026-04-22 17:16:28,998 - Peer 1006 received the 'not interested' message from 1003.
2026-04-22 17:16:28,998 - Peer 1006 received the 'not interested' message from 1001.
2026-04-22 17:16:28,998 - Peer 1006 has downloaded the piece 1116 from 1005. Now the number of pieces it has is 1140.
2026-04-22 17:16:28,998 - Peer 1006 received the 'not interested' message from 1004.
2026-04-22 17:16:28,998 - Peer 1006 received the 'not interested' message from 1002.
2026-04-22 17:16:28,998 - Peer 1006 received the 'not interested' message from 1003.
2026-04-22 17:16:28,999 - Peer 1006 received the 'not interested' message from 1001.
2026-04-22 17:16:28,999 - Peer 1006 received the 'not interested' message from 1004.
2026-04-22 17:16:29,001 - Peer 1006 received the 'not interested' message from 1002.
2026-04-22 17:16:29,001 - Peer 1006 received the 'not interested' message from 1004.
2026-04-22 17:16:29,002 - Peer 1006 received the 'not interested' message from 1004.
2026-04-22 17:16:29,003 - Peer 1006 has downloaded the piece 380 from 1001. Now the number of pieces it has is 1141.
2026-04-22 17:16:29,003 - Peer 1006 received the 'not interested' message from 1004.
2026-04-22 17:16:29,005 - Peer 1006 has downloaded the piece 1239 from 1002. Now the number of pieces it has is 1142.
2026-04-22 17:16:29,005 - Peer 1006 received the 'not interested' message from 1004.
2026-04-22 17:16:29,006 - Peer 1006 received the 'not interested' message from 1005.
2026-04-22 17:16:29,007 - Peer 1006 received the 'not interested' message from 1004.
2026-04-22 17:16:29,009 - Peer 1006 received the 'not interested' message from 1004.
2026-04-22 17:16:29,009 - Peer 1006 received the 'not interested' message from 1005.
2026-04-22 17:16:29,010 - Peer 1006 received the 'not interested' message from 1001.
2026-04-22 17:16:29,010 - Peer 1006 received the 'not interested' message from 1004.
2026-04-22 17:16:29,010 - Peer 1006 received the 'not interested' message from 1005.
2026-04-22 17:16:29,012 - Peer 1006 received the 'not interested' message from 1001.
2026-04-22 17:16:29,012 - Peer 1006 received the 'not interested' message from 1004.
2026-04-22 17:16:29,012 - Peer 1006 received the 'not interested' message from 1002.
2026-04-22 17:16:29,013 - Peer 1006 received the 'not interested' message from 1001.
2026-04-22 17:16:29,013 - Peer 1006 received the 'not interested' message from 1004.
2026-04-22 17:16:29,013 - Peer 1006 received the 'not interested' message from 1002.
2026-04-22 17:16:29,014 - Peer 1006 received the 'not interested' message from 1004.
2026-04-22 17:16:29,014 - Peer 1006 received the 'not interested' message from 1002.
2026-04-22 17:16:29,014 - Peer 1006 has downloaded the piece 151 from 1005. Now the number of pieces it has is 1143.
2026-04-22 17:16:29,015 - Peer 1006 has downloaded the piece 1457 from 1001. Now the number of pieces it has is 1144.
2026-04-22 17:16:29,016 - Peer 1006 has downloaded the piece 420 from 1002. Now the number of pieces it has is 1145.
2026-04-22 17:16:29,016 - Peer 1006 received the 'not interested' message from 1003.
2026-04-22 17:16:29,017 - Peer 1006 received the 'not interested' message from 1003.
2026-04-22 17:16:29,017 - Peer 1006 has downloaded the piece 765 from 1004. Now the number of pieces it has is 1146.
2026-04-22 17:16:29,021 - Peer 1006 received the 'not interested' message from 1002.
2026-04-22 17:16:29,022 - Peer 1006 received the 'not interested' message from 1001.
2026-04-22 17:16:29,022 - Peer 1006 received the 'not interested' message from 1003.
2026-04-22 17:16:29,023 - Peer 1006 received the 'not interested' message from 1002.
2026-04-22 17:16:29,024 - Peer 1006 received the 'not interested' message from 1001.
2026-04-22 17:16:29,025 - Peer 1006 received the 'not interested' message from 1004.
2026-04-22 17:16:29,025 - Peer 1006 received the 'not interested' message from 1005.
2026-04-22 17:16:29,026 - Peer 1006 received the 'not interested' message from 1003.
2026-04-22 17:16:29,026 - Peer 1006 received the 'not interested' message from 1002.
2026-04-22 17:16:29,027 - Peer 1006 received the 'not interested' message from 1001.
2026-04-22 17:16:29,027 - Peer 1006 received the 'not interested' message from 1004.
2026-04-22 17:16:29,027 - Peer 1006 received the 'not interested' message from 1005.
2026-04-22 17:16:29,027 - Peer 1006 received the 'not interested' message from 1003.
2026-04-22 17:16:29,027 - Peer 1006 received the 'not interested' message from 1002.
2026-04-22 17:16:29,029 - Peer 1006 received the 'not interested' message from 1001.
2026-04-22 17:16:29,029 - Peer 1006 received the 'not interested' message from 1004.
2026-04-22 17:16:29,029 - Peer 1006 received the 'not interested' message from 1005.
2026-04-22 17:16:29,029 - Peer 1006 received the 'not interested' message from 1003.
2026-04-22 17:16:29,030 - Peer 1006 received the 'not interested' message from 1005.
2026-04-22 17:16:29,031 - Peer 1006 received the 'not interested' message from 1003.
2026-04-22 17:16:29,031 - Peer 1006 has downloaded the piece 727 from 1002. Now the number of pieces it has is 1147.
2026-04-22 17:16:29,032 - Peer 1006 received the 'not interested' message from 1005.
2026-04-22 17:16:29,033 - Peer 1006 received the 'not interested' message from 1003.
2026-04-22 17:16:29,034 - Peer 1006 received the 'not interested' message from 1005.
2026-04-22 17:16:29,034 - Peer 1006 has downloaded the piece 980 from 1001. Now the number of pieces it has is 1148.
2026-04-22 17:16:29,034 - Peer 1006 received the 'not interested' message from 1003.
2026-04-22 17:16:29,035 - Peer 1006 received the 'not interested' message from 1003.
2026-04-22 17:16:29,036 - Peer 1006 has downloaded the piece 1114 from 1005. Now the number of pieces it has is 1149.
2026-04-22 17:16:29,036 - Peer 1006 received the 'not interested' message from 1004.
2026-04-22 17:16:29,036 - Peer 1006 has downloaded the piece 158 from 1003. Now the number of pieces it has is 1150.
2026-04-22 17:16:29,042 - Peer 1006 received the 'not interested' message from 1003.
2026-04-22 17:16:29,042 - Peer 1006 received the 'not interested' message from 1002.
2026-04-22 17:16:29,043 - Peer 1006 received the 'not interested' message from 1003.
2026-04-22 17:16:29,043 - Peer 1006 received the 'not interested' message from 1001.
2026-04-22 17:16:29,043 - Peer 1006 received the 'not interested' message from 1003.
2026-04-22 17:16:29,044 - Peer 1006 received the 'not interested' message from 1004.
2026-04-22 17:16:29,044 - Peer 1006 received the 'not interested' message from 1002.
2026-04-22 17:16:29,045 - Peer 1006 received the 'not interested' message from 1001.
2026-04-22 17:16:29,045 - Peer 1006 received the 'not interested' message from 1003.
2026-04-22 17:16:29,046 - Peer 1006 received the 'not interested' message from 1005.
2026-04-22 17:16:29,046 - Peer 1006 received the 'not interested' message from 1004.
2026-04-22 17:16:29,046 - Peer 1006 received the 'not interested' message from 1002.
2026-04-22 17:16:29,046 - Peer 1006 received the 'not interested' message from 1001.
2026-04-22 17:16:29,046 - Peer 1006 received the 'not interested' message from 1003.
2026-04-22 17:16:29,048 - Peer 1006 received the 'not interested' message from 1005.
2026-04-22 17:16:29,048 - Peer 1006 received the 'not interested' message from 1004.
2026-04-22 17:16:29,048 - Peer 1006 received the 'not interested' message from 1002.
2026-04-22 17:16:29,048 - Peer 1006 received the 'not interested' message from 1001.
2026-04-22 17:16:29,048 - Peer 1006 received the 'not interested' message from 1003.
2026-04-22 17:16:29,048 - Peer 1006 received the 'not interested' message from 1005.
2026-04-22 17:16:29,049 - Peer 1006 received the 'not interested' message from 1003.
2026-04-22 17:16:29,049 - Peer 1006 has downloaded the piece 957 from 1004. Now the number of pieces it has is 1151.
2026-04-22 17:16:29,049 - Peer 1006 received the 'not interested' message from 1005.
2026-04-22 17:16:29,049 - Peer 1006 received the 'not interested' message from 1003.
2026-04-22 17:16:29,051 - Peer 1006 has downloaded the piece 367 from 1002. Now the number of pieces it has is 1152.
2026-04-22 17:16:29,052 - Peer 1006 has downloaded the piece 778 from 1001. Now the number of pieces it has is 1153.
2026-04-22 17:16:29,053 - Peer 1006 has downloaded the piece 508 from 1005. Now the number of pieces it has is 1154.
2026-04-22 17:16:29,055 - Peer 1006 received the 'not interested' message from 1003.
2026-04-22 17:16:29,057 - Peer 1006 received the 'not interested' message from 1003.
2026-04-22 17:16:29,058 - Peer 1006 received the 'not interested' message from 1003.
2026-04-22 17:16:29,059 - Peer 1006 received the 'not interested' message from 1004.
2026-04-22 17:16:29,059 - Peer 1006 received the 'not interested' message from 1001.
2026-04-22 17:16:29,060 - Peer 1006 received the 'not interested' message from 1002.
2026-04-22 17:16:29,061 - Peer 1006 received the 'not interested' message from 1005.
2026-04-22 17:16:29,061 - Peer 1006 received the 'not interested' message from 1001.
2026-04-22 17:16:29,061 - Peer 1006 received the 'not interested' message from 1002.
2026-04-22 17:16:29,061 - Peer 1006 received the 'not interested' message from 1005.
2026-04-22 17:16:29,061 - Peer 1006 received the 'not interested' message from 1001.
2026-04-22 17:16:29,062 - Peer 1006 has downloaded the piece 468 from 1003. Now the number of pieces it has is 1155.
2026-04-22 17:16:29,062 - Peer 1006 received the 'not interested' message from 1002.
2026-04-22 17:16:29,062 - Peer 1006 received the 'not interested' message from 1005.
2026-04-22 17:16:29,062 - Peer 1006 received the 'not interested' message from 1001.
2026-04-22 17:16:29,063 - Peer 1006 received the 'not interested' message from 1002.
2026-04-22 17:16:29,064 - Peer 1006 received the 'not interested' message from 1005.
2026-04-22 17:16:29,065 - Peer 1006 received the 'not interested' message from 1004.
2026-04-22 17:16:29,066 - Peer 1006 received the 'not interested' message from 1004.
2026-04-22 17:16:29,066 - Peer 1006 received the 'not interested' message from 1004.
2026-04-22 17:16:29,066 - Peer 1006 has downloaded the piece 513 from 1001. Now the number of pieces it has is 1156.
2026-04-22 17:16:29,067 - Peer 1006 has downloaded the piece 1020 from 1002. Now the number of pieces it has is 1157.
2026-04-22 17:16:29,067 - Peer 1006 has downloaded the piece 211 from 1005. Now the number of pieces it has is 1158.
2026-04-22 17:16:29,071 - Peer 1006 received the 'not interested' message from 1001.
2026-04-22 17:16:29,072 - Peer 1006 received the 'not interested' message from 1002.
2026-04-22 17:16:29,073 - Peer 1006 received the 'not interested' message from 1003.
2026-04-22 17:16:29,073 - Peer 1006 received the 'not interested' message from 1001.
2026-04-22 17:16:29,074 - Peer 1006 received the 'not interested' message from 1004.
2026-04-22 17:16:29,074 - Peer 1006 received the 'not interested' message from 1002.
2026-04-22 17:16:29,075 - Peer 1006 received the 'not interested' message from 1003.
2026-04-22 17:16:29,075 - Peer 1006 received the 'not interested' message from 1001.
2026-04-22 17:16:29,076 - Peer 1006 received the 'not interested' message from 1002.
2026-04-22 17:16:29,076 - Peer 1006 received the 'not interested' message from 1004.
2026-04-22 17:16:29,076 - Peer 1006 received the 'not interested' message from 1005.
2026-04-22 17:16:29,077 - Peer 1006 received the 'not interested' message from 1005.
2026-04-22 17:16:29,079 - Peer 1006 has downloaded the piece 824 from 1001. Now the number of pieces it has is 1159.
2026-04-22 17:16:29,079 - Peer 1006 received the 'not interested' message from 1003.
2026-04-22 17:16:29,081 - Peer 1006 has downloaded the piece 173 from 1002. Now the number of pieces it has is 1160.
2026-04-22 17:16:29,082 - Peer 1006 has downloaded the piece 1092 from 1004. Now the number of pieces it has is 1161.
2026-04-22 17:16:29,086 - Peer 1006 received the 'not interested' message from 1002.
2026-04-22 17:16:29,086 - Peer 1006 received the 'not interested' message from 1005.
2026-04-22 17:16:29,086 - Peer 1006 received the 'not interested' message from 1003.
2026-04-22 17:16:29,087 - Peer 1006 received the 'not interested' message from 1005.
2026-04-22 17:16:29,087 - Peer 1006 received the 'not interested' message from 1002.
2026-04-22 17:16:29,087 - Peer 1006 received the 'not interested' message from 1001.
2026-04-22 17:16:29,087 - Peer 1006 received the 'not interested' message from 1004.
2026-04-22 17:16:29,087 - Peer 1006 received the 'not interested' message from 1003.
2026-04-22 17:16:29,087 - Peer 1006 received the 'not interested' message from 1002.
2026-04-22 17:16:29,089 - Peer 1006 received the 'not interested' message from 1001.
2026-04-22 17:16:29,089 - Peer 1006 received the 'not interested' message from 1004.
2026-04-22 17:16:29,089 - Peer 1006 received the 'not interested' message from 1002.
2026-04-22 17:16:29,089 - Peer 1006 has downloaded the piece 1589 from 1005. Now the number of pieces it has is 1162.
2026-04-22 17:16:29,089 - Peer 1006 received the 'not interested' message from 1001.
2026-04-22 17:16:29,090 - Peer 1006 received the 'not interested' message from 1004.
2026-04-22 17:16:29,090 - Peer 1006 has downloaded the piece 719 from 1003. Now the number of pieces it has is 1163.
2026-04-22 17:16:29,090 - Peer 1006 received the 'not interested' message from 1001.
2026-04-22 17:16:29,092 - Peer 1006 has downloaded the piece 981 from 1002. Now the number of pieces it has is 1164.
2026-04-22 17:16:29,092 - Peer 1006 received the 'not interested' message from 1004.
2026-04-22 17:16:29,094 - Peer 1006 received the 'not interested' message from 1004.
2026-04-22 17:16:29,094 - Peer 1006 received the 'not interested' message from 1004.
2026-04-22 17:16:29,094 - Peer 1006 has downloaded the piece 1560 from 1001. Now the number of pieces it has is 1165.
2026-04-22 17:16:29,099 - Peer 1006 received the 'not interested' message from 1003.
2026-04-22 17:16:29,100 - Peer 1006 received the 'not interested' message from 1002.
2026-04-22 17:16:29,100 - Peer 1006 received the 'not interested' message from 1005.
2026-04-22 17:16:29,100 - Peer 1006 received the 'not interested' message from 1003.
2026-04-22 17:16:29,100 - Peer 1006 received the 'not interested' message from 1002.
2026-04-22 17:16:29,100 - Peer 1006 received the 'not interested' message from 1005.
2026-04-22 17:16:29,100 - Peer 1006 received the 'not interested' message from 1001.
2026-04-22 17:16:29,102 - Peer 1006 received the 'not interested' message from 1005.
2026-04-22 17:16:29,102 - Peer 1006 received the 'not interested' message from 1001.
2026-04-22 17:16:29,102 - Peer 1006 received the 'not interested' message from 1005.
2026-04-22 17:16:29,102 - Peer 1006 received the 'not interested' message from 1001.
2026-04-22 17:16:29,102 - Peer 1006 received the 'not interested' message from 1005.
2026-04-22 17:16:29,103 - Peer 1006 received the 'not interested' message from 1005.
2026-04-22 17:16:29,103 - Peer 1006 received the 'not interested' message from 1005.
2026-04-22 17:16:29,105 - Peer 1006 has downloaded the piece 73 from 1005. Now the number of pieces it has is 1166.
2026-04-22 17:16:29,105 - Peer 1006 received the 'not interested' message from 1004.
2026-04-22 17:16:29,107 - Peer 1006 received the 'not interested' message from 1002.
2026-04-22 17:16:29,107 - Peer 1006 received the 'not interested' message from 1005.
2026-04-22 17:16:29,107 - Peer 1006 received the 'not interested' message from 1003.
2026-04-22 17:16:29,107 - Peer 1006 received the 'not interested' message from 1004.
2026-04-22 17:16:29,107 - Peer 1006 received the 'not interested' message from 1001.
2026-04-22 17:16:29,108 - Peer 1006 received the 'not interested' message from 1002.
2026-04-22 17:16:29,108 - Peer 1006 received the 'not interested' message from 1003.
2026-04-22 17:16:29,109 - Peer 1006 has downloaded the piece 569 from 1005. Now the number of pieces it has is 1167.
2026-04-22 17:16:29,110 - Peer 1006 received the 'not interested' message from 1003.
2026-04-22 17:16:29,110 - Peer 1006 received the 'not interested' message from 1003.
2026-04-22 17:16:29,110 - Peer 1006 has downloaded the piece 1465 from 1004. Now the number of pieces it has is 1168.
2026-04-22 17:16:29,111 - Peer 1006 has downloaded the piece 717 from 1002. Now the number of pieces it has is 1169.
2026-04-22 17:16:29,112 - Peer 1006 has downloaded the piece 1068 from 1001. Now the number of pieces it has is 1170.
2026-04-22 17:16:29,117 - Peer 1006 received the 'not interested' message from 1003.
2026-04-22 17:16:29,117 - Peer 1006 received the 'not interested' message from 1004.
2026-04-22 17:16:29,119 - Peer 1006 received the 'not interested' message from 1003.
2026-04-22 17:16:29,119 - Peer 1006 received the 'not interested' message from 1004.
2026-04-22 17:16:29,119 - Peer 1006 received the 'not interested' message from 1002.
2026-04-22 17:16:29,120 - Peer 1006 received the 'not interested' message from 1003.
2026-04-22 17:16:29,120 - Peer 1006 received the 'not interested' message from 1001.
2026-04-22 17:16:29,120 - Peer 1006 received the 'not interested' message from 1004.
2026-04-22 17:16:29,121 - Peer 1006 received the 'not interested' message from 1002.
2026-04-22 17:16:29,121 - Peer 1006 received the 'not interested' message from 1003.
2026-04-22 17:16:29,122 - Peer 1006 received the 'not interested' message from 1001.
2026-04-22 17:16:29,122 - Peer 1006 received the 'not interested' message from 1004.
2026-04-22 17:16:29,122 - Peer 1006 received the 'not interested' message from 1005.
2026-04-22 17:16:29,123 - Peer 1006 received the 'not interested' message from 1002.
2026-04-22 17:16:29,123 - Peer 1006 received the 'not interested' message from 1001.
2026-04-22 17:16:29,123 - Peer 1006 received the 'not interested' message from 1004.
2026-04-22 17:16:29,123 - Peer 1006 received the 'not interested' message from 1005.
2026-04-22 17:16:29,123 - Peer 1006 received the 'not interested' message from 1002.
2026-04-22 17:16:29,125 - Peer 1006 received the 'not interested' message from 1001.
2026-04-22 17:16:29,125 - Peer 1006 received the 'not interested' message from 1004.
2026-04-22 17:16:29,125 - Peer 1006 has downloaded the piece 89 from 1003. Now the number of pieces it has is 1171.
2026-04-22 17:16:29,125 - Peer 1006 received the 'not interested' message from 1005.
2026-04-22 17:16:29,126 - Peer 1006 received the 'not interested' message from 1002.
2026-04-22 17:16:29,126 - Peer 1006 received the 'not interested' message from 1001.
2026-04-22 17:16:29,126 - Peer 1006 received the 'not interested' message from 1004.
2026-04-22 17:16:29,127 - Peer 1006 received the 'not interested' message from 1005.
2026-04-22 17:16:29,129 - Peer 1006 has downloaded the piece 1297 from 1002. Now the number of pieces it has is 1172.
2026-04-22 17:16:29,131 - Peer 1006 has downloaded the piece 305 from 1001. Now the number of pieces it has is 1173.
2026-04-22 17:16:29,132 - Peer 1006 has downloaded the piece 1126 from 1004. Now the number of pieces it has is 1174.
2026-04-22 17:16:29,133 - Peer 1006 has downloaded the piece 519 from 1005. Now the number of pieces it has is 1175.
2026-04-22 17:16:29,134 - Peer 1006 received the 'not interested' message from 1003.
2026-04-22 17:16:29,138 - Peer 1006 received the 'not interested' message from 1003.
2026-04-22 17:16:29,138 - Peer 1006 received the 'not interested' message from 1004.
2026-04-22 17:16:29,138 - Peer 1006 received the 'not interested' message from 1002.
2026-04-22 17:16:29,138 - Peer 1006 received the 'not interested' message from 1001.
2026-04-22 17:16:29,139 - Peer 1006 received the 'not interested' message from 1003.
2026-04-22 17:16:29,139 - Peer 1006 received the 'not interested' message from 1005.
2026-04-22 17:16:29,139 - Peer 1006 received the 'not interested' message from 1004.
2026-04-22 17:16:29,140 - Peer 1006 received the 'not interested' message from 1002.
2026-04-22 17:16:29,140 - Peer 1006 received the 'not interested' message from 1001.
2026-04-22 17:16:29,141 - Peer 1006 received the 'not interested' message from 1003.
2026-04-22 17:16:29,141 - Peer 1006 received the 'not interested' message from 1004.
2026-04-22 17:16:29,141 - Peer 1006 received the 'not interested' message from 1005.
2026-04-22 17:16:29,141 - Peer 1006 received the 'not interested' message from 1002.
2026-04-22 17:16:29,141 - Peer 1006 received the 'not interested' message from 1001.
2026-04-22 17:16:29,142 - Peer 1006 received the 'not interested' message from 1003.
2026-04-22 17:16:29,142 - Peer 1006 received the 'not interested' message from 1004.
2026-04-22 17:16:29,142 - Peer 1006 received the 'not interested' message from 1005.
2026-04-22 17:16:29,142 - Peer 1006 received the 'not interested' message from 1002.
2026-04-22 17:16:29,143 - Peer 1006 received the 'not interested' message from 1001.
2026-04-22 17:16:29,143 - Peer 1006 received the 'not interested' message from 1003.
2026-04-22 17:16:29,144 - Peer 1006 received the 'not interested' message from 1005.
2026-04-22 17:16:29,144 - Peer 1006 received the 'not interested' message from 1001.
2026-04-22 17:16:29,145 - Peer 1006 received the 'not interested' message from 1005.
2026-04-22 17:16:29,145 - Peer 1006 has downloaded the piece 55 from 1002. Now the number of pieces it has is 1176.
2026-04-22 17:16:29,146 - Peer 1006 has downloaded the piece 67 from 1003. Now the number of pieces it has is 1177.
2026-04-22 17:16:29,149 - Peer 1006 has downloaded the piece 24 from 1005. Now the number of pieces it has is 1178.
2026-04-22 17:16:29,151 - Peer 1006 has downloaded the piece 198 from 1001. Now the number of pieces it has is 1179.
2026-04-22 17:16:29,153 - Peer 1006 received the 'not interested' message from 1002.
2026-04-22 17:16:29,155 - Peer 1006 received the 'not interested' message from 1004.
2026-04-22 17:16:29,158 - Peer 1006 received the 'not interested' message from 1004.
2026-04-22 17:16:29,159 - Peer 1006 received the 'not interested' message from 1002.
2026-04-22 17:16:29,159 - Peer 1006 received the 'not interested' message from 1003.
2026-04-22 17:16:29,161 - Peer 1006 received the 'not interested' message from 1002.
2026-04-22 17:16:29,161 - Peer 1006 has downloaded the piece 1143 from 1004. Now the number of pieces it has is 1180.
2026-04-22 17:16:29,163 - Peer 1006 received the 'not interested' message from 1001.
2026-04-22 17:16:29,164 - Peer 1006 received the 'not interested' message from 1003.
2026-04-22 17:16:29,166 - Peer 1006 received the 'not interested' message from 1005.
2026-04-22 17:16:29,166 - Peer 1006 received the 'not interested' message from 1001.
2026-04-22 17:16:29,166 - Peer 1006 received the 'not interested' message from 1005.
2026-04-22 17:16:29,166 - Peer 1006 received the 'not interested' message from 1003.
2026-04-22 17:16:29,166 - Peer 1006 has downloaded the piece 1378 from 1002. Now the number of pieces it has is 1181.
2026-04-22 17:16:29,166 - Peer 1006 received the 'not interested' message from 1001.
2026-04-22 17:16:29,167 - Peer 1006 received the 'not interested' message from 1005.
2026-04-22 17:16:29,167 - Peer 1006 received the 'not interested' message from 1003.
2026-04-22 17:16:29,169 - Peer 1006 received the 'not interested' message from 1004.
2026-04-22 17:16:29,169 - Peer 1006 received the 'not interested' message from 1001.
2026-04-22 17:16:29,170 - Peer 1006 received the 'not interested' message from 1005.
2026-04-22 17:16:29,170 - Peer 1006 received the 'not interested' message from 1003.
2026-04-22 17:16:29,171 - Peer 1006 received the 'not interested' message from 1004.
2026-04-22 17:16:29,172 - Peer 1006 has downloaded the piece 700 from 1001. Now the number of pieces it has is 1182.
2026-04-22 17:16:29,173 - Peer 1006 has downloaded the piece 1556 from 1005. Now the number of pieces it has is 1183.
2026-04-22 17:16:29,174 - Peer 1006 received the 'not interested' message from 1002.
2026-04-22 17:16:29,174 - Peer 1006 received the 'not interested' message from 1002.
2026-04-22 17:16:29,175 - Peer 1006 received the 'not interested' message from 1004.
2026-04-22 17:16:29,175 - Peer 1006 received the 'not interested' message from 1002.
2026-04-22 17:16:29,176 - Peer 1006 received the 'not interested' message from 1004.
2026-04-22 17:16:29,177 - Peer 1006 received the 'not interested' message from 1001.
2026-04-22 17:16:29,177 - Peer 1006 received the 'not interested' message from 1002.
2026-04-22 17:16:29,177 - Peer 1006 received the 'not interested' message from 1004.
2026-04-22 17:16:29,177 - Peer 1006 received the 'not interested' message from 1003.
2026-04-22 17:16:29,177 - Peer 1006 received the 'not interested' message from 1001.
2026-04-22 17:16:29,179 - Peer 1006 received the 'not interested' message from 1005.
2026-04-22 17:16:29,179 - Peer 1006 received the 'not interested' message from 1001.
2026-04-22 17:16:29,179 - Peer 1006 received the 'not interested' message from 1005.
2026-04-22 17:16:29,179 - Peer 1006 has downloaded the piece 321 from 1002. Now the number of pieces it has is 1184.
2026-04-22 17:16:29,179 - Peer 1006 received the 'not interested' message from 1001.
2026-04-22 17:16:29,180 - Peer 1006 received the 'not interested' message from 1005.
2026-04-22 17:16:29,180 - Peer 1006 received the 'not interested' message from 1003.
2026-04-22 17:16:29,181 - Peer 1006 received the 'not interested' message from 1005.
2026-04-22 17:16:29,182 - Peer 1006 received the 'not interested' message from 1004.
2026-04-22 17:16:29,182 - Peer 1006 received the 'not interested' message from 1004.
2026-04-22 17:16:29,183 - Peer 1006 has downloaded the piece 1238 from 1001. Now the number of pieces it has is 1185.
2026-04-22 17:16:29,184 - Peer 1006 has downloaded the piece 378 from 1003. Now the number of pieces it has is 1186.
2026-04-22 17:16:29,184 - Peer 1006 has downloaded the piece 611 from 1005. Now the number of pieces it has is 1187.
2026-04-22 17:16:29,186 - Peer 1006 has downloaded the piece 942 from 1004. Now the number of pieces it has is 1188.
2026-04-22 17:16:29,189 - Peer 1006 received the 'not interested' message from 1002.
2026-04-22 17:16:29,189 - Peer 1006 received the 'not interested' message from 1002.
2026-04-22 17:16:29,191 - Peer 1006 received the 'not interested' message from 1001.
2026-04-22 17:16:29,192 - Peer 1006 received the 'not interested' message from 1001.
2026-04-22 17:16:29,192 - Peer 1006 received the 'not interested' message from 1002.
2026-04-22 17:16:29,193 - Peer 1006 received the 'not interested' message from 1004.
2026-04-22 17:16:29,193 - Peer 1006 received the 'not interested' message from 1001.
2026-04-22 17:16:29,193 - Peer 1006 received the 'not interested' message from 1003.
2026-04-22 17:16:29,193 - Peer 1006 received the 'not interested' message from 1002.
2026-04-22 17:16:29,194 - Peer 1006 received the 'not interested' message from 1001.
2026-04-22 17:16:29,194 - Peer 1006 received the 'not interested' message from 1005.
2026-04-22 17:16:29,196 - Peer 1006 received the 'not interested' message from 1003.
2026-04-22 17:16:29,196 - Peer 1006 received the 'not interested' message from 1002.
2026-04-22 17:16:29,196 - Peer 1006 received the 'not interested' message from 1001.
2026-04-22 17:16:29,196 - Peer 1006 received the 'not interested' message from 1002.
2026-04-22 17:16:29,196 - Peer 1006 received the 'not interested' message from 1003.
2026-04-22 17:16:29,196 - Peer 1006 received the 'not interested' message from 1005.
2026-04-22 17:16:29,197 - Peer 1006 received the 'not interested' message from 1003.
2026-04-22 17:16:29,197 - Peer 1006 received the 'not interested' message from 1004.
2026-04-22 17:16:29,199 - Peer 1006 has downloaded the piece 514 from 1001. Now the number of pieces it has is 1189.
2026-04-22 17:16:29,199 - Peer 1006 received the 'not interested' message from 1005.
2026-04-22 17:16:29,199 - Peer 1006 received the 'not interested' message from 1003.
2026-04-22 17:16:29,199 - Peer 1006 received the 'not interested' message from 1004.
2026-04-22 17:16:29,200 - Peer 1006 has downloaded the piece 626 from 1002. Now the number of pieces it has is 1190.
2026-04-22 17:16:29,200 - Peer 1006 received the 'not interested' message from 1005.
2026-04-22 17:16:29,201 - Peer 1006 received the 'not interested' message from 1003.
2026-04-22 17:16:29,202 - Peer 1006 received the 'not interested' message from 1005.
2026-04-22 17:16:29,202 - Peer 1006 received the 'not interested' message from 1003.
2026-04-22 17:16:29,203 - Peer 1006 received the 'not interested' message from 1001.
2026-04-22 17:16:29,204 - Peer 1006 received the 'not interested' message from 1004.
2026-04-22 17:16:29,204 - Peer 1006 received the 'not interested' message from 1003.
2026-04-22 17:16:29,204 - Peer 1006 received the 'not interested' message from 1001.
2026-04-22 17:16:29,205 - Peer 1006 received the 'not interested' message from 1004.
2026-04-22 17:16:29,205 - Peer 1006 received the 'not interested' message from 1003.
2026-04-22 17:16:29,205 - Peer 1006 received the 'not interested' message from 1004.
2026-04-22 17:16:29,206 - Peer 1006 has downloaded the piece 936 from 1005. Now the number of pieces it has is 1191.
2026-04-22 17:16:29,207 - Peer 1006 has downloaded the piece 1203 from 1001. Now the number of pieces it has is 1192.
2026-04-22 17:16:29,207 - Peer 1006 has downloaded the piece 483 from 1003. Now the number of pieces it has is 1193.
2026-04-22 17:16:29,211 - Peer 1006 received the 'not interested' message from 1002.
2026-04-22 17:16:29,213 - Peer 1006 received the 'not interested' message from 1002.
2026-04-22 17:16:29,214 - Peer 1006 received the 'not interested' message from 1002.
2026-04-22 17:16:29,214 - Peer 1006 received the 'not interested' message from 1001.
2026-04-22 17:16:29,215 - Peer 1006 received the 'not interested' message from 1001.
2026-04-22 17:16:29,215 - Peer 1006 received the 'not interested' message from 1004.
2026-04-22 17:16:29,215 - Peer 1006 received the 'not interested' message from 1001.
2026-04-22 17:16:29,215 - Peer 1006 has downloaded the piece 794 from 1002. Now the number of pieces it has is 1194.
2026-04-22 17:16:29,216 - Peer 1006 received the 'not interested' message from 1005.
2026-04-22 17:16:29,216 - Peer 1006 received the 'not interested' message from 1005.
2026-04-22 17:16:29,216 - Peer 1006 received the 'not interested' message from 1005.
2026-04-22 17:16:29,216 - Peer 1006 received the 'not interested' message from 1005.
2026-04-22 17:16:29,218 - Peer 1006 has downloaded the piece 447 from 1001. Now the number of pieces it has is 1195.
2026-04-22 17:16:29,218 - Peer 1006 received the 'not interested' message from 1005.
2026-04-22 17:16:29,219 - Peer 1006 has downloaded the piece 964 from 1005. Now the number of pieces it has is 1196.
2026-04-22 17:16:29,221 - Peer 1006 received the 'not interested' message from 1003.
2026-04-22 17:16:29,222 - Peer 1006 has downloaded the piece 753 from 1004. Now the number of pieces it has is 1197.
2026-04-22 17:16:29,223 - Peer 1006 received the 'not interested' message from 1002.
2026-04-22 17:16:29,223 - Peer 1006 received the 'not interested' message from 1001.
2026-04-22 17:16:29,224 - Peer 1006 received the 'not interested' message from 1002.
2026-04-22 17:16:29,226 - Peer 1006 received the 'not interested' message from 1005.
2026-04-22 17:16:29,226 - Peer 1006 received the 'not interested' message from 1001.
2026-04-22 17:16:29,226 - Peer 1006 received the 'not interested' message from 1003.
2026-04-22 17:16:29,227 - Peer 1006 received the 'not interested' message from 1004.
2026-04-22 17:16:29,227 - Peer 1006 received the 'not interested' message from 1002.
2026-04-22 17:16:29,227 - Peer 1006 received the 'not interested' message from 1005.
2026-04-22 17:16:29,228 - Peer 1006 received the 'not interested' message from 1001.
2026-04-22 17:16:29,228 - Peer 1006 received the 'not interested' message from 1004.
2026-04-22 17:16:29,228 - Peer 1006 received the 'not interested' message from 1002.
2026-04-22 17:16:29,228 - Peer 1006 received the 'not interested' message from 1005.
2026-04-22 17:16:29,229 - Peer 1006 received the 'not interested' message from 1004.
2026-04-22 17:16:29,229 - Peer 1006 received the 'not interested' message from 1002.
2026-04-22 17:16:29,229 - Peer 1006 received the 'not interested' message from 1005.
2026-04-22 17:16:29,230 - Peer 1006 has downloaded the piece 1417 from 1001. Now the number of pieces it has is 1198.
2026-04-22 17:16:29,231 - Peer 1006 received the 'not interested' message from 1004.
2026-04-22 17:16:29,231 - Peer 1006 received the 'not interested' message from 1004.
2026-04-22 17:16:29,231 - Peer 1006 received the 'not interested' message from 1004.
2026-04-22 17:16:29,232 - Peer 1006 has downloaded the piece 706 from 1002. Now the number of pieces it has is 1199.
2026-04-22 17:16:29,232 - Peer 1006 received the 'not interested' message from 1003.
2026-04-22 17:16:29,232 - Peer 1006 received the 'not interested' message from 1004.
2026-04-22 17:16:29,233 - Peer 1006 received the 'not interested' message from 1003.
2026-04-22 17:16:29,233 - Peer 1006 received the 'not interested' message from 1003.
2026-04-22 17:16:29,234 - Peer 1006 has downloaded the piece 304 from 1005. Now the number of pieces it has is 1200.
2026-04-22 17:16:29,235 - Peer 1006 received the 'not interested' message from 1003.
2026-04-22 17:16:29,236 - Peer 1006 has downloaded the piece 1460 from 1003. Now the number of pieces it has is 1201.
2026-04-22 17:16:29,239 - Peer 1006 received the 'not interested' message from 1002.
2026-04-22 17:16:29,240 - Peer 1006 received the 'not interested' message from 1004.
2026-04-22 17:16:29,241 - Peer 1006 received the 'not interested' message from 1002.
2026-04-22 17:16:29,242 - Peer 1006 received the 'not interested' message from 1004.
2026-04-22 17:16:29,242 - Peer 1006 received the 'not interested' message from 1001.
2026-04-22 17:16:29,242 - Peer 1006 received the 'not interested' message from 1005.
2026-04-22 17:16:29,243 - Peer 1006 received the 'not interested' message from 1002.
2026-04-22 17:16:29,243 - Peer 1006 received the 'not interested' message from 1003.
2026-04-22 17:16:29,244 - Peer 1006 received the 'not interested' message from 1004.
2026-04-22 17:16:29,244 - Peer 1006 received the 'not interested' message from 1001.
2026-04-22 17:16:29,244 - Peer 1006 received the 'not interested' message from 1005.
2026-04-22 17:16:29,244 - Peer 1006 received the 'not interested' message from 1002.
2026-04-22 17:16:29,244 - Peer 1006 received the 'not interested' message from 1003.
2026-04-22 17:16:29,245 - Peer 1006 received the 'not interested' message from 1002.
2026-04-22 17:16:29,245 - Peer 1006 received the 'not interested' message from 1003.
2026-04-22 17:16:29,245 - Peer 1006 received the 'not interested' message from 1005.
2026-04-22 17:16:29,246 - Peer 1006 received the 'not interested' message from 1001.
2026-04-22 17:16:29,246 - Peer 1006 received the 'not interested' message from 1003.
2026-04-22 17:16:29,247 - Peer 1006 has downloaded the piece 147 from 1004. Now the number of pieces it has is 1202.
2026-04-22 17:16:29,247 - Peer 1006 received the 'not interested' message from 1005.
2026-04-22 17:16:29,247 - Peer 1006 received the 'not interested' message from 1001.
2026-04-22 17:16:29,247 - Peer 1006 received the 'not interested' message from 1003.
2026-04-22 17:16:29,249 - Peer 1006 has downloaded the piece 1314 from 1002. Now the number of pieces it has is 1203.
2026-04-22 17:16:29,249 - Peer 1006 received the 'not interested' message from 1001.
2026-04-22 17:16:29,250 - Peer 1006 has downloaded the piece 145 from 1005. Now the number of pieces it has is 1204.
2026-04-22 17:16:29,251 - Peer 1006 received the 'not interested' message from 1003.
2026-04-22 17:16:29,251 - Peer 1006 received the 'not interested' message from 1003.
2026-04-22 17:16:29,252 - Peer 1006 has downloaded the piece 1294 from 1001. Now the number of pieces it has is 1205.
2026-04-22 17:16:29,253 - Peer 1006 received the 'not interested' message from 1003.
2026-04-22 17:16:29,256 - Peer 1006 has downloaded the piece 1402 from 1003. Now the number of pieces it has is 1206.
2026-04-22 17:16:29,257 - Peer 1006 received the 'not interested' message from 1004.
2026-04-22 17:16:29,259 - Peer 1006 received the 'not interested' message from 1002.
2026-04-22 17:16:29,259 - Peer 1006 received the 'not interested' message from 1004.
2026-04-22 17:16:29,259 - Peer 1006 received the 'not interested' message from 1005.
2026-04-22 17:16:29,261 - Peer 1006 received the 'not interested' message from 1002.
2026-04-22 17:16:29,261 - Peer 1006 received the 'not interested' message from 1001.
2026-04-22 17:16:29,261 - Peer 1006 received the 'not interested' message from 1004.
2026-04-22 17:16:29,264 - Peer 1006 received the 'not interested' message from 1005.
2026-04-22 17:16:29,264 - Peer 1006 received the 'not interested' message from 1002.
2026-04-22 17:16:29,264 - Peer 1006 received the 'not interested' message from 1001.
2026-04-22 17:16:29,265 - Peer 1006 received the 'not interested' message from 1005.
2026-04-22 17:16:29,265 - Peer 1006 received the 'not interested' message from 1002.
2026-04-22 17:16:29,265 - Peer 1006 received the 'not interested' message from 1001.
2026-04-22 17:16:29,266 - Peer 1006 received the 'not interested' message from 1002.
2026-04-22 17:16:29,266 - Peer 1006 received the 'not interested' message from 1001.
2026-04-22 17:16:29,266 - Peer 1006 received the 'not interested' message from 1001.
2026-04-22 17:16:29,267 - Peer 1006 has downloaded the piece 822 from 1005. Now the number of pieces it has is 1207.
2026-04-22 17:16:29,268 - Peer 1006 has downloaded the piece 492 from 1002. Now the number of pieces it has is 1208.
2026-04-22 17:16:29,268 - Peer 1006 has downloaded the piece 1198 from 1001. Now the number of pieces it has is 1209.
2026-04-22 17:16:29,269 - Peer 1006 received the 'not interested' message from 1003.
2026-04-22 17:16:29,269 - Peer 1006 received the 'not interested' message from 1004.
2026-04-22 17:16:29,272 - Peer 1006 received the 'not interested' message from 1005.
2026-04-22 17:16:29,273 - Peer 1006 received the 'not interested' message from 1001.
2026-04-22 17:16:29,273 - Peer 1006 received the 'not interested' message from 1003.
2026-04-22 17:16:29,273 - Peer 1006 received the 'not interested' message from 1004.
2026-04-22 17:16:29,273 - Peer 1006 received the 'not interested' message from 1005.
2026-04-22 17:16:29,275 - Peer 1006 received the 'not interested' message from 1003.
2026-04-22 17:16:29,276 - Peer 1006 received the 'not interested' message from 1001.
2026-04-22 17:16:29,276 - Peer 1006 received the 'not interested' message from 1002.
2026-04-22 17:16:29,276 - Peer 1006 received the 'not interested' message from 1005.
2026-04-22 17:16:29,276 - Peer 1006 received the 'not interested' message from 1001.
2026-04-22 17:16:29,277 - Peer 1006 received the 'not interested' message from 1002.
2026-04-22 17:16:29,277 - Peer 1006 received the 'not interested' message from 1005.
2026-04-22 17:16:29,279 - Peer 1006 received the 'not interested' message from 1002.
2026-04-22 17:16:29,279 - Peer 1006 has downloaded the piece 1077 from 1001. Now the number of pieces it has is 1210.
2026-04-22 17:16:29,281 - Peer 1006 received the 'not interested' message from 1002.
2026-04-22 17:16:29,281 - Peer 1006 received the 'not interested' message from 1003.
2026-04-22 17:16:29,281 - Peer 1006 received the 'not interested' message from 1004.
2026-04-22 17:16:29,282 - Peer 1006 received the 'not interested' message from 1003.
2026-04-22 17:16:29,282 - Peer 1006 has downloaded the piece 669 from 1005. Now the number of pieces it has is 1211.
2026-04-22 17:16:29,283 - Peer 1006 has downloaded the piece 1108 from 1002. Now the number of pieces it has is 1212.
2026-04-22 17:16:29,284 - Peer 1006 has downloaded the piece 90 from 1004. Now the number of pieces it has is 1213.
2026-04-22 17:16:29,289 - Peer 1006 received the 'not interested' message from 1001.
2026-04-22 17:16:29,289 - Peer 1006 received the 'not interested' message from 1005.
2026-04-22 17:16:29,290 - Peer 1006 received the 'not interested' message from 1001.
2026-04-22 17:16:29,290 - Peer 1006 received the 'not interested' message from 1002.
2026-04-22 17:16:29,290 - Peer 1006 received the 'not interested' message from 1005.
2026-04-22 17:16:29,291 - Peer 1006 received the 'not interested' message from 1002.
2026-04-22 17:16:29,291 - Peer 1006 received the 'not interested' message from 1001.
2026-04-22 17:16:29,291 - Peer 1006 received the 'not interested' message from 1001.
2026-04-22 17:16:29,292 - Peer 1006 received the 'not interested' message from 1005.
2026-04-22 17:16:29,292 - Peer 1006 received the 'not interested' message from 1002.
2026-04-22 17:16:29,292 - Peer 1006 received the 'not interested' message from 1004.
2026-04-22 17:16:29,292 - Peer 1006 received the 'not interested' message from 1005.
2026-04-22 17:16:29,293 - Peer 1006 received the 'not interested' message from 1002.
2026-04-22 17:16:29,293 - Peer 1006 received the 'not interested' message from 1004.
2026-04-22 17:16:29,294 - Peer 1006 has downloaded the piece 64 from 1003. Now the number of pieces it has is 1214.
2026-04-22 17:16:29,294 - Peer 1006 received the 'not interested' message from 1005.
2026-04-22 17:16:29,295 - Peer 1006 received the 'not interested' message from 1004.
2026-04-22 17:16:29,295 - Peer 1006 has downloaded the piece 118 from 1001. Now the number of pieces it has is 1215.
2026-04-22 17:16:29,296 - Peer 1006 received the 'not interested' message from 1004.
2026-04-22 17:16:29,296 - Peer 1006 received the 'not interested' message from 1004.
2026-04-22 17:16:29,296 - Peer 1006 has downloaded the piece 920 from 1002. Now the number of pieces it has is 1216.
2026-04-22 17:16:29,298 - Peer 1006 has downloaded the piece 182 from 1005. Now the number of pieces it has is 1217.
2026-04-22 17:16:29,298 - Peer 1006 received the 'not interested' message from 1004.
2026-04-22 17:16:29,304 - Peer 1006 received the 'not interested' message from 1001.
2026-04-22 17:16:29,304 - Peer 1006 received the 'not interested' message from 1004.
2026-04-22 17:16:29,304 - Peer 1006 received the 'not interested' message from 1003.
2026-04-22 17:16:29,304 - Peer 1006 received the 'not interested' message from 1002.
2026-04-22 17:16:29,304 - Peer 1006 received the 'not interested' message from 1005.
2026-04-22 17:16:29,304 - Peer 1006 received the 'not interested' message from 1001.
2026-04-22 17:16:29,304 - Peer 1006 received the 'not interested' message from 1004.
2026-04-22 17:16:29,305 - Peer 1006 received the 'not interested' message from 1003.
2026-04-22 17:16:29,305 - Peer 1006 received the 'not interested' message from 1002.
2026-04-22 17:16:29,306 - Peer 1006 received the 'not interested' message from 1005.
2026-04-22 17:16:29,306 - Peer 1006 received the 'not interested' message from 1001.
2026-04-22 17:16:29,306 - Peer 1006 received the 'not interested' message from 1004.
2026-04-22 17:16:29,306 - Peer 1006 received the 'not interested' message from 1003.
2026-04-22 17:16:29,306 - Peer 1006 received the 'not interested' message from 1002.
2026-04-22 17:16:29,307 - Peer 1006 received the 'not interested' message from 1005.
2026-04-22 17:16:29,308 - Peer 1006 received the 'not interested' message from 1001.
2026-04-22 17:16:29,308 - Peer 1006 received the 'not interested' message from 1004.
2026-04-22 17:16:29,308 - Peer 1006 received the 'not interested' message from 1002.
2026-04-22 17:16:29,308 - Peer 1006 received the 'not interested' message from 1005.
2026-04-22 17:16:29,309 - Peer 1006 has downloaded the piece 405 from 1001. Now the number of pieces it has is 1218.
2026-04-22 17:16:29,311 - Peer 1006 has downloaded the piece 21 from 1004. Now the number of pieces it has is 1219.
2026-04-22 17:16:29,311 - Peer 1006 has downloaded the piece 1242 from 1005. Now the number of pieces it has is 1220.
2026-04-22 17:16:29,312 - Peer 1006 has downloaded the piece 2 from 1002. Now the number of pieces it has is 1221.
2026-04-22 17:16:29,317 - Peer 1006 received the 'not interested' message from 1004.
2026-04-22 17:16:29,317 - Peer 1006 received the 'not interested' message from 1001.
2026-04-22 17:16:29,317 - Peer 1006 received the 'not interested' message from 1002.
2026-04-22 17:16:29,317 - Peer 1006 received the 'not interested' message from 1005.
2026-04-22 17:16:29,317 - Peer 1006 received the 'not interested' message from 1001.
2026-04-22 17:16:29,319 - Peer 1006 received the 'not interested' message from 1002.
2026-04-22 17:16:29,319 - Peer 1006 received the 'not interested' message from 1005.
2026-04-22 17:16:29,319 - Peer 1006 received the 'not interested' message from 1001.
2026-04-22 17:16:29,319 - Peer 1006 received the 'not interested' message from 1002.
2026-04-22 17:16:29,319 - Peer 1006 received the 'not interested' message from 1004.
2026-04-22 17:16:29,320 - Peer 1006 received the 'not interested' message from 1005.
2026-04-22 17:16:29,320 - Peer 1006 received the 'not interested' message from 1001.
2026-04-22 17:16:29,321 - Peer 1006 received the 'not interested' message from 1002.
2026-04-22 17:16:29,321 - Peer 1006 received the 'not interested' message from 1004.
2026-04-22 17:16:29,321 - Peer 1006 received the 'not interested' message from 1005.
2026-04-22 17:16:29,323 - Peer 1006 has downloaded the piece 401 from 1001. Now the number of pieces it has is 1222.
2026-04-22 17:16:29,323 - Peer 1006 received the 'not interested' message from 1004.
2026-04-22 17:16:29,324 - Peer 1006 received the 'not interested' message from 1004.
2026-04-22 17:16:29,324 - Peer 1006 has downloaded the piece 922 from 1002. Now the number of pieces it has is 1223.
2026-04-22 17:16:29,325 - Peer 1006 has downloaded the piece 1106 from 1005. Now the number of pieces it has is 1224.
2026-04-22 17:16:29,327 - Peer 1006 received the 'not interested' message from 1004.
2026-04-22 17:16:29,329 - Peer 1006 received the 'not interested' message from 1002.
2026-04-22 17:16:29,329 - Peer 1006 received the 'not interested' message from 1004.
2026-04-22 17:16:29,331 - Peer 1006 received the 'not interested' message from 1001.
2026-04-22 17:16:29,331 - Peer 1006 received the 'not interested' message from 1002.
2026-04-22 17:16:29,331 - Peer 1006 received the 'not interested' message from 1004.
2026-04-22 17:16:29,332 - Peer 1006 received the 'not interested' message from 1005.
2026-04-22 17:16:29,332 - Peer 1006 received the 'not interested' message from 1001.
2026-04-22 17:16:29,332 - Peer 1006 received the 'not interested' message from 1002.
2026-04-22 17:16:29,332 - Peer 1006 received the 'not interested' message from 1005.
2026-04-22 17:16:29,333 - Peer 1006 received the 'not interested' message from 1001.
2026-04-22 17:16:29,333 - Peer 1006 received the 'not interested' message from 1005.
2026-04-22 17:16:29,334 - Peer 1006 has downloaded the piece 764 from 1004. Now the number of pieces it has is 1225.
2026-04-22 17:16:29,335 - Peer 1006 has downloaded the piece 409 from 1002. Now the number of pieces it has is 1226.
2026-04-22 17:16:29,335 - Peer 1006 has downloaded the piece 1527 from 1001. Now the number of pieces it has is 1227.
2026-04-22 17:16:29,337 - Peer 1006 has downloaded the piece 1037 from 1005. Now the number of pieces it has is 1228.
2026-04-22 17:16:29,341 - Peer 1006 received the 'not interested' message from 1002.
2026-04-22 17:16:29,342 - Peer 1006 received the 'not interested' message from 1001.
2026-04-22 17:16:29,342 - Peer 1006 received the 'not interested' message from 1005.
2026-04-22 17:16:29,342 - Peer 1006 received the 'not interested' message from 1002.
2026-04-22 17:16:29,343 - Peer 1006 received the 'not interested' message from 1001.
2026-04-22 17:16:29,343 - Peer 1006 received the 'not interested' message from 1005.
2026-04-22 17:16:29,343 - Peer 1006 received the 'not interested' message from 1002.
2026-04-22 17:16:29,343 - Peer 1006 received the 'not interested' message from 1001.
2026-04-22 17:16:29,344 - Peer 1006 received the 'not interested' message from 1005.
2026-04-22 17:16:29,344 - Peer 1006 received the 'not interested' message from 1002.
2026-04-22 17:16:29,344 - Peer 1006 received the 'not interested' message from 1004.
2026-04-22 17:16:29,345 - Peer 1006 received the 'not interested' message from 1001.
2026-04-22 17:16:29,345 - Peer 1006 received the 'not interested' message from 1005.
2026-04-22 17:16:29,346 - Peer 1006 has downloaded the piece 1135 from 1002. Now the number of pieces it has is 1229.
2026-04-22 17:16:29,347 - Peer 1006 has downloaded the piece 698 from 1001. Now the number of pieces it has is 1230.
2026-04-22 17:16:29,347 - Peer 1006 has downloaded the piece 325 from 1005. Now the number of pieces it has is 1231.
2026-04-22 17:16:29,351 - Peer 1006 received the 'not interested' message from 1003.
2026-04-22 17:16:29,352 - Peer 1006 received the 'not interested' message from 1004.
2026-04-22 17:16:29,352 - Peer 1006 received the 'not interested' message from 1001.
2026-04-22 17:16:29,353 - Peer 1006 received the 'not interested' message from 1002.
2026-04-22 17:16:29,354 - Peer 1006 received the 'not interested' message from 1003.
2026-04-22 17:16:29,354 - Peer 1006 received the 'not interested' message from 1005.
2026-04-22 17:16:29,354 - Peer 1006 received the 'not interested' message from 1004.
2026-04-22 17:16:29,355 - Peer 1006 received the 'not interested' message from 1001.
2026-04-22 17:16:29,355 - Peer 1006 received the 'not interested' message from 1002.
2026-04-22 17:16:29,355 - Peer 1006 received the 'not interested' message from 1003.
2026-04-22 17:16:29,355 - Peer 1006 received the 'not interested' message from 1005.
2026-04-22 17:16:29,355 - Peer 1006 received the 'not interested' message from 1004.
2026-04-22 17:16:29,356 - Peer 1006 received the 'not interested' message from 1001.
2026-04-22 17:16:29,356 - Peer 1006 received the 'not interested' message from 1002.
2026-04-22 17:16:29,356 - Peer 1006 received the 'not interested' message from 1003.
2026-04-22 17:16:29,358 - Peer 1006 received the 'not interested' message from 1005.
2026-04-22 17:16:29,358 - Peer 1006 received the 'not interested' message from 1003.
2026-04-22 17:16:29,358 - Peer 1006 received the 'not interested' message from 1003.
2026-04-22 17:16:29,359 - Peer 1006 has downloaded the piece 1159 from 1004. Now the number of pieces it has is 1232.
2026-04-22 17:16:29,359 - Peer 1006 received the 'not interested' message from 1003.
2026-04-22 17:16:29,359 - Peer 1006 received the 'not interested' message from 1003.
2026-04-22 17:16:29,359 - Peer 1006 has downloaded the piece 1183 from 1002. Now the number of pieces it has is 1233.
2026-04-22 17:16:29,361 - Peer 1006 has downloaded the piece 752 from 1005. Now the number of pieces it has is 1234.
2026-04-22 17:16:29,362 - Peer 1006 has downloaded the piece 346 from 1001. Now the number of pieces it has is 1235.
2026-04-22 17:16:29,363 - Peer 1006 has downloaded the piece 274 from 1003. Now the number of pieces it has is 1236.
2026-04-22 17:16:29,370 - Peer 1006 received the 'not interested' message from 1001.
2026-04-22 17:16:29,370 - Peer 1006 received the 'not interested' message from 1005.
2026-04-22 17:16:29,370 - Peer 1006 received the 'not interested' message from 1004.
2026-04-22 17:16:29,371 - Peer 1006 received the 'not interested' message from 1002.
2026-04-22 17:16:29,371 - Peer 1006 received the 'not interested' message from 1001.
2026-04-22 17:16:29,371 - Peer 1006 received the 'not interested' message from 1003.
2026-04-22 17:16:29,373 - Peer 1006 received the 'not interested' message from 1005.
2026-04-22 17:16:29,373 - Peer 1006 received the 'not interested' message from 1004.
2026-04-22 17:16:29,373 - Peer 1006 received the 'not interested' message from 1002.
2026-04-22 17:16:29,373 - Peer 1006 received the 'not interested' message from 1001.
2026-04-22 17:16:29,373 - Peer 1006 received the 'not interested' message from 1003.
2026-04-22 17:16:29,373 - Peer 1006 received the 'not interested' message from 1005.
2026-04-22 17:16:29,373 - Peer 1006 received the 'not interested' message from 1004.
2026-04-22 17:16:29,374 - Peer 1006 received the 'not interested' message from 1002.
2026-04-22 17:16:29,374 - Peer 1006 received the 'not interested' message from 1001.
2026-04-22 17:16:29,374 - Peer 1006 received the 'not interested' message from 1003.
2026-04-22 17:16:29,374 - Peer 1006 received the 'not interested' message from 1004.
2026-04-22 17:16:29,376 - Peer 1006 received the 'not interested' message from 1005.
2026-04-22 17:16:29,376 - Peer 1006 received the 'not interested' message from 1002.
2026-04-22 17:16:29,376 - Peer 1006 received the 'not interested' message from 1001.
2026-04-22 17:16:29,376 - Peer 1006 received the 'not interested' message from 1003.
2026-04-22 17:16:29,376 - Peer 1006 received the 'not interested' message from 1004.
2026-04-22 17:16:29,376 - Peer 1006 received the 'not interested' message from 1005.
2026-04-22 17:16:29,376 - Peer 1006 received the 'not interested' message from 1002.
2026-04-22 17:16:29,377 - Peer 1006 received the 'not interested' message from 1003.
2026-04-22 17:16:29,377 - Peer 1006 received the 'not interested' message from 1004.
2026-04-22 17:16:29,377 - Peer 1006 has downloaded the piece 1025 from 1001. Now the number of pieces it has is 1237.
2026-04-22 17:16:29,377 - Peer 1006 received the 'not interested' message from 1003.
2026-04-22 17:16:29,379 - Peer 1006 has downloaded the piece 466 from 1005. Now the number of pieces it has is 1238.
2026-04-22 17:16:29,384 - Peer 1006 has downloaded the piece 1566 from 1002. Now the number of pieces it has is 1239.
2026-04-22 17:16:29,385 - Peer 1006 received the 'not interested' message from 1003.
2026-04-22 17:16:29,385 - Peer 1006 received the 'not interested' message from 1001.
2026-04-22 17:16:29,387 - Peer 1006 received the 'not interested' message from 1003.
2026-04-22 17:16:29,389 - Peer 1006 received the 'not interested' message from 1002.
2026-04-22 17:16:29,396 - Peer 1006 received the 'not interested' message from 1005.
2026-04-22 17:16:29,398 - Peer 1006 received the 'not interested' message from 1003.
2026-04-22 17:16:29,399 - Peer 1006 has downloaded the piece 1540 from 1001. Now the number of pieces it has is 1240.
2026-04-22 17:16:29,399 - Peer 1006 received the 'not interested' message from 1002.
2026-04-22 17:16:29,401 - Peer 1006 received the 'not interested' message from 1004.
2026-04-22 17:16:29,407 - Peer 1006 received the 'not interested' message from 1005.
2026-04-22 17:16:29,414 - Peer 1006 received the 'not interested' message from 1003.
2026-04-22 17:16:29,418 - Peer 1006 received the 'not interested' message from 1001.
2026-04-22 17:16:29,419 - Peer 1006 has downloaded the piece 442 from 1002. Now the number of pieces it has is 1241.
2026-04-22 17:16:29,419 - Peer 1006 received the 'not interested' message from 1004.
2026-04-22 17:16:29,422 - Peer 1006 received the 'not interested' message from 1002.
2026-04-22 17:16:29,422 - Peer 1006 received the 'not interested' message from 1003.
2026-04-22 17:16:29,426 - Peer 1006 received the 'not interested' message from 1001.
2026-04-22 17:16:29,426 - Peer 1006 received the 'not interested' message from 1004.
2026-04-22 17:16:29,429 - Peer 1006 received the 'not interested' message from 1002.
2026-04-22 17:16:29,429 - Peer 1006 received the 'not interested' message from 1003.
2026-04-22 17:16:29,442 - Peer 1006 received the 'not interested' message from 1003.
2026-04-22 17:16:29,444 - Peer 1006 received the 'not interested' message from 1001.
2026-04-22 17:16:29,444 - Peer 1006 has downloaded the piece 1026 from 1004. Now the number of pieces it has is 1242.
2026-04-22 17:16:29,446 - Peer 1006 received the 'not interested' message from 1002.
2026-04-22 17:16:29,447 - Peer 1006 received the 'not interested' message from 1005.
2026-04-22 17:16:29,447 - Peer 1006 received the 'not interested' message from 1003.
2026-04-22 17:16:29,449 - Peer 1006 has downloaded the piece 50 from 1001. Now the number of pieces it has is 1243.
2026-04-22 17:16:29,450 - Peer 1006 received the 'not interested' message from 1003.
2026-04-22 17:16:29,451 - Peer 1006 has downloaded the piece 897 from 1002. Now the number of pieces it has is 1244.
2026-04-22 17:16:29,453 - Peer 1006 received the 'not interested' message from 1003.
2026-04-22 17:16:29,454 - Peer 1006 received the 'not interested' message from 1003.
2026-04-22 17:16:29,454 - Peer 1006 received the 'not interested' message from 1003.
2026-04-22 17:16:29,455 - Peer 1006 received the 'not interested' message from 1003.
2026-04-22 17:16:29,456 - Peer 1006 has downloaded the piece 723 from 1005. Now the number of pieces it has is 1245.
2026-04-22 17:16:29,457 - Peer 1006 has downloaded the piece 421 from 1003. Now the number of pieces it has is 1246.
2026-04-22 17:16:29,459 - Peer 1006 received the 'not interested' message from 1004.
2026-04-22 17:16:29,459 - Peer 1006 received the 'not interested' message from 1004.
2026-04-22 17:16:29,462 - Peer 1006 received the 'not interested' message from 1004.
2026-04-22 17:16:29,463 - Peer 1006 received the 'not interested' message from 1004.
2026-04-22 17:16:29,463 - Peer 1006 received the 'not interested' message from 1001.
2026-04-22 17:16:29,464 - Peer 1006 received the 'not interested' message from 1003.
2026-04-22 17:16:29,464 - Peer 1006 received the 'not interested' message from 1002.
2026-04-22 17:16:29,464 - Peer 1006 received the 'not interested' message from 1004.
2026-04-22 17:16:29,464 - Peer 1006 received the 'not interested' message from 1005.
2026-04-22 17:16:29,465 - Peer 1006 received the 'not interested' message from 1003.
2026-04-22 17:16:29,465 - Peer 1006 received the 'not interested' message from 1001.
2026-04-22 17:16:29,465 - Peer 1006 received the 'not interested' message from 1002.
2026-04-22 17:16:29,465 - Peer 1006 received the 'not interested' message from 1005.
2026-04-22 17:16:29,466 - Peer 1006 received the 'not interested' message from 1004.
2026-04-22 17:16:29,466 - Peer 1006 received the 'not interested' message from 1003.
2026-04-22 17:16:29,466 - Peer 1006 received the 'not interested' message from 1001.
2026-04-22 17:16:29,466 - Peer 1006 received the 'not interested' message from 1002.
2026-04-22 17:16:29,466 - Peer 1006 received the 'not interested' message from 1005.
2026-04-22 17:16:29,466 - Peer 1006 received the 'not interested' message from 1003.
2026-04-22 17:16:29,466 - Peer 1006 received the 'not interested' message from 1004.
2026-04-22 17:16:29,467 - Peer 1006 received the 'not interested' message from 1001.
2026-04-22 17:16:29,467 - Peer 1006 received the 'not interested' message from 1002.
2026-04-22 17:16:29,467 - Peer 1006 received the 'not interested' message from 1005.
2026-04-22 17:16:29,467 - Peer 1006 received the 'not interested' message from 1003.
2026-04-22 17:16:29,469 - Peer 1006 received the 'not interested' message from 1001.
2026-04-22 17:16:29,469 - Peer 1006 received the 'not interested' message from 1002.
2026-04-22 17:16:29,471 - Peer 1006 has downloaded the piece 1411 from 1002. Now the number of pieces it has is 1247.
2026-04-22 17:16:29,473 - Peer 1006 received the 'not interested' message from 1003.
2026-04-22 17:16:29,473 - Peer 1006 received the 'not interested' message from 1001.
2026-04-22 17:16:29,473 - Peer 1006 received the 'not interested' message from 1004.
2026-04-22 17:16:29,474 - Peer 1006 received the 'not interested' message from 1005.
2026-04-22 17:16:29,475 - Peer 1006 received the 'not interested' message from 1005.
2026-04-22 17:16:29,476 - Peer 1006 received the 'not interested' message from 1003.
2026-04-22 17:16:29,477 - Peer 1006 has downloaded the piece 455 from 1001. Now the number of pieces it has is 1248.
2026-04-22 17:16:29,483 - Peer 1006 received the 'not interested' message from 1005.
2026-04-22 17:16:29,484 - Peer 1006 received the 'not interested' message from 1002.
2026-04-22 17:16:29,484 - Peer 1006 received the 'not interested' message from 1004.
2026-04-22 17:16:29,484 - Peer 1006 received the 'not interested' message from 1003.
2026-04-22 17:16:29,487 - Peer 1006 has downloaded the piece 532 from 1005. Now the number of pieces it has is 1249.
2026-04-22 17:16:29,489 - Peer 1006 has downloaded the piece 1331 from 1002. Now the number of pieces it has is 1250.
2026-04-22 17:16:29,490 - Peer 1006 has downloaded the piece 228 from 1004. Now the number of pieces it has is 1251.
2026-04-22 17:16:29,491 - Peer 1006 received the 'not interested' message from 1003.
2026-04-22 17:16:29,493 - Peer 1006 received the 'not interested' message from 1003.
2026-04-22 17:16:29,494 - Peer 1006 received the 'not interested' message from 1001.
2026-04-22 17:16:29,495 - Peer 1006 received the 'not interested' message from 1004.
2026-04-22 17:16:29,495 - Peer 1006 received the 'not interested' message from 1001.
2026-04-22 17:16:29,496 - Peer 1006 received the 'not interested' message from 1004.
2026-04-22 17:16:29,496 - Peer 1006 has downloaded the piece 1362 from 1003. Now the number of pieces it has is 1252.
2026-04-22 17:16:29,498 - Peer 1006 received the 'not interested' message from 1001.
2026-04-22 17:16:29,498 - Peer 1006 received the 'not interested' message from 1002.
2026-04-22 17:16:29,499 - Peer 1006 received the 'not interested' message from 1004.
2026-04-22 17:16:29,499 - Peer 1006 received the 'not interested' message from 1005.
2026-04-22 17:16:29,499 - Peer 1006 received the 'not interested' message from 1001.
2026-04-22 17:16:29,499 - Peer 1006 received the 'not interested' message from 1002.
2026-04-22 17:16:29,501 - Peer 1006 received the 'not interested' message from 1004.
2026-04-22 17:16:29,501 - Peer 1006 received the 'not interested' message from 1005.
2026-04-22 17:16:29,501 - Peer 1006 received the 'not interested' message from 1001.
2026-04-22 17:16:29,502 - Peer 1006 received the 'not interested' message from 1002.
2026-04-22 17:16:29,503 - Peer 1006 received the 'not interested' message from 1002.
2026-04-22 17:16:29,503 - Peer 1006 received the 'not interested' message from 1003.
2026-04-22 17:16:29,504 - Peer 1006 received the 'not interested' message from 1005.
2026-04-22 17:16:29,504 - Peer 1006 received the 'not interested' message from 1004.
2026-04-22 17:16:29,506 - Peer 1006 has downloaded the piece 987 from 1001. Now the number of pieces it has is 1253.
2026-04-22 17:16:29,507 - Peer 1006 received the 'not interested' message from 1005.
2026-04-22 17:16:29,507 - Peer 1006 has downloaded the piece 335 from 1002. Now the number of pieces it has is 1254.
2026-04-22 17:16:29,508 - Peer 1006 received the 'not interested' message from 1005.
2026-04-22 17:16:29,508 - Peer 1006 received the 'not interested' message from 1003.
2026-04-22 17:16:29,509 - Peer 1006 received the 'not interested' message from 1004.
2026-04-22 17:16:29,511 - Peer 1006 has downloaded the piece 645 from 1005. Now the number of pieces it has is 1255.
2026-04-22 17:16:29,514 - Peer 1006 received the 'not interested' message from 1002.
2026-04-22 17:16:29,514 - Peer 1006 received the 'not interested' message from 1001.
2026-04-22 17:16:29,515 - Peer 1006 received the 'not interested' message from 1002.
2026-04-22 17:16:29,516 - Peer 1006 received the 'not interested' message from 1002.
2026-04-22 17:16:29,516 - Peer 1006 received the 'not interested' message from 1003.
2026-04-22 17:16:29,516 - Peer 1006 received the 'not interested' message from 1005.
2026-04-22 17:16:29,516 - Peer 1006 received the 'not interested' message from 1001.
2026-04-22 17:16:29,516 - Peer 1006 received the 'not interested' message from 1004.
2026-04-22 17:16:29,517 - Peer 1006 received the 'not interested' message from 1002.
2026-04-22 17:16:29,517 - Peer 1006 received the 'not interested' message from 1003.
2026-04-22 17:16:29,517 - Peer 1006 received the 'not interested' message from 1005.
2026-04-22 17:16:29,517 - Peer 1006 received the 'not interested' message from 1001.
2026-04-22 17:16:29,519 - Peer 1006 received the 'not interested' message from 1003.
2026-04-22 17:16:29,519 - Peer 1006 received the 'not interested' message from 1005.
2026-04-22 17:16:29,519 - Peer 1006 received the 'not interested' message from 1001.
2026-04-22 17:16:29,519 - Peer 1006 has downloaded the piece 91 from 1004. Now the number of pieces it has is 1256.
2026-04-22 17:16:29,520 - Peer 1006 received the 'not interested' message from 1005.
2026-04-22 17:16:29,520 - Peer 1006 received the 'not interested' message from 1003.
2026-04-22 17:16:29,520 - Peer 1006 has downloaded the piece 1040 from 1002. Now the number of pieces it has is 1257.
2026-04-22 17:16:29,523 - Peer 1006 has downloaded the piece 1404 from 1001. Now the number of pieces it has is 1258.
2026-04-22 17:16:29,524 - Peer 1006 has downloaded the piece 1500 from 1005. Now the number of pieces it has is 1259.
2026-04-22 17:16:29,526 - Peer 1006 has downloaded the piece 1387 from 1003. Now the number of pieces it has is 1260.
2026-04-22 17:16:29,531 - Peer 1006 received the 'not interested' message from 1003.
2026-04-22 17:16:29,533 - Peer 1006 received the 'not interested' message from 1004.
2026-04-22 17:16:29,534 - Peer 1006 received the 'not interested' message from 1005.
2026-04-22 17:16:29,534 - Peer 1006 received the 'not interested' message from 1001.
2026-04-22 17:16:29,534 - Peer 1006 received the 'not interested' message from 1002.
2026-04-22 17:16:29,534 - Peer 1006 received the 'not interested' message from 1004.
2026-04-22 17:16:29,535 - Peer 1006 received the 'not interested' message from 1005.
2026-04-22 17:16:29,535 - Peer 1006 received the 'not interested' message from 1001.
2026-04-22 17:16:29,536 - Peer 1006 received the 'not interested' message from 1002.
2026-04-22 17:16:29,536 - Peer 1006 received the 'not interested' message from 1004.
2026-04-22 17:16:29,536 - Peer 1006 received the 'not interested' message from 1001.
2026-04-22 17:16:29,536 - Peer 1006 received the 'not interested' message from 1005.
2026-04-22 17:16:29,537 - Peer 1006 received the 'not interested' message from 1002.
2026-04-22 17:16:29,537 - Peer 1006 received the 'not interested' message from 1001.
2026-04-22 17:16:29,537 - Peer 1006 received the 'not interested' message from 1005.
2026-04-22 17:16:29,537 - Peer 1006 received the 'not interested' message from 1002.
2026-04-22 17:16:29,537 - Peer 1006 received the 'not interested' message from 1001.
2026-04-22 17:16:29,539 - Peer 1006 received the 'not interested' message from 1002.
2026-04-22 17:16:29,539 - Peer 1006 received the 'not interested' message from 1004.
2026-04-22 17:16:29,539 - Peer 1006 received the 'not interested' message from 1003.
2026-04-22 17:16:29,539 - Peer 1006 received the 'not interested' message from 1004.
2026-04-22 17:16:29,539 - Peer 1006 received the 'not interested' message from 1003.
2026-04-22 17:16:29,540 - Peer 1006 has downloaded the piece 298 from 1005. Now the number of pieces it has is 1261.
2026-04-22 17:16:29,541 - Peer 1006 has downloaded the piece 69 from 1001. Now the number of pieces it has is 1262.
2026-04-22 17:16:29,541 - Peer 1006 has downloaded the piece 830 from 1002. Now the number of pieces it has is 1263.
2026-04-22 17:16:29,544 - Peer 1006 received the 'not interested' message from 1003.
2026-04-22 17:16:29,545 - Peer 1006 received the 'not interested' message from 1004.
2026-04-22 17:16:29,545 - Peer 1006 received the 'not interested' message from 1001.
2026-04-22 17:16:29,545 - Peer 1006 received the 'not interested' message from 1005.
2026-04-22 17:16:29,546 - Peer 1006 received the 'not interested' message from 1002.
2026-04-22 17:16:29,546 - Peer 1006 received the 'not interested' message from 1001.
2026-04-22 17:16:29,546 - Peer 1006 received the 'not interested' message from 1005.
2026-04-22 17:16:29,546 - Peer 1006 received the 'not interested' message from 1002.
2026-04-22 17:16:29,546 - Peer 1006 received the 'not interested' message from 1001.
2026-04-22 17:16:29,548 - Peer 1006 received the 'not interested' message from 1002.
2026-04-22 17:16:29,548 - Peer 1006 received the 'not interested' message from 1004.
2026-04-22 17:16:29,548 - Peer 1006 received the 'not interested' message from 1003.
2026-04-22 17:16:29,548 - Peer 1006 received the 'not interested' message from 1004.
2026-04-22 17:16:29,548 - Peer 1006 has downloaded the piece 1274 from 1001. Now the number of pieces it has is 1264.
2026-04-22 17:16:29,549 - Peer 1006 received the 'not interested' message from 1003.
2026-04-22 17:16:29,549 - Peer 1006 received the 'not interested' message from 1004.
2026-04-22 17:16:29,549 - Peer 1006 received the 'not interested' message from 1003.
2026-04-22 17:16:29,551 - Peer 1006 has downloaded the piece 273 from 1002. Now the number of pieces it has is 1265.
2026-04-22 17:16:29,551 - Peer 1006 received the 'not interested' message from 1003.
2026-04-22 17:16:29,552 - Peer 1006 has downloaded the piece 1232 from 1004. Now the number of pieces it has is 1266.
2026-04-22 17:16:29,553 - Peer 1006 received the 'not interested' message from 1005.
2026-04-22 17:16:29,554 - Peer 1006 has downloaded the piece 667 from 1003. Now the number of pieces it has is 1267.
2026-04-22 17:16:29,555 - Peer 1006 received the 'not interested' message from 1005.
2026-04-22 17:16:29,557 - Peer 1006 has downloaded the piece 1341 from 1005. Now the number of pieces it has is 1268.
2026-04-22 17:16:29,562 - Peer 1006 received the 'not interested' message from 1001.
2026-04-22 17:16:29,562 - Peer 1006 received the 'not interested' message from 1004.
2026-04-22 17:16:29,562 - Peer 1006 received the 'not interested' message from 1001.
2026-04-22 17:16:29,564 - Peer 1006 received the 'not interested' message from 1002.
2026-04-22 17:16:29,564 - Peer 1006 received the 'not interested' message from 1003.
2026-04-22 17:16:29,564 - Peer 1006 received the 'not interested' message from 1001.
2026-04-22 17:16:29,565 - Peer 1006 received the 'not interested' message from 1002.
2026-04-22 17:16:29,565 - Peer 1006 received the 'not interested' message from 1005.
2026-04-22 17:16:29,565 - Peer 1006 received the 'not interested' message from 1003.
2026-04-22 17:16:29,566 - Peer 1006 received the 'not interested' message from 1001.
2026-04-22 17:16:29,566 - Peer 1006 received the 'not interested' message from 1002.
2026-04-22 17:16:29,566 - Peer 1006 received the 'not interested' message from 1005.
2026-04-22 17:16:29,566 - Peer 1006 received the 'not interested' message from 1003.
2026-04-22 17:16:29,566 - Peer 1006 received the 'not interested' message from 1001.
2026-04-22 17:16:29,566 - Peer 1006 received the 'not interested' message from 1002.
2026-04-22 17:16:29,566 - Peer 1006 received the 'not interested' message from 1005.
2026-04-22 17:16:29,568 - Peer 1006 received the 'not interested' message from 1002.
2026-04-22 17:16:29,568 - Peer 1006 received the 'not interested' message from 1005.
2026-04-22 17:16:29,568 - Peer 1006 received the 'not interested' message from 1005.
2026-04-22 17:16:29,569 - Peer 1006 has downloaded the piece 341 from 1001. Now the number of pieces it has is 1269.
2026-04-22 17:16:29,569 - Peer 1006 has downloaded the piece 399 from 1002. Now the number of pieces it has is 1270.
2026-04-22 17:16:29,571 - Peer 1006 has downloaded the piece 877 from 1005. Now the number of pieces it has is 1271.
2026-04-22 17:16:29,572 - Peer 1006 received the 'not interested' message from 1003.
2026-04-22 17:16:29,576 - Peer 1006 received the 'not interested' message from 1002.
2026-04-22 17:16:29,576 - Peer 1006 received the 'not interested' message from 1001.
2026-04-22 17:16:29,576 - Peer 1006 received the 'not interested' message from 1005.
2026-04-22 17:16:29,576 - Peer 1006 received the 'not interested' message from 1002.
2026-04-22 17:16:29,576 - Peer 1006 received the 'not interested' message from 1001.
2026-04-22 17:16:29,576 - Peer 1006 received the 'not interested' message from 1005.
2026-04-22 17:16:29,577 - Peer 1006 received the 'not interested' message from 1002.
2026-04-22 17:16:29,577 - Peer 1006 received the 'not interested' message from 1001.
2026-04-22 17:16:29,577 - Peer 1006 received the 'not interested' message from 1005.
2026-04-22 17:16:29,577 - Peer 1006 received the 'not interested' message from 1003.
2026-04-22 17:16:29,578 - Peer 1006 received the 'not interested' message from 1003.
2026-04-22 17:16:29,578 - Peer 1006 has downloaded the piece 331 from 1002. Now the number of pieces it has is 1272.
2026-04-22 17:16:29,579 - Peer 1006 received the 'not interested' message from 1003.
2026-04-22 17:16:29,579 - Peer 1006 has downloaded the piece 1271 from 1001. Now the number of pieces it has is 1273.
2026-04-22 17:16:29,581 - Peer 1006 has downloaded the piece 634 from 1005. Now the number of pieces it has is 1274.
2026-04-22 17:16:29,582 - Peer 1006 has downloaded the piece 575 from 1003. Now the number of pieces it has is 1275.
2026-04-22 17:16:29,587 - Peer 1006 received the 'not interested' message from 1005.
2026-04-22 17:16:29,587 - Peer 1006 received the 'not interested' message from 1002.
2026-04-22 17:16:29,587 - Peer 1006 received the 'not interested' message from 1001.
2026-04-22 17:16:29,587 - Peer 1006 received the 'not interested' message from 1005.
2026-04-22 17:16:29,589 - Peer 1006 received the 'not interested' message from 1001.
2026-04-22 17:16:29,589 - Peer 1006 received the 'not interested' message from 1002.
2026-04-22 17:16:29,589 - Peer 1006 received the 'not interested' message from 1003.
2026-04-22 17:16:29,589 - Peer 1006 received the 'not interested' message from 1005.
2026-04-22 17:16:29,589 - Peer 1006 received the 'not interested' message from 1001.
2026-04-22 17:16:29,589 - Peer 1006 received the 'not interested' message from 1002.
2026-04-22 17:16:29,590 - Peer 1006 received the 'not interested' message from 1003.
2026-04-22 17:16:29,591 - Peer 1006 received the 'not interested' message from 1005.
2026-04-22 17:16:29,591 - Peer 1006 received the 'not interested' message from 1001.
2026-04-22 17:16:29,591 - Peer 1006 received the 'not interested' message from 1002.
2026-04-22 17:16:29,592 - Peer 1006 received the 'not interested' message from 1003.
2026-04-22 17:16:29,592 - Peer 1006 received the 'not interested' message from 1003.
2026-04-22 17:16:29,593 - Peer 1006 has downloaded the piece 167 from 1005. Now the number of pieces it has is 1276.
2026-04-22 17:16:29,594 - Peer 1006 received the 'not interested' message from 1003.
2026-04-22 17:16:29,594 - Peer 1006 has downloaded the piece 837 from 1001. Now the number of pieces it has is 1277.
2026-04-22 17:16:29,595 - Peer 1006 has downloaded the piece 672 from 1002. Now the number of pieces it has is 1278.
2026-04-22 17:16:29,599 - Peer 1006 received the 'not interested' message from 1005.
2026-04-22 17:16:29,599 - Peer 1006 received the 'not interested' message from 1001.
2026-04-22 17:16:29,599 - Peer 1006 received the 'not interested' message from 1002.
2026-04-22 17:16:29,600 - Peer 1006 received the 'not interested' message from 1005.
2026-04-22 17:16:29,601 - Peer 1006 received the 'not interested' message from 1001.
2026-04-22 17:16:29,601 - Peer 1006 received the 'not interested' message from 1002.
2026-04-22 17:16:29,601 - Peer 1006 received the 'not interested' message from 1005.
2026-04-22 17:16:29,601 - Peer 1006 received the 'not interested' message from 1001.
2026-04-22 17:16:29,601 - Peer 1006 received the 'not interested' message from 1002.
2026-04-22 17:16:29,602 - Peer 1006 has downloaded the piece 136 from 1005. Now the number of pieces it has is 1279.
2026-04-22 17:16:29,603 - Peer 1006 has downloaded the piece 375 from 1001. Now the number of pieces it has is 1280.
2026-04-22 17:16:29,604 - Peer 1006 has downloaded the piece 237 from 1002. Now the number of pieces it has is 1281.
2026-04-22 17:16:29,609 - Peer 1006 received the 'not interested' message from 1003.
2026-04-22 17:16:29,609 - Peer 1006 received the 'not interested' message from 1001.
2026-04-22 17:16:29,609 - Peer 1006 received the 'not interested' message from 1003.
2026-04-22 17:16:29,609 - Peer 1006 received the 'not interested' message from 1005.
2026-04-22 17:16:29,610 - Peer 1006 received the 'not interested' message from 1001.
2026-04-22 17:16:29,611 - Peer 1006 received the 'not interested' message from 1003.
2026-04-22 17:16:29,611 - Peer 1006 received the 'not interested' message from 1005.
2026-04-22 17:16:29,611 - Peer 1006 received the 'not interested' message from 1002.
2026-04-22 17:16:29,612 - Peer 1006 received the 'not interested' message from 1001.
2026-04-22 17:16:29,612 - Peer 1006 received the 'not interested' message from 1005.
2026-04-22 17:16:29,613 - Peer 1006 received the 'not interested' message from 1004.
2026-04-22 17:16:29,613 - Peer 1006 received the 'not interested' message from 1002.
2026-04-22 17:16:29,613 - Peer 1006 received the 'not interested' message from 1004.
2026-04-22 17:16:29,614 - Peer 1006 has downloaded the piece 1186 from 1003. Now the number of pieces it has is 1282.
2026-04-22 17:16:29,614 - Peer 1006 received the 'not interested' message from 1002.
2026-04-22 17:16:29,615 - Peer 1006 received the 'not interested' message from 1004.
2026-04-22 17:16:29,615 - Peer 1006 has downloaded the piece 1326 from 1005. Now the number of pieces it has is 1283.
2026-04-22 17:16:29,616 - Peer 1006 has downloaded the piece 725 from 1001. Now the number of pieces it has is 1284.
2026-04-22 17:16:29,618 - Peer 1006 has downloaded the piece 1035 from 1002. Now the number of pieces it has is 1285.
2026-04-22 17:16:29,618 - Peer 1006 received the 'not interested' message from 1004.
2026-04-22 17:16:29,622 - Peer 1006 received the 'not interested' message from 1003.
2026-04-22 17:16:29,622 - Peer 1006 received the 'not interested' message from 1005.
2026-04-22 17:16:29,623 - Peer 1006 received the 'not interested' message from 1001.
2026-04-22 17:16:29,623 - Peer 1006 received the 'not interested' message from 1004.
2026-04-22 17:16:29,623 - Peer 1006 received the 'not interested' message from 1005.
2026-04-22 17:16:29,624 - Peer 1006 received the 'not interested' message from 1001.
2026-04-22 17:16:29,624 - Peer 1006 received the 'not interested' message from 1004.
2026-04-22 17:16:29,625 - Peer 1006 received the 'not interested' message from 1005.
2026-04-22 17:16:29,626 - Peer 1006 received the 'not interested' message from 1001.
2026-04-22 17:16:29,626 - Peer 1006 received the 'not interested' message from 1003.
2026-04-22 17:16:29,626 - Peer 1006 received the 'not interested' message from 1004.
2026-04-22 17:16:29,626 - Peer 1006 received the 'not interested' message from 1002.
2026-04-22 17:16:29,627 - Peer 1006 received the 'not interested' message from 1001.
2026-04-22 17:16:29,627 - Peer 1006 received the 'not interested' message from 1003.
2026-04-22 17:16:29,628 - Peer 1006 received the 'not interested' message from 1002.
2026-04-22 17:16:29,628 - Peer 1006 has downloaded the piece 59 from 1005. Now the number of pieces it has is 1286.
2026-04-22 17:16:29,628 - Peer 1006 received the 'not interested' message from 1003.
2026-04-22 17:16:29,628 - Peer 1006 received the 'not interested' message from 1002.
2026-04-22 17:16:29,629 - Peer 1006 received the 'not interested' message from 1003.
2026-04-22 17:16:29,629 - Peer 1006 has downloaded the piece 579 from 1004. Now the number of pieces it has is 1287.
2026-04-22 17:16:29,629 - Peer 1006 received the 'not interested' message from 1002.
2026-04-22 17:16:29,629 - Peer 1006 received the 'not interested' message from 1003.
2026-04-22 17:16:29,631 - Peer 1006 received the 'not interested' message from 1003.
2026-04-22 17:16:29,631 - Peer 1006 has downloaded the piece 1350 from 1001. Now the number of pieces it has is 1288.
2026-04-22 17:16:29,633 - Peer 1006 has downloaded the piece 61 from 1002. Now the number of pieces it has is 1289.
2026-04-22 17:16:29,634 - Peer 1006 received the 'not interested' message from 1003.
2026-04-22 17:16:29,637 - Peer 1006 received the 'not interested' message from 1003.
2026-04-22 17:16:29,637 - Peer 1006 received the 'not interested' message from 1004.
2026-04-22 17:16:29,639 - Peer 1006 received the 'not interested' message from 1004.
2026-04-22 17:16:29,639 - Peer 1006 received the 'not interested' message from 1001.
2026-04-22 17:16:29,640 - Peer 1006 received the 'not interested' message from 1004.
2026-04-22 17:16:29,640 - Peer 1006 received the 'not interested' message from 1005.
2026-04-22 17:16:29,641 - Peer 1006 has downloaded the piece 783 from 1003. Now the number of pieces it has is 1290.
2026-04-22 17:16:29,641 - Peer 1006 received the 'not interested' message from 1001.
2026-04-22 17:16:29,642 - Peer 1006 received the 'not interested' message from 1004.
2026-04-22 17:16:29,643 - Peer 1006 received the 'not interested' message from 1004.
2026-04-22 17:16:29,643 - Peer 1006 received the 'not interested' message from 1002.
2026-04-22 17:16:29,644 - Peer 1006 received the 'not interested' message from 1001.
2026-04-22 17:16:29,644 - Peer 1006 received the 'not interested' message from 1001.
2026-04-22 17:16:29,645 - Peer 1006 received the 'not interested' message from 1004.
2026-04-22 17:16:29,645 - Peer 1006 received the 'not interested' message from 1002.
2026-04-22 17:16:29,645 - Peer 1006 received the 'not interested' message from 1003.
2026-04-22 17:16:29,646 - Peer 1006 received the 'not interested' message from 1005.
2026-04-22 17:16:29,646 - Peer 1006 received the 'not interested' message from 1004.
2026-04-22 17:16:29,647 - Peer 1006 received the 'not interested' message from 1002.
2026-04-22 17:16:29,647 - Peer 1006 received the 'not interested' message from 1003.
2026-04-22 17:16:29,647 - Peer 1006 received the 'not interested' message from 1005.
2026-04-22 17:16:29,647 - Peer 1006 received the 'not interested' message from 1004.
2026-04-22 17:16:29,649 - Peer 1006 has downloaded the piece 477 from 1001. Now the number of pieces it has is 1291.
2026-04-22 17:16:29,649 - Peer 1006 received the 'not interested' message from 1002.
2026-04-22 17:16:29,650 - Peer 1006 received the 'not interested' message from 1003.
2026-04-22 17:16:29,651 - Peer 1006 received the 'not interested' message from 1004.
2026-04-22 17:16:29,651 - Peer 1006 has downloaded the piece 823 from 1005. Now the number of pieces it has is 1292.
2026-04-22 17:16:29,651 - Peer 1006 received the 'not interested' message from 1003.
2026-04-22 17:16:29,652 - Peer 1006 received the 'not interested' message from 1004.
2026-04-22 17:16:29,652 - Peer 1006 has downloaded the piece 574 from 1002. Now the number of pieces it has is 1293.
2026-04-22 17:16:29,653 - Peer 1006 received the 'not interested' message from 1003.
2026-04-22 17:16:29,653 - Peer 1006 received the 'not interested' message from 1004.
2026-04-22 17:16:29,654 - Peer 1006 received the 'not interested' message from 1003.
2026-04-22 17:16:29,656 - Peer 1006 has downloaded the piece 1168 from 1003. Now the number of pieces it has is 1294.
2026-04-22 17:16:29,657 - Peer 1006 received the 'not interested' message from 1001.
2026-04-22 17:16:29,657 - Peer 1006 received the 'not interested' message from 1001.
2026-04-22 17:16:29,657 - Peer 1006 received the 'not interested' message from 1002.
2026-04-22 17:16:29,659 - Peer 1006 received the 'not interested' message from 1001.
2026-04-22 17:16:29,659 - Peer 1006 received the 'not interested' message from 1005.
2026-04-22 17:16:29,659 - Peer 1006 received the 'not interested' message from 1001.
2026-04-22 17:16:29,660 - Peer 1006 received the 'not interested' message from 1002.
2026-04-22 17:16:29,660 - Peer 1006 received the 'not interested' message from 1005.
2026-04-22 17:16:29,661 - Peer 1006 received the 'not interested' message from 1002.
2026-04-22 17:16:29,661 - Peer 1006 received the 'not interested' message from 1005.
2026-04-22 17:16:29,661 - Peer 1006 received the 'not interested' message from 1003.
2026-04-22 17:16:29,661 - Peer 1006 received the 'not interested' message from 1002.
2026-04-22 17:16:29,663 - Peer 1006 has downloaded the piece 961 from 1001. Now the number of pieces it has is 1295.
2026-04-22 17:16:29,663 - Peer 1006 received the 'not interested' message from 1005.
2026-04-22 17:16:29,664 - Peer 1006 received the 'not interested' message from 1005.
2026-04-22 17:16:29,664 - Peer 1006 has downloaded the piece 1095 from 1002. Now the number of pieces it has is 1296.
2026-04-22 17:16:29,664 - Peer 1006 received the 'not interested' message from 1005.
2026-04-22 17:16:29,666 - Peer 1006 has downloaded the piece 1419 from 1005. Now the number of pieces it has is 1297.
2026-04-22 17:16:29,667 - Peer 1006 received the 'not interested' message from 1001.
2026-04-22 17:16:29,669 - Peer 1006 received the 'not interested' message from 1002.
2026-04-22 17:16:29,669 - Peer 1006 received the 'not interested' message from 1001.
2026-04-22 17:16:29,669 - Peer 1006 received the 'not interested' message from 1002.
2026-04-22 17:16:29,671 - Peer 1006 received the 'not interested' message from 1001.
2026-04-22 17:16:29,671 - Peer 1006 received the 'not interested' message from 1002.
2026-04-22 17:16:29,671 - Peer 1006 received the 'not interested' message from 1005.
2026-04-22 17:16:29,671 - Peer 1006 received the 'not interested' message from 1001.
2026-04-22 17:16:29,672 - Peer 1006 received the 'not interested' message from 1005.
2026-04-22 17:16:29,672 - Peer 1006 received the 'not interested' message from 1002.
2026-04-22 17:16:29,673 - Peer 1006 received the 'not interested' message from 1005.
2026-04-22 17:16:29,673 - Peer 1006 received the 'not interested' message from 1005.
2026-04-22 17:16:29,673 - Peer 1006 has downloaded the piece 550 from 1001. Now the number of pieces it has is 1298.
2026-04-22 17:16:29,673 - Peer 1006 has downloaded the piece 311 from 1002. Now the number of pieces it has is 1299.
2026-04-22 17:16:29,675 - Peer 1006 has downloaded the piece 133 from 1005. Now the number of pieces it has is 1300.
2026-04-22 17:16:29,676 - Peer 1006 received the 'not interested' message from 1003.
2026-04-22 17:16:29,677 - Peer 1006 received the 'not interested' message from 1003.
2026-04-22 17:16:29,679 - Peer 1006 received the 'not interested' message from 1003.
2026-04-22 17:16:29,679 - Peer 1006 received the 'not interested' message from 1002.
2026-04-22 17:16:29,680 - Peer 1006 received the 'not interested' message from 1004.
2026-04-22 17:16:29,680 - Peer 1006 received the 'not interested' message from 1002.
2026-04-22 17:16:29,681 - Peer 1006 received the 'not interested' message from 1004.
2026-04-22 17:16:29,681 - Peer 1006 received the 'not interested' message from 1001.
2026-04-22 17:16:29,681 - Peer 1006 has downloaded the piece 1582 from 1003. Now the number of pieces it has is 1301.
2026-04-22 17:16:29,681 - Peer 1006 received the 'not interested' message from 1002.
2026-04-22 17:16:29,682 - Peer 1006 received the 'not interested' message from 1004.
2026-04-22 17:16:29,684 - Peer 1006 received the 'not interested' message from 1001.
2026-04-22 17:16:29,685 - Peer 1006 received the 'not interested' message from 1005.
2026-04-22 17:16:29,685 - Peer 1006 received the 'not interested' message from 1003.
2026-04-22 17:16:29,685 - Peer 1006 received the 'not interested' message from 1004.
2026-04-22 17:16:29,686 - Peer 1006 received the 'not interested' message from 1001.
2026-04-22 17:16:29,686 - Peer 1006 received the 'not interested' message from 1005.
2026-04-22 17:16:29,686 - Peer 1006 received the 'not interested' message from 1003.
2026-04-22 17:16:29,686 - Peer 1006 has downloaded the piece 845 from 1002. Now the number of pieces it has is 1302.
2026-04-22 17:16:29,686 - Peer 1006 received the 'not interested' message from 1004.
2026-04-22 17:16:29,687 - Peer 1006 received the 'not interested' message from 1005.
2026-04-22 17:16:29,687 - Peer 1006 received the 'not interested' message from 1003.
2026-04-22 17:16:29,687 - Peer 1006 has downloaded the piece 1476 from 1001. Now the number of pieces it has is 1303.
2026-04-22 17:16:29,689 - Peer 1006 received the 'not interested' message from 1004.
2026-04-22 17:16:29,689 - Peer 1006 received the 'not interested' message from 1005.
2026-04-22 17:16:29,691 - Peer 1006 received the 'not interested' message from 1004.
2026-04-22 17:16:29,692 - Peer 1006 received the 'not interested' message from 1004.
2026-04-22 17:16:29,693 - Peer 1006 received the 'not interested' message from 1001.
2026-04-22 17:16:29,693 - Peer 1006 received the 'not interested' message from 1002.
2026-04-22 17:16:29,693 - Peer 1006 received the 'not interested' message from 1004.
2026-04-22 17:16:29,693 - Peer 1006 received the 'not interested' message from 1003.
2026-04-22 17:16:29,693 - Peer 1006 received the 'not interested' message from 1001.
2026-04-22 17:16:29,694 - Peer 1006 has downloaded the piece 716 from 1005. Now the number of pieces it has is 1304.
2026-04-22 17:16:29,694 - Peer 1006 received the 'not interested' message from 1002.
2026-04-22 17:16:29,695 - Peer 1006 received the 'not interested' message from 1003.
2026-04-22 17:16:29,695 - Peer 1006 received the 'not interested' message from 1001.
2026-04-22 17:16:29,695 - Peer 1006 has downloaded the piece 436 from 1004. Now the number of pieces it has is 1305.
2026-04-22 17:16:29,695 - Peer 1006 received the 'not interested' message from 1002.
2026-04-22 17:16:29,697 - Peer 1006 has downloaded the piece 561 from 1001. Now the number of pieces it has is 1306.
2026-04-22 17:16:29,698 - Peer 1006 has downloaded the piece 1371 from 1002. Now the number of pieces it has is 1307.
2026-04-22 17:16:29,700 - Peer 1006 received the 'not interested' message from 1003.
2026-04-22 17:16:29,701 - Peer 1006 received the 'not interested' message from 1004.
2026-04-22 17:16:29,701 - Peer 1006 received the 'not interested' message from 1003.
2026-04-22 17:16:29,702 - Peer 1006 received the 'not interested' message from 1002.
2026-04-22 17:16:29,703 - Peer 1006 received the 'not interested' message from 1004.
2026-04-22 17:16:29,703 - Peer 1006 received the 'not interested' message from 1005.
2026-04-22 17:16:29,703 - Peer 1006 received the 'not interested' message from 1001.
2026-04-22 17:16:29,703 - Peer 1006 received the 'not interested' message from 1002.
2026-04-22 17:16:29,704 - Peer 1006 received the 'not interested' message from 1004.
2026-04-22 17:16:29,704 - Peer 1006 received the 'not interested' message from 1005.
2026-04-22 17:16:29,704 - Peer 1006 received the 'not interested' message from 1001.
2026-04-22 17:16:29,704 - Peer 1006 received the 'not interested' message from 1002.
2026-04-22 17:16:29,705 - Peer 1006 received the 'not interested' message from 1004.
2026-04-22 17:16:29,705 - Peer 1006 has downloaded the piece 369 from 1003. Now the number of pieces it has is 1308.
2026-04-22 17:16:29,705 - Peer 1006 received the 'not interested' message from 1005.
2026-04-22 17:16:29,706 - Peer 1006 received the 'not interested' message from 1001.
2026-04-22 17:16:29,706 - Peer 1006 received the 'not interested' message from 1002.
2026-04-22 17:16:29,706 - Peer 1006 received the 'not interested' message from 1004.
2026-04-22 17:16:29,707 - Peer 1006 received the 'not interested' message from 1005.
2026-04-22 17:16:29,707 - Peer 1006 received the 'not interested' message from 1001.
2026-04-22 17:16:29,709 - Peer 1006 received the 'not interested' message from 1004.
2026-04-22 17:16:29,709 - Peer 1006 received the 'not interested' message from 1005.
2026-04-22 17:16:29,709 - Peer 1006 received the 'not interested' message from 1004.
2026-04-22 17:16:29,709 - Peer 1006 received the 'not interested' message from 1005.
2026-04-22 17:16:29,709 - Peer 1006 received the 'not interested' message from 1004.
2026-04-22 17:16:29,711 - Peer 1006 has downloaded the piece 1072 from 1002. Now the number of pieces it has is 1309.
2026-04-22 17:16:29,711 - Peer 1006 received the 'not interested' message from 1004.
2026-04-22 17:16:29,712 - Peer 1006 received the 'not interested' message from 1003.
2026-04-22 17:16:29,712 - Peer 1006 received the 'not interested' message from 1004.
2026-04-22 17:16:29,712 - Peer 1006 received the 'not interested' message from 1003.
2026-04-22 17:16:29,713 - Peer 1006 received the 'not interested' message from 1004.
2026-04-22 17:16:29,713 - Peer 1006 has downloaded the piece 166 from 1005. Now the number of pieces it has is 1310.
2026-04-22 17:16:29,713 - Peer 1006 received the 'not interested' message from 1004.
2026-04-22 17:16:29,714 - Peer 1006 received the 'not interested' message from 1004.
2026-04-22 17:16:29,714 - Peer 1006 received the 'not interested' message from 1004.
2026-04-22 17:16:29,714 - Peer 1006 has downloaded the piece 1580 from 1001. Now the number of pieces it has is 1311.
2026-04-22 17:16:29,715 - Peer 1006 received the 'not interested' message from 1004.
2026-04-22 17:16:29,716 - Peer 1006 received the 'not interested' message from 1004.
2026-04-22 17:16:29,718 - Peer 1006 received the 'not interested' message from 1004.
2026-04-22 17:16:29,718 - Peer 1006 received the 'not interested' message from 1004.
2026-04-22 17:16:29,719 - Peer 1006 received the 'not interested' message from 1002.
2026-04-22 17:16:29,721 - Peer 1006 received the 'not interested' message from 1002.
2026-04-22 17:16:29,721 - Peer 1006 received the 'not interested' message from 1002.
2026-04-22 17:16:29,722 - Peer 1006 received the 'not interested' message from 1002.
2026-04-22 17:16:29,722 - Peer 1006 has downloaded the piece 1133 from 1004. Now the number of pieces it has is 1312.
2026-04-22 17:16:29,723 - Peer 1006 received the 'not interested' message from 1001.
2026-04-22 17:16:29,723 - Peer 1006 received the 'not interested' message from 1001.
2026-04-22 17:16:29,724 - Peer 1006 has downloaded the piece 1087 from 1002. Now the number of pieces it has is 1313.
2026-04-22 17:16:29,725 - Peer 1006 received the 'not interested' message from 1005.
2026-04-22 17:16:29,725 - Peer 1006 received the 'not interested' message from 1001.
2026-04-22 17:16:29,726 - Peer 1006 received the 'not interested' message from 1005.
2026-04-22 17:16:29,727 - Peer 1006 received the 'not interested' message from 1001.
2026-04-22 17:16:29,727 - Peer 1006 received the 'not interested' message from 1005.
2026-04-22 17:16:29,728 - Peer 1006 received the 'not interested' message from 1004.
2026-04-22 17:16:29,728 - Peer 1006 received the 'not interested' message from 1005.
2026-04-22 17:16:29,729 - Peer 1006 received the 'not interested' message from 1004.
2026-04-22 17:16:29,729 - Peer 1006 has downloaded the piece 252 from 1001. Now the number of pieces it has is 1314.
2026-04-22 17:16:29,729 - Peer 1006 received the 'not interested' message from 1004.
2026-04-22 17:16:29,731 - Peer 1006 received the 'not interested' message from 1002.
2026-04-22 17:16:29,731 - Peer 1006 received the 'not interested' message from 1004.
2026-04-22 17:16:29,732 - Peer 1006 has downloaded the piece 11 from 1005. Now the number of pieces it has is 1315.
2026-04-22 17:16:29,732 - Peer 1006 received the 'not interested' message from 1002.
2026-04-22 17:16:29,733 - Peer 1006 received the 'not interested' message from 1004.
2026-04-22 17:16:29,734 - Peer 1006 received the 'not interested' message from 1004.
2026-04-22 17:16:29,736 - Peer 1006 has downloaded the piece 535 from 1002. Now the number of pieces it has is 1316.
2026-04-22 17:16:29,737 - Peer 1006 received the 'not interested' message from 1001.
2026-04-22 17:16:29,738 - Peer 1006 received the 'not interested' message from 1004.
2026-04-22 17:16:29,738 - Peer 1006 received the 'not interested' message from 1001.
2026-04-22 17:16:29,739 - Peer 1006 received the 'not interested' message from 1001.
2026-04-22 17:16:29,741 - Peer 1006 received the 'not interested' message from 1005.
2026-04-22 17:16:29,741 - Peer 1006 received the 'not interested' message from 1002.
2026-04-22 17:16:29,741 - Peer 1006 received the 'not interested' message from 1001.
2026-04-22 17:16:29,742 - Peer 1006 received the 'not interested' message from 1005.
2026-04-22 17:16:29,742 - Peer 1006 has downloaded the piece 1345 from 1004. Now the number of pieces it has is 1317.
2026-04-22 17:16:29,742 - Peer 1006 received the 'not interested' message from 1002.
2026-04-22 17:16:29,743 - Peer 1006 received the 'not interested' message from 1001.
2026-04-22 17:16:29,743 - Peer 1006 received the 'not interested' message from 1005.
2026-04-22 17:16:29,744 - Peer 1006 received the 'not interested' message from 1002.
2026-04-22 17:16:29,745 - Peer 1006 received the 'not interested' message from 1005.
2026-04-22 17:16:29,746 - Peer 1006 received the 'not interested' message from 1005.
2026-04-22 17:16:29,746 - Peer 1006 has downloaded the piece 954 from 1001. Now the number of pieces it has is 1318.
2026-04-22 17:16:29,747 - Peer 1006 has downloaded the piece 1219 from 1002. Now the number of pieces it has is 1319.
2026-04-22 17:16:29,747 - Peer 1006 has downloaded the piece 245 from 1005. Now the number of pieces it has is 1320.
2026-04-22 17:16:29,749 - Peer 1006 received the 'not interested' message from 1004.
2026-04-22 17:16:29,751 - Peer 1006 received the 'not interested' message from 1002.
2026-04-22 17:16:29,751 - Peer 1006 received the 'not interested' message from 1004.
2026-04-22 17:16:29,752 - Peer 1006 received the 'not interested' message from 1003.
2026-04-22 17:16:29,753 - Peer 1006 received the 'not interested' message from 1002.
2026-04-22 17:16:29,754 - Peer 1006 received the 'not interested' message from 1004.
2026-04-22 17:16:29,754 - Peer 1006 received the 'not interested' message from 1001.
2026-04-22 17:16:29,755 - Peer 1006 received the 'not interested' message from 1003.
2026-04-22 17:16:29,755 - Peer 1006 received the 'not interested' message from 1005.
2026-04-22 17:16:29,755 - Peer 1006 received the 'not interested' message from 1002.
2026-04-22 17:16:29,756 - Peer 1006 received the 'not interested' message from 1004.
2026-04-22 17:16:29,756 - Peer 1006 received the 'not interested' message from 1001.
2026-04-22 17:16:29,756 - Peer 1006 received the 'not interested' message from 1003.
2026-04-22 17:16:29,756 - Peer 1006 received the 'not interested' message from 1005.
2026-04-22 17:16:29,757 - Peer 1006 received the 'not interested' message from 1003.
2026-04-22 17:16:29,757 - Peer 1006 received the 'not interested' message from 1004.
2026-04-22 17:16:29,757 - Peer 1006 received the 'not interested' message from 1001.
2026-04-22 17:16:29,758 - Peer 1006 received the 'not interested' message from 1005.
2026-04-22 17:16:29,758 - Peer 1006 received the 'not interested' message from 1003.
2026-04-22 17:16:29,759 - Peer 1006 has downloaded the piece 1436 from 1002. Now the number of pieces it has is 1321.
2026-04-22 17:16:29,759 - Peer 1006 received the 'not interested' message from 1001.
2026-04-22 17:16:29,759 - Peer 1006 received the 'not interested' message from 1005.
2026-04-22 17:16:29,761 - Peer 1006 has downloaded the piece 433 from 1004. Now the number of pieces it has is 1322.
2026-04-22 17:16:29,762 - Peer 1006 has downloaded the piece 135 from 1003. Now the number of pieces it has is 1323.
2026-04-22 17:16:29,763 - Peer 1006 has downloaded the piece 111 from 1001. Now the number of pieces it has is 1324.
2026-04-22 17:16:29,764 - Peer 1006 has downloaded the piece 952 from 1005. Now the number of pieces it has is 1325.
2026-04-22 17:16:29,769 - Peer 1006 received the 'not interested' message from 1003.
2026-04-22 17:16:29,769 - Peer 1006 received the 'not interested' message from 1002.
2026-04-22 17:16:29,769 - Peer 1006 received the 'not interested' message from 1003.
2026-04-22 17:16:29,770 - Peer 1006 received the 'not interested' message from 1002.
2026-04-22 17:16:29,770 - Peer 1006 received the 'not interested' message from 1004.
2026-04-22 17:16:29,771 - Peer 1006 received the 'not interested' message from 1003.
2026-04-22 17:16:29,771 - Peer 1006 received the 'not interested' message from 1001.
2026-04-22 17:16:29,772 - Peer 1006 received the 'not interested' message from 1002.
2026-04-22 17:16:29,772 - Peer 1006 received the 'not interested' message from 1005.
2026-04-22 17:16:29,773 - Peer 1006 received the 'not interested' message from 1003.
2026-04-22 17:16:29,773 - Peer 1006 received the 'not interested' message from 1001.
2026-04-22 17:16:29,773 - Peer 1006 received the 'not interested' message from 1002.
2026-04-22 17:16:29,774 - Peer 1006 received the 'not interested' message from 1005.
2026-04-22 17:16:29,774 - Peer 1006 received the 'not interested' message from 1003.
2026-04-22 17:16:29,774 - Peer 1006 received the 'not interested' message from 1001.
2026-04-22 17:16:29,774 - Peer 1006 received the 'not interested' message from 1002.
2026-04-22 17:16:29,774 - Peer 1006 received the 'not interested' message from 1005.
2026-04-22 17:16:29,775 - Peer 1006 received the 'not interested' message from 1003.
2026-04-22 17:16:29,775 - Peer 1006 received the 'not interested' message from 1001.
2026-04-22 17:16:29,775 - Peer 1006 received the 'not interested' message from 1004.
2026-04-22 17:16:29,776 - Peer 1006 received the 'not interested' message from 1005.
2026-04-22 17:16:29,776 - Peer 1006 received the 'not interested' message from 1003.
2026-04-22 17:16:29,776 - Peer 1006 received the 'not interested' message from 1001.
2026-04-22 17:16:29,776 - Peer 1006 received the 'not interested' message from 1004.
2026-04-22 17:16:29,776 - Peer 1006 received the 'not interested' message from 1005.
2026-04-22 17:16:29,776 - Peer 1006 received the 'not interested' message from 1003.
2026-04-22 17:16:29,777 - Peer 1006 has downloaded the piece 48 from 1002. Now the number of pieces it has is 1326.
2026-04-22 17:16:29,777 - Peer 1006 received the 'not interested' message from 1003.
2026-04-22 17:16:29,777 - Peer 1006 has downloaded the piece 686 from 1001. Now the number of pieces it has is 1327.
2026-04-22 17:16:29,779 - Peer 1006 has downloaded the piece 349 from 1005. Now the number of pieces it has is 1328.
2026-04-22 17:16:29,779 - Peer 1006 received the 'not interested' message from 1004.
2026-04-22 17:16:29,783 - Peer 1006 received the 'not interested' message from 1004.
2026-04-22 17:16:29,784 - Peer 1006 received the 'not interested' message from 1002.
2026-04-22 17:16:29,784 - Peer 1006 received the 'not interested' message from 1001.
2026-04-22 17:16:29,784 - Peer 1006 received the 'not interested' message from 1004.
2026-04-22 17:16:29,785 - Peer 1006 received the 'not interested' message from 1002.
2026-04-22 17:16:29,785 - Peer 1006 received the 'not interested' message from 1005.
2026-04-22 17:16:29,785 - Peer 1006 received the 'not interested' message from 1001.
2026-04-22 17:16:29,785 - Peer 1006 received the 'not interested' message from 1004.
2026-04-22 17:16:29,786 - Peer 1006 received the 'not interested' message from 1002.
2026-04-22 17:16:29,786 - Peer 1006 received the 'not interested' message from 1005.
2026-04-22 17:16:29,786 - Peer 1006 received the 'not interested' message from 1001.
2026-04-22 17:16:29,786 - Peer 1006 received the 'not interested' message from 1002.
2026-04-22 17:16:29,788 - Peer 1006 received the 'not interested' message from 1005.
2026-04-22 17:16:29,788 - Peer 1006 has downloaded the piece 932 from 1004. Now the number of pieces it has is 1329.
2026-04-22 17:16:29,789 - Peer 1006 has downloaded the piece 867 from 1001. Now the number of pieces it has is 1330.
2026-04-22 17:16:29,789 - Peer 1006 has downloaded the piece 851 from 1005. Now the number of pieces it has is 1331.
2026-04-22 17:16:29,791 - Peer 1006 has downloaded the piece 1113 from 1002. Now the number of pieces it has is 1332.
2026-04-22 17:16:29,795 - Peer 1006 received the 'not interested' message from 1004.
2026-04-22 17:16:29,796 - Peer 1006 received the 'not interested' message from 1005.
2026-04-22 17:16:29,796 - Peer 1006 received the 'not interested' message from 1005.
2026-04-22 17:16:29,796 - Peer 1006 received the 'not interested' message from 1001.
2026-04-22 17:16:29,797 - Peer 1006 received the 'not interested' message from 1002.
2026-04-22 17:16:29,797 - Peer 1006 received the 'not interested' message from 1005.
2026-04-22 17:16:29,797 - Peer 1006 received the 'not interested' message from 1001.
2026-04-22 17:16:29,797 - Peer 1006 received the 'not interested' message from 1002.
2026-04-22 17:16:29,797 - Peer 1006 received the 'not interested' message from 1001.
2026-04-22 17:16:29,797 - Peer 1006 received the 'not interested' message from 1002.
2026-04-22 17:16:29,799 - Peer 1006 received the 'not interested' message from 1001.
2026-04-22 17:16:29,799 - Peer 1006 received the 'not interested' message from 1002.
2026-04-22 17:16:29,800 - Peer 1006 has downloaded the piece 175 from 1005. Now the number of pieces it has is 1333.
2026-04-22 17:16:29,801 - Peer 1006 has downloaded the piece 81 from 1001. Now the number of pieces it has is 1334.
2026-04-22 17:16:29,802 - Peer 1006 has downloaded the piece 874 from 1002. Now the number of pieces it has is 1335.
2026-04-22 17:16:29,805 - Peer 1006 received the 'not interested' message from 1005.
2026-04-22 17:16:29,807 - Peer 1006 received the 'not interested' message from 1002.
2026-04-22 17:16:29,807 - Peer 1006 received the 'not interested' message from 1001.
2026-04-22 17:16:29,807 - Peer 1006 received the 'not interested' message from 1004.
2026-04-22 17:16:29,809 - Peer 1006 received the 'not interested' message from 1005.
2026-04-22 17:16:29,809 - Peer 1006 received the 'not interested' message from 1002.
2026-04-22 17:16:29,809 - Peer 1006 received the 'not interested' message from 1001.
2026-04-22 17:16:29,809 - Peer 1006 received the 'not interested' message from 1004.
2026-04-22 17:16:29,810 - Peer 1006 received the 'not interested' message from 1001.
2026-04-22 17:16:29,811 - Peer 1006 received the 'not interested' message from 1004.
2026-04-22 17:16:29,811 - Peer 1006 has downloaded the piece 361 from 1005. Now the number of pieces it has is 1336.
2026-04-22 17:16:29,812 - Peer 1006 has downloaded the piece 208 from 1001. Now the number of pieces it has is 1337.
2026-04-22 17:16:29,815 - Peer 1006 received the 'not interested' message from 1003.
2026-04-22 17:16:29,815 - Peer 1006 received the 'not interested' message from 1002.
2026-04-22 17:16:29,816 - Peer 1006 received the 'not interested' message from 1001.
2026-04-22 17:16:29,816 - Peer 1006 received the 'not interested' message from 1005.
2026-04-22 17:16:29,816 - Peer 1006 received the 'not interested' message from 1003.
2026-04-22 17:16:29,816 - Peer 1006 received the 'not interested' message from 1004.
2026-04-22 17:16:29,816 - Peer 1006 received the 'not interested' message from 1001.
2026-04-22 17:16:29,816 - Peer 1006 received the 'not interested' message from 1005.
2026-04-22 17:16:29,817 - Peer 1006 received the 'not interested' message from 1003.
2026-04-22 17:16:29,817 - Peer 1006 has downloaded the piece 391 from 1002. Now the number of pieces it has is 1338.
2026-04-22 17:16:29,817 - Peer 1006 received the 'not interested' message from 1005.
2026-04-22 17:16:29,817 - Peer 1006 received the 'not interested' message from 1003.
2026-04-22 17:16:29,817 - Peer 1006 has downloaded the piece 799 from 1001. Now the number of pieces it has is 1339.
2026-04-22 17:16:29,819 - Peer 1006 received the 'not interested' message from 1005.
2026-04-22 17:16:29,819 - Peer 1006 received the 'not interested' message from 1003.
2026-04-22 17:16:29,819 - Peer 1006 received the 'not interested' message from 1004.
2026-04-22 17:16:29,820 - Peer 1006 received the 'not interested' message from 1003.
2026-04-22 17:16:29,821 - Peer 1006 received the 'not interested' message from 1003.
2026-04-22 17:16:29,822 - Peer 1006 has downloaded the piece 1261 from 1005. Now the number of pieces it has is 1340.
2026-04-22 17:16:29,824 - Peer 1006 has downloaded the piece 1423 from 1004. Now the number of pieces it has is 1341.
2026-04-22 17:16:29,824 - Peer 1006 has downloaded the piece 1420 from 1003. Now the number of pieces it has is 1342.
2026-04-22 17:16:29,827 - Peer 1006 received the 'not interested' message from 1002.
2026-04-22 17:16:29,829 - Peer 1006 received the 'not interested' message from 1001.
2026-04-22 17:16:29,829 - Peer 1006 received the 'not interested' message from 1002.
2026-04-22 17:16:29,831 - Peer 1006 received the 'not interested' message from 1004.
2026-04-22 17:16:29,831 - Peer 1006 received the 'not interested' message from 1005.
2026-04-22 17:16:29,831 - Peer 1006 received the 'not interested' message from 1001.
2026-04-22 17:16:29,832 - Peer 1006 received the 'not interested' message from 1002.
2026-04-22 17:16:29,832 - Peer 1006 received the 'not interested' message from 1004.
2026-04-22 17:16:29,833 - Peer 1006 received the 'not interested' message from 1003.
2026-04-22 17:16:29,833 - Peer 1006 received the 'not interested' message from 1005.
2026-04-22 17:16:29,833 - Peer 1006 received the 'not interested' message from 1001.
2026-04-22 17:16:29,833 - Peer 1006 received the 'not interested' message from 1002.
2026-04-22 17:16:29,834 - Peer 1006 received the 'not interested' message from 1001.
2026-04-22 17:16:29,834 - Peer 1006 received the 'not interested' message from 1003.
2026-04-22 17:16:29,834 - Peer 1006 received the 'not interested' message from 1005.
2026-04-22 17:16:29,834 - Peer 1006 received the 'not interested' message from 1004.
2026-04-22 17:16:29,834 - Peer 1006 received the 'not interested' message from 1002.
2026-04-22 17:16:29,835 - Peer 1006 received the 'not interested' message from 1001.
2026-04-22 17:16:29,835 - Peer 1006 received the 'not interested' message from 1003.
2026-04-22 17:16:29,835 - Peer 1006 received the 'not interested' message from 1004.
2026-04-22 17:16:29,836 - Peer 1006 received the 'not interested' message from 1002.
2026-04-22 17:16:29,836 - Peer 1006 received the 'not interested' message from 1005.
2026-04-22 17:16:29,837 - Peer 1006 received the 'not interested' message from 1003.
2026-04-22 17:16:29,837 - Peer 1006 has downloaded the piece 884 from 1001. Now the number of pieces it has is 1343.
2026-04-22 17:16:29,837 - Peer 1006 received the 'not interested' message from 1004.
2026-04-22 17:16:29,837 - Peer 1006 received the 'not interested' message from 1003.
2026-04-22 17:16:29,839 - Peer 1006 received the 'not interested' message from 1004.
2026-04-22 17:16:29,839 - Peer 1006 received the 'not interested' message from 1003.
2026-04-22 17:16:29,839 - Peer 1006 has downloaded the piece 510 from 1002. Now the number of pieces it has is 1344.
2026-04-22 17:16:29,839 - Peer 1006 received the 'not interested' message from 1004.
2026-04-22 17:16:29,839 - Peer 1006 received the 'not interested' message from 1003.
2026-04-22 17:16:29,840 - Peer 1006 received the 'not interested' message from 1004.
2026-04-22 17:16:29,840 - Peer 1006 received the 'not interested' message from 1003.
2026-04-22 17:16:29,841 - Peer 1006 has downloaded the piece 1282 from 1005. Now the number of pieces it has is 1345.
2026-04-22 17:16:29,841 - Peer 1006 received the 'not interested' message from 1003.
2026-04-22 17:16:29,843 - Peer 1006 received the 'not interested' message from 1003.
2026-04-22 17:16:29,845 - Peer 1006 received the 'not interested' message from 1003.
2026-04-22 17:16:29,845 - Peer 1006 received the 'not interested' message from 1001.
2026-04-22 17:16:29,846 - Peer 1006 received the 'not interested' message from 1003.
2026-04-22 17:16:29,846 - Peer 1006 received the 'not interested' message from 1002.
2026-04-22 17:16:29,846 - Peer 1006 received the 'not interested' message from 1004.
2026-04-22 17:16:29,847 - Peer 1006 received the 'not interested' message from 1003.
2026-04-22 17:16:29,847 - Peer 1006 received the 'not interested' message from 1001.
2026-04-22 17:16:29,847 - Peer 1006 received the 'not interested' message from 1002.
2026-04-22 17:16:29,849 - Peer 1006 received the 'not interested' message from 1004.
2026-04-22 17:16:29,849 - Peer 1006 received the 'not interested' message from 1003.
2026-04-22 17:16:29,849 - Peer 1006 received the 'not interested' message from 1001.
2026-04-22 17:16:29,849 - Peer 1006 received the 'not interested' message from 1005.
2026-04-22 17:16:29,849 - Peer 1006 received the 'not interested' message from 1002.
2026-04-22 17:16:29,849 - Peer 1006 received the 'not interested' message from 1004.
2026-04-22 17:16:29,849 - Peer 1006 received the 'not interested' message from 1003.
2026-04-22 17:16:29,851 - Peer 1006 received the 'not interested' message from 1005.
2026-04-22 17:16:29,851 - Peer 1006 received the 'not interested' message from 1002.
2026-04-22 17:16:29,851 - Peer 1006 received the 'not interested' message from 1003.
2026-04-22 17:16:29,851 - Peer 1006 received the 'not interested' message from 1005.
2026-04-22 17:16:29,852 - Peer 1006 has downloaded the piece 146 from 1001. Now the number of pieces it has is 1346.
2026-04-22 17:16:29,852 - Peer 1006 received the 'not interested' message from 1003.
2026-04-22 17:16:29,852 - Peer 1006 received the 'not interested' message from 1005.
2026-04-22 17:16:29,853 - Peer 1006 has downloaded the piece 705 from 1004. Now the number of pieces it has is 1347.
2026-04-22 17:16:29,853 - Peer 1006 received the 'not interested' message from 1003.
2026-04-22 17:16:29,854 - Peer 1006 has downloaded the piece 498 from 1002. Now the number of pieces it has is 1348.
2026-04-22 17:16:29,855 - Peer 1006 has downloaded the piece 504 from 1003. Now the number of pieces it has is 1349.
2026-04-22 17:16:29,856 - Peer 1006 has downloaded the piece 364 from 1005. Now the number of pieces it has is 1350.
2026-04-22 17:16:29,861 - Peer 1006 received the 'not interested' message from 1001.
2026-04-22 17:16:29,861 - Peer 1006 received the 'not interested' message from 1002.
2026-04-22 17:16:29,862 - Peer 1006 received the 'not interested' message from 1001.
2026-04-22 17:16:29,863 - Peer 1006 received the 'not interested' message from 1002.
2026-04-22 17:16:29,863 - Peer 1006 received the 'not interested' message from 1004.
2026-04-22 17:16:29,864 - Peer 1006 received the 'not interested' message from 1001.
2026-04-22 17:16:29,864 - Peer 1006 received the 'not interested' message from 1002.
2026-04-22 17:16:29,865 - Peer 1006 received the 'not interested' message from 1005.
2026-04-22 17:16:29,865 - Peer 1006 received the 'not interested' message from 1001.
2026-04-22 17:16:29,865 - Peer 1006 received the 'not interested' message from 1002.
2026-04-22 17:16:29,866 - Peer 1006 received the 'not interested' message from 1005.
2026-04-22 17:16:29,866 - Peer 1006 received the 'not interested' message from 1001.
2026-04-22 17:16:29,866 - Peer 1006 received the 'not interested' message from 1005.
2026-04-22 17:16:29,866 - Peer 1006 received the 'not interested' message from 1005.
2026-04-22 17:16:29,866 - Peer 1006 received the 'not interested' message from 1005.
2026-04-22 17:16:29,867 - Peer 1006 has downloaded the piece 395 from 1002. Now the number of pieces it has is 1351.
2026-04-22 17:16:29,867 - Peer 1006 has downloaded the piece 373 from 1001. Now the number of pieces it has is 1352.
2026-04-22 17:16:29,867 - Peer 1006 has downloaded the piece 1098 from 1005. Now the number of pieces it has is 1353.
2026-04-22 17:16:29,871 - Peer 1006 received the 'not interested' message from 1002.
2026-04-22 17:16:29,872 - Peer 1006 received the 'not interested' message from 1001.
2026-04-22 17:16:29,874 - Peer 1006 received the 'not interested' message from 1002.
2026-04-22 17:16:29,874 - Peer 1006 received the 'not interested' message from 1001.
2026-04-22 17:16:29,875 - Peer 1006 received the 'not interested' message from 1002.
2026-04-22 17:16:29,876 - Peer 1006 has downloaded the piece 600 from 1001. Now the number of pieces it has is 1354.
2026-04-22 17:16:29,877 - Peer 1006 received the 'not interested' message from 1005.
2026-04-22 17:16:29,877 - Peer 1006 received the 'not interested' message from 1005.
2026-04-22 17:16:29,877 - Peer 1006 has downloaded the piece 1078 from 1002. Now the number of pieces it has is 1355.
2026-04-22 17:16:29,879 - Peer 1006 received the 'not interested' message from 1005.
2026-04-22 17:16:29,881 - Peer 1006 has downloaded the piece 640 from 1005. Now the number of pieces it has is 1356.
2026-04-22 17:16:29,882 - Peer 1006 received the 'not interested' message from 1001.
2026-04-22 17:16:29,884 - Peer 1006 received the 'not interested' message from 1002.
2026-04-22 17:16:29,884 - Peer 1006 received the 'not interested' message from 1002.
2026-04-22 17:16:29,884 - Peer 1006 received the 'not interested' message from 1001.
2026-04-22 17:16:29,885 - Peer 1006 received the 'not interested' message from 1002.
2026-04-22 17:16:29,885 - Peer 1006 received the 'not interested' message from 1001.
2026-04-22 17:16:29,886 - Peer 1006 has downloaded the piece 239 from 1002. Now the number of pieces it has is 1357.
2026-04-22 17:16:29,886 - Peer 1006 received the 'not interested' message from 1005.
2026-04-22 17:16:29,888 - Peer 1006 received the 'not interested' message from 1005.
2026-04-22 17:16:29,888 - Peer 1006 received the 'not interested' message from 1005.
2026-04-22 17:16:29,888 - Peer 1006 has downloaded the piece 1256 from 1001. Now the number of pieces it has is 1358.
2026-04-22 17:16:29,888 - Peer 1006 has downloaded the piece 676 from 1005. Now the number of pieces it has is 1359.
2026-04-22 17:16:29,892 - Peer 1006 received the 'not interested' message from 1002.
2026-04-22 17:16:29,893 - Peer 1006 received the 'not interested' message from 1002.
2026-04-22 17:16:29,893 - Peer 1006 received the 'not interested' message from 1001.
2026-04-22 17:16:29,894 - Peer 1006 received the 'not interested' message from 1002.
2026-04-22 17:16:29,894 - Peer 1006 received the 'not interested' message from 1001.
2026-04-22 17:16:29,894 - Peer 1006 received the 'not interested' message from 1002.
2026-04-22 17:16:29,895 - Peer 1006 received the 'not interested' message from 1005.
2026-04-22 17:16:29,895 - Peer 1006 received the 'not interested' message from 1001.
2026-04-22 17:16:29,895 - Peer 1006 received the 'not interested' message from 1005.
2026-04-22 17:16:29,896 - Peer 1006 received the 'not interested' message from 1001.
2026-04-22 17:16:29,896 - Peer 1006 received the 'not interested' message from 1005.
2026-04-22 17:16:29,896 - Peer 1006 has downloaded the piece 1382 from 1002. Now the number of pieces it has is 1360.
2026-04-22 17:16:29,897 - Peer 1006 has downloaded the piece 1117 from 1001. Now the number of pieces it has is 1361.
2026-04-22 17:16:29,899 - Peer 1006 has downloaded the piece 1516 from 1005. Now the number of pieces it has is 1362.
2026-04-22 17:16:29,899 - Peer 1006 received the 'not interested' message from 1003.
2026-04-22 17:16:29,899 - Peer 1006 received the 'not interested' message from 1003.
2026-04-22 17:16:29,900 - Peer 1006 received the 'not interested' message from 1003.
2026-04-22 17:16:29,905 - Peer 1006 received the 'not interested' message from 1005.
2026-04-22 17:16:29,905 - Peer 1006 received the 'not interested' message from 1002.
2026-04-22 17:16:29,905 - Peer 1006 received the 'not interested' message from 1001.
2026-04-22 17:16:29,905 - Peer 1006 received the 'not interested' message from 1005.
2026-04-22 17:16:29,906 - Peer 1006 received the 'not interested' message from 1002.
2026-04-22 17:16:29,906 - Peer 1006 received the 'not interested' message from 1001.
2026-04-22 17:16:29,906 - Peer 1006 received the 'not interested' message from 1004.
2026-04-22 17:16:29,906 - Peer 1006 received the 'not interested' message from 1005.
2026-04-22 17:16:29,906 - Peer 1006 received the 'not interested' message from 1002.
2026-04-22 17:16:29,906 - Peer 1006 received the 'not interested' message from 1001.
2026-04-22 17:16:29,907 - Peer 1006 received the 'not interested' message from 1004.
2026-04-22 17:16:29,907 - Peer 1006 received the 'not interested' message from 1004.
2026-04-22 17:16:29,909 - Peer 1006 has downloaded the piece 879 from 1005. Now the number of pieces it has is 1363.
2026-04-22 17:16:29,909 - Peer 1006 has downloaded the piece 1349 from 1002. Now the number of pieces it has is 1364.
2026-04-22 17:16:29,911 - Peer 1006 has downloaded the piece 760 from 1001. Now the number of pieces it has is 1365.
2026-04-22 17:16:29,914 - Peer 1006 received the 'not interested' message from 1002.
2026-04-22 17:16:29,915 - Peer 1006 received the 'not interested' message from 1003.
2026-04-22 17:16:29,915 - Peer 1006 received the 'not interested' message from 1004.
2026-04-22 17:16:29,916 - Peer 1006 received the 'not interested' message from 1002.
2026-04-22 17:16:29,916 - Peer 1006 received the 'not interested' message from 1001.
2026-04-22 17:16:29,917 - Peer 1006 received the 'not interested' message from 1005.
2026-04-22 17:16:29,917 - Peer 1006 received the 'not interested' message from 1002.
2026-04-22 17:16:29,917 - Peer 1006 received the 'not interested' message from 1001.
2026-04-22 17:16:29,917 - Peer 1006 received the 'not interested' message from 1005.
2026-04-22 17:16:29,919 - Peer 1006 received the 'not interested' message from 1001.
2026-04-22 17:16:29,920 - Peer 1006 has downloaded the piece 1144 from 1002. Now the number of pieces it has is 1366.
2026-04-22 17:16:29,921 - Peer 1006 received the 'not interested' message from 1005.
2026-04-22 17:16:29,921 - Peer 1006 received the 'not interested' message from 1004.
2026-04-22 17:16:29,922 - Peer 1006 received the 'not interested' message from 1004.
2026-04-22 17:16:29,922 - Peer 1006 received the 'not interested' message from 1004.
2026-04-22 17:16:29,922 - Peer 1006 has downloaded the piece 881 from 1001. Now the number of pieces it has is 1367.
2026-04-22 17:16:29,923 - Peer 1006 has downloaded the piece 1071 from 1005. Now the number of pieces it has is 1368.
2026-04-22 17:16:29,924 - Peer 1006 received the 'not interested' message from 1003.
2026-04-22 17:16:29,924 - Peer 1006 received the 'not interested' message from 1003.
2026-04-22 17:16:29,924 - Peer 1006 received the 'not interested' message from 1003.
2026-04-22 17:16:29,924 - Peer 1006 has downloaded the piece 953 from 1004. Now the number of pieces it has is 1369.
2026-04-22 17:16:29,927 - Peer 1006 has downloaded the piece 739 from 1003. Now the number of pieces it has is 1370.
2026-04-22 17:16:29,931 - Peer 1006 received the 'not interested' message from 1002.
2026-04-22 17:16:29,931 - Peer 1006 received the 'not interested' message from 1004.
2026-04-22 17:16:29,932 - Peer 1006 received the 'not interested' message from 1005.
2026-04-22 17:16:29,932 - Peer 1006 received the 'not interested' message from 1002.
2026-04-22 17:16:29,932 - Peer 1006 received the 'not interested' message from 1001.
2026-04-22 17:16:29,933 - Peer 1006 received the 'not interested' message from 1004.
2026-04-22 17:16:29,933 - Peer 1006 received the 'not interested' message from 1005.
2026-04-22 17:16:29,934 - Peer 1006 received the 'not interested' message from 1002.
2026-04-22 17:16:29,934 - Peer 1006 received the 'not interested' message from 1001.
2026-04-22 17:16:29,934 - Peer 1006 received the 'not interested' message from 1004.
2026-04-22 17:16:29,935 - Peer 1006 received the 'not interested' message from 1003.
2026-04-22 17:16:29,935 - Peer 1006 received the 'not interested' message from 1001.
2026-04-22 17:16:29,935 - Peer 1006 received the 'not interested' message from 1004.
2026-04-22 17:16:29,935 - Peer 1006 received the 'not interested' message from 1003.
2026-04-22 17:16:29,936 - Peer 1006 received the 'not interested' message from 1001.
2026-04-22 17:16:29,936 - Peer 1006 received the 'not interested' message from 1004.
2026-04-22 17:16:29,936 - Peer 1006 received the 'not interested' message from 1003.
2026-04-22 17:16:29,936 - Peer 1006 received the 'not interested' message from 1001.
2026-04-22 17:16:29,936 - Peer 1006 received the 'not interested' message from 1004.
2026-04-22 17:16:29,936 - Peer 1006 received the 'not interested' message from 1003.
2026-04-22 17:16:29,937 - Peer 1006 received the 'not interested' message from 1004.
2026-04-22 17:16:29,937 - Peer 1006 received the 'not interested' message from 1003.
2026-04-22 17:16:29,937 - Peer 1006 received the 'not interested' message from 1004.
2026-04-22 17:16:29,937 - Peer 1006 has downloaded the piece 732 from 1001. Now the number of pieces it has is 1371.
2026-04-22 17:16:29,937 - Peer 1006 received the 'not interested' message from 1003.
2026-04-22 17:16:29,937 - Peer 1006 received the 'not interested' message from 1004.
2026-04-22 17:16:29,939 - Peer 1006 received the 'not interested' message from 1003.
2026-04-22 17:16:29,939 - Peer 1006 received the 'not interested' message from 1004.
2026-04-22 17:16:29,939 - Peer 1006 received the 'not interested' message from 1002.
2026-04-22 17:16:29,941 - Peer 1006 received the 'not interested' message from 1005.
2026-04-22 17:16:29,942 - Peer 1006 received the 'not interested' message from 1004.
2026-04-22 17:16:29,942 - Peer 1006 received the 'not interested' message from 1001.
2026-04-22 17:16:29,942 - Peer 1006 received the 'not interested' message from 1005.
2026-04-22 17:16:29,942 - Peer 1006 received the 'not interested' message from 1004.
2026-04-22 17:16:29,943 - Peer 1006 received the 'not interested' message from 1003.
2026-04-22 17:16:29,943 - Peer 1006 received the 'not interested' message from 1004.
2026-04-22 17:16:29,943 - Peer 1006 has downloaded the piece 1336 from 1002. Now the number of pieces it has is 1372.
2026-04-22 17:16:29,944 - Peer 1006 received the 'not interested' message from 1003.
2026-04-22 17:16:29,944 - Peer 1006 received the 'not interested' message from 1003.
2026-04-22 17:16:29,944 - Peer 1006 received the 'not interested' message from 1003.
2026-04-22 17:16:29,945 - Peer 1006 has downloaded the piece 93 from 1001. Now the number of pieces it has is 1373.
2026-04-22 17:16:29,945 - Peer 1006 received the 'not interested' message from 1003.
2026-04-22 17:16:29,945 - Peer 1006 received the 'not interested' message from 1003.
2026-04-22 17:16:29,946 - Peer 1006 has downloaded the piece 1367 from 1005. Now the number of pieces it has is 1374.
2026-04-22 17:16:29,948 - Peer 1006 received the 'not interested' message from 1003.
2026-04-22 17:16:29,948 - Peer 1006 received the 'not interested' message from 1003.
2026-04-22 17:16:29,949 - Peer 1006 received the 'not interested' message from 1004.
2026-04-22 17:16:29,949 - Peer 1006 received the 'not interested' message from 1003.
2026-04-22 17:16:29,951 - Peer 1006 received the 'not interested' message from 1005.
2026-04-22 17:16:29,951 - Peer 1006 received the 'not interested' message from 1004.
2026-04-22 17:16:29,951 - Peer 1006 received the 'not interested' message from 1001.
2026-04-22 17:16:29,951 - Peer 1006 received the 'not interested' message from 1002.
2026-04-22 17:16:29,952 - Peer 1006 received the 'not interested' message from 1005.
2026-04-22 17:16:29,952 - Peer 1006 received the 'not interested' message from 1004.
2026-04-22 17:16:29,952 - Peer 1006 received the 'not interested' message from 1001.
2026-04-22 17:16:29,952 - Peer 1006 received the 'not interested' message from 1002.
2026-04-22 17:16:29,953 - Peer 1006 received the 'not interested' message from 1005.
2026-04-22 17:16:29,953 - Peer 1006 received the 'not interested' message from 1004.
2026-04-22 17:16:29,953 - Peer 1006 received the 'not interested' message from 1001.
2026-04-22 17:16:29,954 - Peer 1006 received the 'not interested' message from 1002.
2026-04-22 17:16:29,954 - Peer 1006 received the 'not interested' message from 1005.
2026-04-22 17:16:29,955 - Peer 1006 received the 'not interested' message from 1004.
2026-04-22 17:16:29,955 - Peer 1006 received the 'not interested' message from 1003.
2026-04-22 17:16:29,955 - Peer 1006 received the 'not interested' message from 1004.
2026-04-22 17:16:29,956 - Peer 1006 received the 'not interested' message from 1005.
2026-04-22 17:16:29,956 - Peer 1006 received the 'not interested' message from 1002.
2026-04-22 17:16:29,956 - Peer 1006 received the 'not interested' message from 1003.
2026-04-22 17:16:29,957 - Peer 1006 received the 'not interested' message from 1004.
2026-04-22 17:16:29,957 - Peer 1006 received the 'not interested' message from 1002.
2026-04-22 17:16:29,957 - Peer 1006 has downloaded the piece 86 from 1001. Now the number of pieces it has is 1375.
2026-04-22 17:16:29,957 - Peer 1006 received the 'not interested' message from 1003.
2026-04-22 17:16:29,959 - Peer 1006 received the 'not interested' message from 1003.
2026-04-22 17:16:29,959 - Peer 1006 has downloaded the piece 1528 from 1005. Now the number of pieces it has is 1376.
2026-04-22 17:16:29,959 - Peer 1006 received the 'not interested' message from 1003.
2026-04-22 17:16:29,960 - Peer 1006 has downloaded the piece 1176 from 1004. Now the number of pieces it has is 1377.
2026-04-22 17:16:29,962 - Peer 1006 has downloaded the piece 770 from 1002. Now the number of pieces it has is 1378.
2026-04-22 17:16:29,963 - Peer 1006 has downloaded the piece 100 from 1003. Now the number of pieces it has is 1379.
2026-04-22 17:16:29,966 - Peer 1006 received the 'not interested' message from 1001.
2026-04-22 17:16:29,967 - Peer 1006 received the 'not interested' message from 1002.
2026-04-22 17:16:29,967 - Peer 1006 received the 'not interested' message from 1001.
2026-04-22 17:16:29,969 - Peer 1006 received the 'not interested' message from 1004.
2026-04-22 17:16:29,969 - Peer 1006 received the 'not interested' message from 1002.
2026-04-22 17:16:29,970 - Peer 1006 received the 'not interested' message from 1001.
2026-04-22 17:16:29,970 - Peer 1006 received the 'not interested' message from 1005.
2026-04-22 17:16:29,971 - Peer 1006 received the 'not interested' message from 1004.
2026-04-22 17:16:29,971 - Peer 1006 received the 'not interested' message from 1003.
2026-04-22 17:16:29,971 - Peer 1006 received the 'not interested' message from 1001.
2026-04-22 17:16:29,971 - Peer 1006 received the 'not interested' message from 1002.
2026-04-22 17:16:29,972 - Peer 1006 received the 'not interested' message from 1005.
2026-04-22 17:16:29,973 - Peer 1006 received the 'not interested' message from 1004.
2026-04-22 17:16:29,973 - Peer 1006 received the 'not interested' message from 1003.
2026-04-22 17:16:29,973 - Peer 1006 received the 'not interested' message from 1001.
2026-04-22 17:16:29,974 - Peer 1006 received the 'not interested' message from 1002.
2026-04-22 17:16:29,974 - Peer 1006 received the 'not interested' message from 1005.
2026-04-22 17:16:29,974 - Peer 1006 received the 'not interested' message from 1004.
2026-04-22 17:16:29,974 - Peer 1006 received the 'not interested' message from 1003.
2026-04-22 17:16:29,975 - Peer 1006 received the 'not interested' message from 1003.
2026-04-22 17:16:29,975 - Peer 1006 received the 'not interested' message from 1002.
2026-04-22 17:16:29,976 - Peer 1006 received the 'not interested' message from 1005.
2026-04-22 17:16:29,976 - Peer 1006 received the 'not interested' message from 1004.
2026-04-22 17:16:29,977 - Peer 1006 received the 'not interested' message from 1005.
2026-04-22 17:16:29,977 - Peer 1006 has downloaded the piece 1505 from 1001. Now the number of pieces it has is 1380.
2026-04-22 17:16:29,979 - Peer 1006 has downloaded the piece 1267 from 1002. Now the number of pieces it has is 1381.
2026-04-22 17:16:29,979 - Peer 1006 has downloaded the piece 186 from 1005. Now the number of pieces it has is 1382.
2026-04-22 17:16:29,983 - Peer 1006 received the 'not interested' message from 1004.
2026-04-22 17:16:29,984 - Peer 1006 received the 'not interested' message from 1002.
2026-04-22 17:16:29,984 - Peer 1006 received the 'not interested' message from 1005.
2026-04-22 17:16:29,984 - Peer 1006 received the 'not interested' message from 1001.
2026-04-22 17:16:29,985 - Peer 1006 received the 'not interested' message from 1002.
2026-04-22 17:16:29,985 - Peer 1006 received the 'not interested' message from 1005.
2026-04-22 17:16:29,985 - Peer 1006 received the 'not interested' message from 1003.
2026-04-22 17:16:29,985 - Peer 1006 received the 'not interested' message from 1001.
2026-04-22 17:16:29,986 - Peer 1006 received the 'not interested' message from 1002.
2026-04-22 17:16:29,986 - Peer 1006 received the 'not interested' message from 1004.
2026-04-22 17:16:29,986 - Peer 1006 received the 'not interested' message from 1005.
2026-04-22 17:16:29,986 - Peer 1006 received the 'not interested' message from 1001.
2026-04-22 17:16:29,988 - Peer 1006 received the 'not interested' message from 1004.
2026-04-22 17:16:29,988 - Peer 1006 has downloaded the piece 1036 from 1002. Now the number of pieces it has is 1383.
2026-04-22 17:16:29,989 - Peer 1006 has downloaded the piece 1120 from 1005. Now the number of pieces it has is 1384.
2026-04-22 17:16:29,991 - Peer 1006 has downloaded the piece 712 from 1004. Now the number of pieces it has is 1385.
2026-04-22 17:16:29,991 - Peer 1006 has downloaded the piece 1004 from 1001. Now the number of pieces it has is 1386.
2026-04-22 17:16:29,995 - Peer 1006 received the 'not interested' message from 1003.
2026-04-22 17:16:29,996 - Peer 1006 received the 'not interested' message from 1002.
2026-04-22 17:16:29,997 - Peer 1006 received the 'not interested' message from 1003.
2026-04-22 17:16:29,997 - Peer 1006 received the 'not interested' message from 1004.
2026-04-22 17:16:29,999 - Peer 1006 received the 'not interested' message from 1005.
2026-04-22 17:16:29,999 - Peer 1006 received the 'not interested' message from 1002.
2026-04-22 17:16:29,999 - Peer 1006 received the 'not interested' message from 1003.
2026-04-22 17:16:29,999 - Peer 1006 received the 'not interested' message from 1001.
2026-04-22 17:16:29,999 - Peer 1006 received the 'not interested' message from 1004.
2026-04-22 17:16:29,999 - Peer 1006 received the 'not interested' message from 1005.
2026-04-22 17:16:29,999 - Peer 1006 received the 'not interested' message from 1002.
2026-04-22 17:16:29,999 - Peer 1006 received the 'not interested' message from 1003.
2026-04-22 17:16:30,000 - Peer 1006 received the 'not interested' message from 1001.
2026-04-22 17:16:30,000 - Peer 1006 received the 'not interested' message from 1004.
2026-04-22 17:16:30,001 - Peer 1006 received the 'not interested' message from 1005.
2026-04-22 17:16:30,001 - Peer 1006 received the 'not interested' message from 1002.
2026-04-22 17:16:30,001 - Peer 1006 received the 'not interested' message from 1001.
2026-04-22 17:16:30,002 - Peer 1006 received the 'not interested' message from 1004.
2026-04-22 17:16:30,003 - Peer 1006 has downloaded the piece 140 from 1003. Now the number of pieces it has is 1387.
2026-04-22 17:16:30,004 - Peer 1006 received the 'not interested' message from 1001.
2026-04-22 17:16:30,004 - Peer 1006 received the 'not interested' message from 1004.
2026-04-22 17:16:30,005 - Peer 1006 has downloaded the piece 72 from 1002. Now the number of pieces it has is 1388.
2026-04-22 17:16:30,006 - Peer 1006 has downloaded the piece 682 from 1001. Now the number of pieces it has is 1389.
2026-04-22 17:16:30,009 - Peer 1006 received the 'not interested' message from 1002.
2026-04-22 17:16:30,010 - Peer 1006 received the 'not interested' message from 1003.
2026-04-22 17:16:30,010 - Peer 1006 received the 'not interested' message from 1001.
2026-04-22 17:16:30,011 - Peer 1006 received the 'not interested' message from 1002.
2026-04-22 17:16:30,011 - Peer 1006 received the 'not interested' message from 1003.
2026-04-22 17:16:30,011 - Peer 1006 received the 'not interested' message from 1001.
2026-04-22 17:16:30,012 - Peer 1006 received the 'not interested' message from 1002.
2026-04-22 17:16:30,012 - Peer 1006 received the 'not interested' message from 1003.
2026-04-22 17:16:30,012 - Peer 1006 received the 'not interested' message from 1001.
2026-04-22 17:16:30,012 - Peer 1006 received the 'not interested' message from 1004.
2026-04-22 17:16:30,012 - Peer 1006 received the 'not interested' message from 1003.
2026-04-22 17:16:30,013 - Peer 1006 received the 'not interested' message from 1003.
2026-04-22 17:16:30,013 - Peer 1006 received the 'not interested' message from 1003.
2026-04-22 17:16:30,014 - Peer 1006 has downloaded the piece 204 from 1002. Now the number of pieces it has is 1390.
2026-04-22 17:16:30,014 - Peer 1006 received the 'not interested' message from 1003.
2026-04-22 17:16:30,014 - Peer 1006 received the 'not interested' message from 1003.
2026-04-22 17:16:30,015 - Peer 1006 has downloaded the piece 1425 from 1001. Now the number of pieces it has is 1391.
2026-04-22 17:16:30,016 - Peer 1006 received the 'not interested' message from 1004.
2026-04-22 17:16:30,017 - Peer 1006 received the 'not interested' message from 1004.
2026-04-22 17:16:30,017 - Peer 1006 received the 'not interested' message from 1002.
2026-04-22 17:16:30,017 - Peer 1006 received the 'not interested' message from 1005.
2026-04-22 17:16:30,019 - Peer 1006 received the 'not interested' message from 1001.
2026-04-22 17:16:30,019 - Peer 1006 received the 'not interested' message from 1002.
2026-04-22 17:16:30,019 - Peer 1006 received the 'not interested' message from 1001.
2026-04-22 17:16:30,021 - Peer 1006 has downloaded the piece 8 from 1004. Now the number of pieces it has is 1392.
2026-04-22 17:16:30,021 - Peer 1006 has downloaded the piece 28 from 1002. Now the number of pieces it has is 1393.
2026-04-22 17:16:30,022 - Peer 1006 has downloaded the piece 791 from 1005. Now the number of pieces it has is 1394.
2026-04-22 17:16:30,023 - Peer 1006 has downloaded the piece 1273 from 1001. Now the number of pieces it has is 1395.
2026-04-22 17:16:30,027 - Peer 1006 received the 'not interested' message from 1005.
2026-04-22 17:16:30,028 - Peer 1006 received the 'not interested' message from 1003.
2026-04-22 17:16:30,028 - Peer 1006 received the 'not interested' message from 1005.
2026-04-22 17:16:30,028 - Peer 1006 received the 'not interested' message from 1004.
2026-04-22 17:16:30,028 - Peer 1006 received the 'not interested' message from 1002.
2026-04-22 17:16:30,029 - Peer 1006 received the 'not interested' message from 1005.
2026-04-22 17:16:30,029 - Peer 1006 received the 'not interested' message from 1002.
2026-04-22 17:16:30,029 - Peer 1006 has downloaded the piece 8 from 1003. Now the number of pieces it has is 1395.
2026-04-22 17:16:30,029 - Peer 1006 received the 'not interested' message from 1005.
2026-04-22 17:16:30,031 - Peer 1006 received the 'not interested' message from 1002.
2026-04-22 17:16:30,031 - Peer 1006 received the 'not interested' message from 1004.
2026-04-22 17:16:30,031 - Peer 1006 received the 'not interested' message from 1005.
2026-04-22 17:16:30,032 - Peer 1006 received the 'not interested' message from 1002.
2026-04-22 17:16:30,032 - Peer 1006 received the 'not interested' message from 1001.
2026-04-22 17:16:30,032 - Peer 1006 received the 'not interested' message from 1004.
2026-04-22 17:16:30,033 - Peer 1006 received the 'not interested' message from 1005.
2026-04-22 17:16:30,034 - Peer 1006 received the 'not interested' message from 1001.
2026-04-22 17:16:30,035 - Peer 1006 received the 'not interested' message from 1003.
2026-04-22 17:16:30,035 - Peer 1006 received the 'not interested' message from 1004.
2026-04-22 17:16:30,035 - Peer 1006 received the 'not interested' message from 1005.
2026-04-22 17:16:30,035 - Peer 1006 received the 'not interested' message from 1001.
2026-04-22 17:16:30,036 - Peer 1006 received the 'not interested' message from 1004.
2026-04-22 17:16:30,037 - Peer 1006 has downloaded the piece 741 from 1002. Now the number of pieces it has is 1396.
2026-04-22 17:16:30,037 - Peer 1006 received the 'not interested' message from 1005.
2026-04-22 17:16:30,037 - Peer 1006 received the 'not interested' message from 1001.
2026-04-22 17:16:30,037 - Peer 1006 received the 'not interested' message from 1004.
2026-04-22 17:16:30,039 - Peer 1006 received the 'not interested' message from 1001.
2026-04-22 17:16:30,040 - Peer 1006 received the 'not interested' message from 1004.
2026-04-22 17:16:30,041 - Peer 1006 received the 'not interested' message from 1004.
2026-04-22 17:16:30,041 - Peer 1006 has downloaded the piece 1441 from 1005. Now the number of pieces it has is 1397.
2026-04-22 17:16:30,042 - Peer 1006 has downloaded the piece 1357 from 1001. Now the number of pieces it has is 1398.
2026-04-22 17:16:30,045 - Peer 1006 received the 'not interested' message from 1002.
2026-04-22 17:16:30,046 - Peer 1006 received the 'not interested' message from 1002.
2026-04-22 17:16:30,047 - Peer 1006 received the 'not interested' message from 1003.
2026-04-22 17:16:30,047 - Peer 1006 received the 'not interested' message from 1002.
2026-04-22 17:16:30,047 - Peer 1006 received the 'not interested' message from 1003.
2026-04-22 17:16:30,047 - Peer 1006 received the 'not interested' message from 1002.
2026-04-22 17:16:30,047 - Peer 1006 received the 'not interested' message from 1003.
2026-04-22 17:16:30,049 - Peer 1006 has downloaded the piece 1237 from 1004. Now the number of pieces it has is 1399.
2026-04-22 17:16:30,049 - Peer 1006 received the 'not interested' message from 1005.
2026-04-22 17:16:30,049 - Peer 1006 received the 'not interested' message from 1001.
2026-04-22 17:16:30,049 - Peer 1006 received the 'not interested' message from 1003.
2026-04-22 17:16:30,050 - Peer 1006 has downloaded the piece 673 from 1002. Now the number of pieces it has is 1400.
2026-04-22 17:16:30,051 - Peer 1006 received the 'not interested' message from 1005.
2026-04-22 17:16:30,052 - Peer 1006 received the 'not interested' message from 1001.
2026-04-22 17:16:30,053 - Peer 1006 received the 'not interested' message from 1003.
2026-04-22 17:16:30,053 - Peer 1006 received the 'not interested' message from 1004.
2026-04-22 17:16:30,054 - Peer 1006 received the 'not interested' message from 1005.
2026-04-22 17:16:30,054 - Peer 1006 received the 'not interested' message from 1001.
2026-04-22 17:16:30,055 - Peer 1006 received the 'not interested' message from 1003.
2026-04-22 17:16:30,061 - Peer 1006 received the 'not interested' message from 1004.
2026-04-22 17:16:30,065 - Peer 1006 received the 'not interested' message from 1005.
2026-04-22 17:16:30,062 - Peer 1006 received the 'not interested' message from 1002.
2026-04-22 17:16:30,066 - Peer 1006 received the 'not interested' message from 1005.
2026-04-22 17:16:30,066 - Peer 1006 received the 'not interested' message from 1003.
2026-04-22 17:16:30,067 - Peer 1006 received the 'not interested' message from 1004.
2026-04-22 17:16:30,069 - Peer 1006 has downloaded the piece 137 from 1003. Now the number of pieces it has is 1401.
2026-04-22 17:16:30,069 - Peer 1006 received the 'not interested' message from 1004.
2026-04-22 17:16:30,070 - Peer 1006 received the 'not interested' message from 1004.
2026-04-22 17:16:30,070 - Peer 1006 received the 'not interested' message from 1004.
2026-04-22 17:16:30,071 - Peer 1006 has downloaded the piece 200 from 1005. Now the number of pieces it has is 1402.
2026-04-22 17:16:30,073 - Peer 1006 received the 'not interested' message from 1003.
2026-04-22 17:16:30,075 - Peer 1006 has downloaded the piece 736 from 1001. Now the number of pieces it has is 1403.
2026-04-22 17:16:30,076 - Peer 1006 received the 'not interested' message from 1004.
2026-04-22 17:16:30,080 - Peer 1006 received the 'not interested' message from 1003.
2026-04-22 17:16:30,082 - Peer 1006 received the 'not interested' message from 1005.
2026-04-22 17:16:30,083 - Peer 1006 received the 'not interested' message from 1003.
2026-04-22 17:16:30,083 - Peer 1006 received the 'not interested' message from 1003.
2026-04-22 17:16:30,084 - Peer 1006 has downloaded the piece 1190 from 1004. Now the number of pieces it has is 1404.
2026-04-22 17:16:30,089 - Peer 1006 received the 'not interested' message from 1005.
2026-04-22 17:16:30,094 - Peer 1006 received the 'not interested' message from 1003.
2026-04-22 17:16:30,096 - Peer 1006 received the 'not interested' message from 1002.
2026-04-22 17:16:30,096 - Peer 1006 received the 'not interested' message from 1004.
2026-04-22 17:16:30,097 - Peer 1006 received the 'not interested' message from 1001.
2026-04-22 17:16:30,101 - Peer 1006 received the 'not interested' message from 1005.
2026-04-22 17:16:30,101 - Peer 1006 received the 'not interested' message from 1003.
2026-04-22 17:16:30,102 - Peer 1006 has downloaded the piece 271 from 1003. Now the number of pieces it has is 1405.
2026-04-22 17:16:30,102 - Peer 1006 received the 'not interested' message from 1005.
2026-04-22 17:16:30,107 - Peer 1006 has downloaded the piece 934 from 1002. Now the number of pieces it has is 1406.
2026-04-22 17:16:30,109 - Peer 1006 received the 'not interested' message from 1001.
2026-04-22 17:16:30,110 - Peer 1006 has downloaded the piece 1480 from 1005. Now the number of pieces it has is 1407.
2026-04-22 17:16:30,111 - Peer 1006 received the 'not interested' message from 1004.
2026-04-22 17:16:30,111 - Peer 1006 received the 'not interested' message from 1003.
2026-04-22 17:16:30,113 - Peer 1006 received the 'not interested' message from 1002.
2026-04-22 17:16:30,114 - Peer 1006 received the 'not interested' message from 1001.
2026-04-22 17:16:30,122 - Peer 1006 received the 'not interested' message from 1004.
2026-04-22 17:16:30,125 - Peer 1006 received the 'not interested' message from 1005.
2026-04-22 17:16:30,127 - Peer 1006 received the 'not interested' message from 1003.
2026-04-22 17:16:30,127 - Peer 1006 received the 'not interested' message from 1002.
2026-04-22 17:16:30,129 - Peer 1006 received the 'not interested' message from 1002.
2026-04-22 17:16:30,130 - Peer 1006 received the 'not interested' message from 1004.
2026-04-22 17:16:30,131 - Peer 1006 received the 'not interested' message from 1005.
2026-04-22 17:16:30,131 - Peer 1006 received the 'not interested' message from 1003.
2026-04-22 17:16:30,132 - Peer 1006 received the 'not interested' message from 1001.
2026-04-22 17:16:30,132 - Peer 1006 received the 'not interested' message from 1002.
2026-04-22 17:16:30,132 - Peer 1006 received the 'not interested' message from 1005.
2026-04-22 17:16:30,132 - Peer 1006 received the 'not interested' message from 1003.
2026-04-22 17:16:30,132 - Peer 1006 received the 'not interested' message from 1001.
2026-04-22 17:16:30,133 - Peer 1006 received the 'not interested' message from 1002.
2026-04-22 17:16:30,133 - Peer 1006 has downloaded the piece 1493 from 1004. Now the number of pieces it has is 1408.
2026-04-22 17:16:30,133 - Peer 1006 received the 'not interested' message from 1005.
2026-04-22 17:16:30,133 - Peer 1006 received the 'not interested' message from 1001.
2026-04-22 17:16:30,133 - Peer 1006 received the 'not interested' message from 1002.
2026-04-22 17:16:30,135 - Peer 1006 received the 'not interested' message from 1005.
2026-04-22 17:16:30,135 - Peer 1006 has downloaded the piece 1504 from 1003. Now the number of pieces it has is 1409.
2026-04-22 17:16:30,136 - Peer 1006 has downloaded the piece 820 from 1001. Now the number of pieces it has is 1410.
2026-04-22 17:16:30,136 - Peer 1006 has downloaded the piece 1295 from 1002. Now the number of pieces it has is 1411.
2026-04-22 17:16:30,138 - Peer 1006 has downloaded the piece 902 from 1005. Now the number of pieces it has is 1412.
2026-04-22 17:16:30,143 - Peer 1006 received the 'not interested' message from 1004.
2026-04-22 17:16:30,143 - Peer 1006 received the 'not interested' message from 1003.
2026-04-22 17:16:30,145 - Peer 1006 received the 'not interested' message from 1004.
2026-04-22 17:16:30,145 - Peer 1006 received the 'not interested' message from 1001.
2026-04-22 17:16:30,145 - Peer 1006 received the 'not interested' message from 1002.
2026-04-22 17:16:30,145 - Peer 1006 received the 'not interested' message from 1003.
2026-04-22 17:16:30,146 - Peer 1006 received the 'not interested' message from 1004.
2026-04-22 17:16:30,146 - Peer 1006 received the 'not interested' message from 1001.
2026-04-22 17:16:30,146 - Peer 1006 received the 'not interested' message from 1005.
2026-04-22 17:16:30,146 - Peer 1006 received the 'not interested' message from 1002.
2026-04-22 17:16:30,147 - Peer 1006 received the 'not interested' message from 1004.
2026-04-22 17:16:30,147 - Peer 1006 received the 'not interested' message from 1003.
2026-04-22 17:16:30,147 - Peer 1006 received the 'not interested' message from 1001.
2026-04-22 17:16:30,148 - Peer 1006 received the 'not interested' message from 1001.
2026-04-22 17:16:30,149 - Peer 1006 received the 'not interested' message from 1002.
2026-04-22 17:16:30,149 - Peer 1006 received the 'not interested' message from 1004.
2026-04-22 17:16:30,149 - Peer 1006 received the 'not interested' message from 1005.
2026-04-22 17:16:30,149 - Peer 1006 received the 'not interested' message from 1001.
2026-04-22 17:16:30,149 - Peer 1006 received the 'not interested' message from 1002.
2026-04-22 17:16:30,149 - Peer 1006 received the 'not interested' message from 1005.
2026-04-22 17:16:30,150 - Peer 1006 received the 'not interested' message from 1001.
2026-04-22 17:16:30,150 - Peer 1006 received the 'not interested' message from 1002.
2026-04-22 17:16:30,151 - Peer 1006 received the 'not interested' message from 1005.
2026-04-22 17:16:30,151 - Peer 1006 received the 'not interested' message from 1001.
2026-04-22 17:16:30,151 - Peer 1006 received the 'not interested' message from 1002.
2026-04-22 17:16:30,151 - Peer 1006 received the 'not interested' message from 1005.
2026-04-22 17:16:30,152 - Peer 1006 received the 'not interested' message from 1001.
2026-04-22 17:16:30,153 - Peer 1006 has downloaded the piece 1374 from 1004. Now the number of pieces it has is 1413.
2026-04-22 17:16:30,155 - Peer 1006 has downloaded the piece 1156 from 1002. Now the number of pieces it has is 1414.
2026-04-22 17:16:30,157 - Peer 1006 has downloaded the piece 1337 from 1005. Now the number of pieces it has is 1415.
2026-04-22 17:16:30,159 - Peer 1006 has downloaded the piece 1083 from 1001. Now the number of pieces it has is 1416.
2026-04-22 17:16:30,159 - Peer 1006 received the 'not interested' message from 1003.
2026-04-22 17:16:30,163 - Peer 1006 received the 'not interested' message from 1004.
2026-04-22 17:16:30,164 - Peer 1006 received the 'not interested' message from 1002.
2026-04-22 17:16:30,166 - Peer 1006 received the 'not interested' message from 1005.
2026-04-22 17:16:30,166 - Peer 1006 received the 'not interested' message from 1003.
2026-04-22 17:16:30,166 - Peer 1006 received the 'not interested' message from 1004.
2026-04-22 17:16:30,166 - Peer 1006 received the 'not interested' message from 1002.
2026-04-22 17:16:30,168 - Peer 1006 received the 'not interested' message from 1003.
2026-04-22 17:16:30,168 - Peer 1006 received the 'not interested' message from 1002.
2026-04-22 17:16:30,169 - Peer 1006 received the 'not interested' message from 1001.
2026-04-22 17:16:30,169 - Peer 1006 received the 'not interested' message from 1005.
2026-04-22 17:16:30,171 - Peer 1006 received the 'not interested' message from 1001.
2026-04-22 17:16:30,171 - Peer 1006 received the 'not interested' message from 1005.
2026-04-22 17:16:30,171 - Peer 1006 has downloaded the piece 1169 from 1003. Now the number of pieces it has is 1417.
2026-04-22 17:16:30,171 - Peer 1006 received the 'not interested' message from 1001.
2026-04-22 17:16:30,172 - Peer 1006 has downloaded the piece 554 from 1002. Now the number of pieces it has is 1418.
2026-04-22 17:16:30,173 - Peer 1006 received the 'not interested' message from 1001.
2026-04-22 17:16:30,174 - Peer 1006 has downloaded the piece 1302 from 1005. Now the number of pieces it has is 1419.
2026-04-22 17:16:30,175 - Peer 1006 has downloaded the piece 517 from 1001. Now the number of pieces it has is 1420.
2026-04-22 17:16:30,179 - Peer 1006 received the 'not interested' message from 1002.
2026-04-22 17:16:30,179 - Peer 1006 received the 'not interested' message from 1003.
2026-04-22 17:16:30,180 - Peer 1006 received the 'not interested' message from 1002.
2026-04-22 17:16:30,181 - Peer 1006 received the 'not interested' message from 1005.
2026-04-22 17:16:30,181 - Peer 1006 received the 'not interested' message from 1002.
2026-04-22 17:16:30,182 - Peer 1006 received the 'not interested' message from 1005.
2026-04-22 17:16:30,182 - Peer 1006 received the 'not interested' message from 1001.
2026-04-22 17:16:30,182 - Peer 1006 received the 'not interested' message from 1002.
2026-04-22 17:16:30,183 - Peer 1006 received the 'not interested' message from 1005.
2026-04-22 17:16:30,183 - Peer 1006 received the 'not interested' message from 1001.
2026-04-22 17:16:30,183 - Peer 1006 received the 'not interested' message from 1002.
2026-04-22 17:16:30,184 - Peer 1006 received the 'not interested' message from 1005.
2026-04-22 17:16:30,184 - Peer 1006 received the 'not interested' message from 1001.
2026-04-22 17:16:30,185 - Peer 1006 received the 'not interested' message from 1001.
2026-04-22 17:16:30,185 - Peer 1006 has downloaded the piece 407 from 1005. Now the number of pieces it has is 1421.
2026-04-22 17:16:30,186 - Peer 1006 has downloaded the piece 312 from 1001. Now the number of pieces it has is 1422.
2026-04-22 17:16:30,187 - Peer 1006 received the 'not interested' message from 1001.
2026-04-22 17:16:30,189 - Peer 1006 received the 'not interested' message from 1005.
2026-04-22 17:16:30,189 - Peer 1006 received the 'not interested' message from 1001.
2026-04-22 17:16:30,189 - Peer 1006 received the 'not interested' message from 1005.
2026-04-22 17:16:30,190 - Peer 1006 has downloaded the piece 864 from 1002. Now the number of pieces it has is 1423.
2026-04-22 17:16:30,192 - Peer 1006 received the 'not interested' message from 1005.
2026-04-22 17:16:30,192 - Peer 1006 has downloaded the piece 1548 from 1001. Now the number of pieces it has is 1424.
2026-04-22 17:16:30,194 - Peer 1006 received the 'not interested' message from 1003.
2026-04-22 17:16:30,194 - Peer 1006 received the 'not interested' message from 1003.
2026-04-22 17:16:30,194 - Peer 1006 received the 'not interested' message from 1003.
2026-04-22 17:16:30,195 - Peer 1006 received the 'not interested' message from 1003.
2026-04-22 17:16:30,195 - Peer 1006 has downloaded the piece 678 from 1005. Now the number of pieces it has is 1425.
2026-04-22 17:16:30,197 - Peer 1006 received the 'not interested' message from 1002.
2026-04-22 17:16:30,199 - Peer 1006 received the 'not interested' message from 1001.
2026-04-22 17:16:30,200 - Peer 1006 received the 'not interested' message from 1002.
2026-04-22 17:16:30,200 - Peer 1006 received the 'not interested' message from 1003.
2026-04-22 17:16:30,200 - Peer 1006 received the 'not interested' message from 1001.
2026-04-22 17:16:30,201 - Peer 1006 received the 'not interested' message from 1002.
2026-04-22 17:16:30,202 - Peer 1006 received the 'not interested' message from 1005.
2026-04-22 17:16:30,202 - Peer 1006 received the 'not interested' message from 1005.
2026-04-22 17:16:30,202 - Peer 1006 received the 'not interested' message from 1003.
2026-04-22 17:16:30,202 - Peer 1006 has downloaded the piece 1472 from 1001. Now the number of pieces it has is 1426.
2026-04-22 17:16:30,202 - Peer 1006 received the 'not interested' message from 1005.
2026-04-22 17:16:30,202 - Peer 1006 received the 'not interested' message from 1003.
2026-04-22 17:16:30,204 - Peer 1006 received the 'not interested' message from 1003.
2026-04-22 17:16:30,205 - Peer 1006 has downloaded the piece 1210 from 1002. Now the number of pieces it has is 1427.
2026-04-22 17:16:30,206 - Peer 1006 has downloaded the piece 262 from 1005. Now the number of pieces it has is 1428.
2026-04-22 17:16:30,207 - Peer 1006 has downloaded the piece 1152 from 1003. Now the number of pieces it has is 1429.
2026-04-22 17:16:30,212 - Peer 1006 received the 'not interested' message from 1001.
2026-04-22 17:16:30,214 - Peer 1006 received the 'not interested' message from 1003.
2026-04-22 17:16:30,214 - Peer 1006 received the 'not interested' message from 1002.
2026-04-22 17:16:30,214 - Peer 1006 received the 'not interested' message from 1001.
2026-04-22 17:16:30,214 - Peer 1006 received the 'not interested' message from 1003.
2026-04-22 17:16:30,215 - Peer 1006 received the 'not interested' message from 1001.
2026-04-22 17:16:30,215 - Peer 1006 received the 'not interested' message from 1002.
2026-04-22 17:16:30,215 - Peer 1006 received the 'not interested' message from 1003.
2026-04-22 17:16:30,216 - Peer 1006 received the 'not interested' message from 1002.
2026-04-22 17:16:30,216 - Peer 1006 received the 'not interested' message from 1001.
2026-04-22 17:16:30,216 - Peer 1006 received the 'not interested' message from 1005.
2026-04-22 17:16:30,216 - Peer 1006 received the 'not interested' message from 1003.
2026-04-22 17:16:30,217 - Peer 1006 received the 'not interested' message from 1002.
2026-04-22 17:16:30,217 - Peer 1006 received the 'not interested' message from 1001.
2026-04-22 17:16:30,218 - Peer 1006 received the 'not interested' message from 1005.
2026-04-22 17:16:30,218 - Peer 1006 received the 'not interested' message from 1002.
2026-04-22 17:16:30,219 - Peer 1006 received the 'not interested' message from 1004.
2026-04-22 17:16:30,219 - Peer 1006 has downloaded the piece 347 from 1001. Now the number of pieces it has is 1430.
2026-04-22 17:16:30,219 - Peer 1006 received the 'not interested' message from 1005.
2026-04-22 17:16:30,219 - Peer 1006 received the 'not interested' message from 1003.
2026-04-22 17:16:30,221 - Peer 1006 received the 'not interested' message from 1002.
2026-04-22 17:16:30,221 - Peer 1006 received the 'not interested' message from 1004.
2026-04-22 17:16:30,222 - Peer 1006 received the 'not interested' message from 1005.
2026-04-22 17:16:30,223 - Peer 1006 received the 'not interested' message from 1004.
2026-04-22 17:16:30,223 - Peer 1006 received the 'not interested' message from 1004.
2026-04-22 17:16:30,224 - Peer 1006 has downloaded the piece 775 from 1002. Now the number of pieces it has is 1431.
2026-04-22 17:16:30,225 - Peer 1006 has downloaded the piece 169 from 1005. Now the number of pieces it has is 1432.
2026-04-22 17:16:30,226 - Peer 1006 has downloaded the piece 1210 from 1004. Now the number of pieces it has is 1432.
2026-04-22 17:16:30,227 - Peer 1006 received the 'not interested' message from 1001.
2026-04-22 17:16:30,227 - Peer 1006 received the 'not interested' message from 1003.
2026-04-22 17:16:30,229 - Peer 1006 received the 'not interested' message from 1001.
2026-04-22 17:16:30,229 - Peer 1006 received the 'not interested' message from 1002.
2026-04-22 17:16:30,229 - Peer 1006 received the 'not interested' message from 1003.
2026-04-22 17:16:30,231 - Peer 1006 received the 'not interested' message from 1001.
2026-04-22 17:16:30,231 - Peer 1006 received the 'not interested' message from 1005.
2026-04-22 17:16:30,231 - Peer 1006 received the 'not interested' message from 1004.
2026-04-22 17:16:30,231 - Peer 1006 received the 'not interested' message from 1003.
2026-04-22 17:16:30,231 - Peer 1006 received the 'not interested' message from 1002.
2026-04-22 17:16:30,231 - Peer 1006 received the 'not interested' message from 1001.
2026-04-22 17:16:30,232 - Peer 1006 received the 'not interested' message from 1005.
2026-04-22 17:16:30,232 - Peer 1006 received the 'not interested' message from 1004.
2026-04-22 17:16:30,232 - Peer 1006 received the 'not interested' message from 1003.
2026-04-22 17:16:30,233 - Peer 1006 received the 'not interested' message from 1002.
2026-04-22 17:16:30,233 - Peer 1006 received the 'not interested' message from 1005.
2026-04-22 17:16:30,233 - Peer 1006 received the 'not interested' message from 1004.
2026-04-22 17:16:30,233 - Peer 1006 received the 'not interested' message from 1002.
2026-04-22 17:16:30,235 - Peer 1006 has downloaded the piece 80 from 1001. Now the number of pieces it has is 1433.
2026-04-22 17:16:30,235 - Peer 1006 received the 'not interested' message from 1005.
2026-04-22 17:16:30,235 - Peer 1006 received the 'not interested' message from 1004.
2026-04-22 17:16:30,236 - Peer 1006 has downloaded the piece 222 from 1003. Now the number of pieces it has is 1434.
2026-04-22 17:16:30,236 - Peer 1006 received the 'not interested' message from 1004.
2026-04-22 17:16:30,236 - Peer 1006 received the 'not interested' message from 1004.
2026-04-22 17:16:30,236 - Peer 1006 has downloaded the piece 130 from 1002. Now the number of pieces it has is 1435.
2026-04-22 17:16:30,237 - Peer 1006 received the 'not interested' message from 1004.
2026-04-22 17:16:30,237 - Peer 1006 received the 'not interested' message from 1004.
2026-04-22 17:16:30,238 - Peer 1006 received the 'not interested' message from 1004.
2026-04-22 17:16:30,239 - Peer 1006 received the 'not interested' message from 1004.
2026-04-22 17:16:30,239 - Peer 1006 has downloaded the piece 1555 from 1005. Now the number of pieces it has is 1436.
2026-04-22 17:16:30,240 - Peer 1006 received the 'not interested' message from 1004.
2026-04-22 17:16:30,241 - Peer 1006 received the 'not interested' message from 1004.
2026-04-22 17:16:30,243 - Peer 1006 received the 'not interested' message from 1004.
2026-04-22 17:16:30,244 - Peer 1006 received the 'not interested' message from 1004.
2026-04-22 17:16:30,246 - Peer 1006 received the 'not interested' message from 1003.
2026-04-22 17:16:30,246 - Peer 1006 received the 'not interested' message from 1002.
2026-04-22 17:16:30,246 - Peer 1006 received the 'not interested' message from 1004.
2026-04-22 17:16:30,246 - Peer 1006 received the 'not interested' message from 1001.
2026-04-22 17:16:30,246 - Peer 1006 received the 'not interested' message from 1005.
2026-04-22 17:16:30,247 - Peer 1006 received the 'not interested' message from 1003.
2026-04-22 17:16:30,247 - Peer 1006 received the 'not interested' message from 1002.
2026-04-22 17:16:30,247 - Peer 1006 received the 'not interested' message from 1004.
2026-04-22 17:16:30,247 - Peer 1006 received the 'not interested' message from 1001.
2026-04-22 17:16:30,247 - Peer 1006 received the 'not interested' message from 1005.
2026-04-22 17:16:30,249 - Peer 1006 received the 'not interested' message from 1003.
2026-04-22 17:16:30,249 - Peer 1006 received the 'not interested' message from 1002.
2026-04-22 17:16:30,249 - Peer 1006 received the 'not interested' message from 1004.
2026-04-22 17:16:30,249 - Peer 1006 received the 'not interested' message from 1001.
2026-04-22 17:16:30,249 - Peer 1006 received the 'not interested' message from 1005.
2026-04-22 17:16:30,250 - Peer 1006 received the 'not interested' message from 1003.
2026-04-22 17:16:30,250 - Peer 1006 received the 'not interested' message from 1002.
2026-04-22 17:16:30,251 - Peer 1006 received the 'not interested' message from 1004.
2026-04-22 17:16:30,251 - Peer 1006 received the 'not interested' message from 1001.
2026-04-22 17:16:30,251 - Peer 1006 received the 'not interested' message from 1005.
2026-04-22 17:16:30,252 - Peer 1006 received the 'not interested' message from 1004.
2026-04-22 17:16:30,253 - Peer 1006 has downloaded the piece 1426 from 1002. Now the number of pieces it has is 1437.
2026-04-22 17:16:30,254 - Peer 1006 received the 'not interested' message from 1003.
2026-04-22 17:16:30,254 - Peer 1006 has downloaded the piece 590 from 1001. Now the number of pieces it has is 1438.
2026-04-22 17:16:30,255 - Peer 1006 has downloaded the piece 1380 from 1004. Now the number of pieces it has is 1439.
2026-04-22 17:16:30,256 - Peer 1006 has downloaded the piece 889 from 1005. Now the number of pieces it has is 1440.
2026-04-22 17:16:30,256 - Peer 1006 received the 'not interested' message from 1003.
2026-04-22 17:16:30,257 - Peer 1006 received the 'not interested' message from 1003.
2026-04-22 17:16:30,259 - Peer 1006 received the 'not interested' message from 1003.
2026-04-22 17:16:30,260 - Peer 1006 has downloaded the piece 638 from 1003. Now the number of pieces it has is 1441.
2026-04-22 17:16:30,262 - Peer 1006 received the 'not interested' message from 1002.
2026-04-22 17:16:30,263 - Peer 1006 received the 'not interested' message from 1001.
2026-04-22 17:16:30,263 - Peer 1006 received the 'not interested' message from 1005.
2026-04-22 17:16:30,263 - Peer 1006 received the 'not interested' message from 1002.
2026-04-22 17:16:30,264 - Peer 1006 received the 'not interested' message from 1004.
2026-04-22 17:16:30,264 - Peer 1006 received the 'not interested' message from 1001.
2026-04-22 17:16:30,264 - Peer 1006 received the 'not interested' message from 1005.
2026-04-22 17:16:30,265 - Peer 1006 received the 'not interested' message from 1003.
2026-04-22 17:16:30,265 - Peer 1006 received the 'not interested' message from 1002.
2026-04-22 17:16:30,265 - Peer 1006 received the 'not interested' message from 1001.
2026-04-22 17:16:30,266 - Peer 1006 received the 'not interested' message from 1005.
2026-04-22 17:16:30,266 - Peer 1006 received the 'not interested' message from 1002.
2026-04-22 17:16:30,266 - Peer 1006 received the 'not interested' message from 1001.
2026-04-22 17:16:30,266 - Peer 1006 received the 'not interested' message from 1005.
2026-04-22 17:16:30,266 - Peer 1006 received the 'not interested' message from 1003.
2026-04-22 17:16:30,268 - Peer 1006 has downloaded the piece 1181 from 1002. Now the number of pieces it has is 1442.
2026-04-22 17:16:30,270 - Peer 1006 has downloaded the piece 243 from 1005. Now the number of pieces it has is 1443.
2026-04-22 17:16:30,270 - Peer 1006 has downloaded the piece 1030 from 1001. Now the number of pieces it has is 1444.
2026-04-22 17:16:30,272 - Peer 1006 received the 'not interested' message from 1003.
2026-04-22 17:16:30,275 - Peer 1006 received the 'not interested' message from 1005.
2026-04-22 17:16:30,275 - Peer 1006 received the 'not interested' message from 1003.
2026-04-22 17:16:30,276 - Peer 1006 received the 'not interested' message from 1002.
2026-04-22 17:16:30,276 - Peer 1006 received the 'not interested' message from 1005.
2026-04-22 17:16:30,277 - Peer 1006 received the 'not interested' message from 1001.
2026-04-22 17:16:30,277 - Peer 1006 received the 'not interested' message from 1003.
2026-04-22 17:16:30,277 - Peer 1006 received the 'not interested' message from 1002.
2026-04-22 17:16:30,277 - Peer 1006 received the 'not interested' message from 1001.
2026-04-22 17:16:30,279 - Peer 1006 received the 'not interested' message from 1002.
2026-04-22 17:16:30,279 - Peer 1006 received the 'not interested' message from 1001.
2026-04-22 17:16:30,279 - Peer 1006 received the 'not interested' message from 1002.
2026-04-22 17:16:30,279 - Peer 1006 has downloaded the piece 848 from 1005. Now the number of pieces it has is 1445.
2026-04-22 17:16:30,279 - Peer 1006 received the 'not interested' message from 1001.
2026-04-22 17:16:30,281 - Peer 1006 has downloaded the piece 606 from 1003. Now the number of pieces it has is 1446.
2026-04-22 17:16:30,282 - Peer 1006 has downloaded the piece 1399 from 1002. Now the number of pieces it has is 1447.
2026-04-22 17:16:30,282 - Peer 1006 has downloaded the piece 35 from 1001. Now the number of pieces it has is 1448.
2026-04-22 17:16:30,287 - Peer 1006 received the 'not interested' message from 1001.
2026-04-22 17:16:30,287 - Peer 1006 received the 'not interested' message from 1002.
2026-04-22 17:16:30,287 - Peer 1006 received the 'not interested' message from 1001.
2026-04-22 17:16:30,287 - Peer 1006 received the 'not interested' message from 1003.
2026-04-22 17:16:30,289 - Peer 1006 received the 'not interested' message from 1005.
2026-04-22 17:16:30,289 - Peer 1006 received the 'not interested' message from 1002.
2026-04-22 17:16:30,289 - Peer 1006 received the 'not interested' message from 1001.
2026-04-22 17:16:30,289 - Peer 1006 received the 'not interested' message from 1005.
2026-04-22 17:16:30,289 - Peer 1006 received the 'not interested' message from 1002.
2026-04-22 17:16:30,289 - Peer 1006 received the 'not interested' message from 1005.
2026-04-22 17:16:30,289 - Peer 1006 received the 'not interested' message from 1001.
2026-04-22 17:16:30,289 - Peer 1006 received the 'not interested' message from 1002.
2026-04-22 17:16:30,291 - Peer 1006 received the 'not interested' message from 1005.
2026-04-22 17:16:30,291 - Peer 1006 received the 'not interested' message from 1005.
2026-04-22 17:16:30,292 - Peer 1006 received the 'not interested' message from 1005.
2026-04-22 17:16:30,292 - Peer 1006 has downloaded the piece 290 from 1001. Now the number of pieces it has is 1449.
2026-04-22 17:16:30,293 - Peer 1006 has downloaded the piece 506 from 1002. Now the number of pieces it has is 1450.
2026-04-22 17:16:30,294 - Peer 1006 has downloaded the piece 1551 from 1005. Now the number of pieces it has is 1451.
2026-04-22 17:16:30,296 - Peer 1006 received the 'not interested' message from 1003.
2026-04-22 17:16:30,297 - Peer 1006 received the 'not interested' message from 1003.
2026-04-22 17:16:30,298 - Peer 1006 received the 'not interested' message from 1001.
2026-04-22 17:16:30,298 - Peer 1006 received the 'not interested' message from 1002.
2026-04-22 17:16:30,298 - Peer 1006 received the 'not interested' message from 1001.
2026-04-22 17:16:30,298 - Peer 1006 received the 'not interested' message from 1002.
2026-04-22 17:16:30,298 - Peer 1006 received the 'not interested' message from 1001.
2026-04-22 17:16:30,299 - Peer 1006 received the 'not interested' message from 1002.
2026-04-22 17:16:30,299 - Peer 1006 received the 'not interested' message from 1005.
2026-04-22 17:16:30,299 - Peer 1006 received the 'not interested' message from 1005.
2026-04-22 17:16:30,301 - Peer 1006 received the 'not interested' message from 1005.
2026-04-22 17:16:30,301 - Peer 1006 received the 'not interested' message from 1003.
2026-04-22 17:16:30,302 - Peer 1006 has downloaded the piece 117 from 1001. Now the number of pieces it has is 1452.
2026-04-22 17:16:30,302 - Peer 1006 received the 'not interested' message from 1003.
2026-04-22 17:16:30,303 - Peer 1006 received the 'not interested' message from 1003.
2026-04-22 17:16:30,303 - Peer 1006 received the 'not interested' message from 1003.
2026-04-22 17:16:30,304 - Peer 1006 has downloaded the piece 552 from 1002. Now the number of pieces it has is 1453.
2026-04-22 17:16:30,305 - Peer 1006 has downloaded the piece 915 from 1005. Now the number of pieces it has is 1454.
2026-04-22 17:16:30,305 - Peer 1006 has downloaded the piece 1355 from 1003. Now the number of pieces it has is 1455.
2026-04-22 17:16:30,306 - Peer 1006 received the 'not interested' message from 1004.
2026-04-22 17:16:30,307 - Peer 1006 received the 'not interested' message from 1004.
2026-04-22 17:16:30,309 - Peer 1006 received the 'not interested' message from 1004.
2026-04-22 17:16:30,309 - Peer 1006 received the 'not interested' message from 1002.
2026-04-22 17:16:30,310 - Peer 1006 received the 'not interested' message from 1002.
2026-04-22 17:16:30,311 - Peer 1006 received the 'not interested' message from 1003.
2026-04-22 17:16:30,312 - Peer 1006 received the 'not interested' message from 1002.
2026-04-22 17:16:30,312 - Peer 1006 received the 'not interested' message from 1001.
2026-04-22 17:16:30,312 - Peer 1006 received the 'not interested' message from 1005.
2026-04-22 17:16:30,312 - Peer 1006 received the 'not interested' message from 1002.
2026-04-22 17:16:30,312 - Peer 1006 received the 'not interested' message from 1001.
2026-04-22 17:16:30,312 - Peer 1006 received the 'not interested' message from 1005.
2026-04-22 17:16:30,313 - Peer 1006 received the 'not interested' message from 1005.
2026-04-22 17:16:30,313 - Peer 1006 received the 'not interested' message from 1001.
2026-04-22 17:16:30,313 - Peer 1006 received the 'not interested' message from 1005.
2026-04-22 17:16:30,313 - Peer 1006 received the 'not interested' message from 1001.
2026-04-22 17:16:30,314 - Peer 1006 has downloaded the piece 54 from 1002. Now the number of pieces it has is 1456.
2026-04-22 17:16:30,315 - Peer 1006 has downloaded the piece 759 from 1005. Now the number of pieces it has is 1457.
2026-04-22 17:16:30,315 - Peer 1006 received the 'not interested' message from 1004.
2026-04-22 17:16:30,315 - Peer 1006 received the 'not interested' message from 1003.
2026-04-22 17:16:30,316 - Peer 1006 received the 'not interested' message from 1004.
2026-04-22 17:16:30,316 - Peer 1006 has downloaded the piece 480 from 1001. Now the number of pieces it has is 1458.
2026-04-22 17:16:30,317 - Peer 1006 received the 'not interested' message from 1004.
2026-04-22 17:16:30,317 - Peer 1006 received the 'not interested' message from 1003.
2026-04-22 17:16:30,317 - Peer 1006 received the 'not interested' message from 1004.
2026-04-22 17:16:30,322 - Peer 1006 has downloaded the piece 986 from 1004. Now the number of pieces it has is 1459.
2026-04-22 17:16:30,323 - Peer 1006 received the 'not interested' message from 1002.
2026-04-22 17:16:30,323 - Peer 1006 received the 'not interested' message from 1003.
2026-04-22 17:16:30,323 - Peer 1006 received the 'not interested' message from 1001.
2026-04-22 17:16:30,323 - Peer 1006 received the 'not interested' message from 1005.
2026-04-22 17:16:30,324 - Peer 1006 received the 'not interested' message from 1003.
2026-04-22 17:16:30,324 - Peer 1006 received the 'not interested' message from 1002.
2026-04-22 17:16:30,324 - Peer 1006 received the 'not interested' message from 1001.
2026-04-22 17:16:30,325 - Peer 1006 received the 'not interested' message from 1005.
2026-04-22 17:16:30,325 - Peer 1006 received the 'not interested' message from 1003.
2026-04-22 17:16:30,326 - Peer 1006 received the 'not interested' message from 1004.
2026-04-22 17:16:30,326 - Peer 1006 received the 'not interested' message from 1002.
2026-04-22 17:16:30,326 - Peer 1006 received the 'not interested' message from 1001.
2026-04-22 17:16:30,326 - Peer 1006 received the 'not interested' message from 1005.
2026-04-22 17:16:30,327 - Peer 1006 received the 'not interested' message from 1003.
2026-04-22 17:16:30,327 - Peer 1006 received the 'not interested' message from 1004.
2026-04-22 17:16:30,329 - Peer 1006 received the 'not interested' message from 1004.
2026-04-22 17:16:30,329 - Peer 1006 has downloaded the piece 773 from 1002. Now the number of pieces it has is 1460.
2026-04-22 17:16:30,331 - Peer 1006 received the 'not interested' message from 1004.
2026-04-22 17:16:30,331 - Peer 1006 received the 'not interested' message from 1004.
2026-04-22 17:16:30,332 - Peer 1006 has downloaded the piece 827 from 1001. Now the number of pieces it has is 1461.
2026-04-22 17:16:30,332 - Peer 1006 received the 'not interested' message from 1004.
2026-04-22 17:16:30,333 - Peer 1006 received the 'not interested' message from 1004.
2026-04-22 17:16:30,333 - Peer 1006 has downloaded the piece 759 from 1003. Now the number of pieces it has is 1461.
2026-04-22 17:16:30,333 - Peer 1006 received the 'not interested' message from 1004.
2026-04-22 17:16:30,334 - Peer 1006 received the 'not interested' message from 1004.
2026-04-22 17:16:30,334 - Peer 1006 received the 'not interested' message from 1004.
2026-04-22 17:16:30,334 - Peer 1006 received the 'not interested' message from 1004.
2026-04-22 17:16:30,334 - Peer 1006 received the 'not interested' message from 1004.
2026-04-22 17:16:30,335 - Peer 1006 has downloaded the piece 511 from 1005. Now the number of pieces it has is 1462.
2026-04-22 17:16:30,336 - Peer 1006 received the 'not interested' message from 1004.
2026-04-22 17:16:30,339 - Peer 1006 received the 'not interested' message from 1003.
2026-04-22 17:16:30,339 - Peer 1006 received the 'not interested' message from 1004.
2026-04-22 17:16:30,339 - Peer 1006 received the 'not interested' message from 1001.
2026-04-22 17:16:30,340 - Peer 1006 received the 'not interested' message from 1002.
2026-04-22 17:16:30,340 - Peer 1006 received the 'not interested' message from 1003.
2026-04-22 17:16:30,340 - Peer 1006 received the 'not interested' message from 1004.
2026-04-22 17:16:30,340 - Peer 1006 received the 'not interested' message from 1001.
2026-04-22 17:16:30,341 - Peer 1006 received the 'not interested' message from 1002.
2026-04-22 17:16:30,341 - Peer 1006 received the 'not interested' message from 1003.
2026-04-22 17:16:30,342 - Peer 1006 received the 'not interested' message from 1004.
2026-04-22 17:16:30,342 - Peer 1006 received the 'not interested' message from 1005.
2026-04-22 17:16:30,343 - Peer 1006 received the 'not interested' message from 1001.
2026-04-22 17:16:30,343 - Peer 1006 received the 'not interested' message from 1002.
2026-04-22 17:16:30,343 - Peer 1006 received the 'not interested' message from 1004.
2026-04-22 17:16:30,343 - Peer 1006 received the 'not interested' message from 1005.
2026-04-22 17:16:30,344 - Peer 1006 received the 'not interested' message from 1001.
2026-04-22 17:16:30,344 - Peer 1006 received the 'not interested' message from 1002.
2026-04-22 17:16:30,344 - Peer 1006 received the 'not interested' message from 1004.
2026-04-22 17:16:30,344 - Peer 1006 received the 'not interested' message from 1005.
2026-04-22 17:16:30,345 - Peer 1006 received the 'not interested' message from 1001.
2026-04-22 17:16:30,345 - Peer 1006 received the 'not interested' message from 1004.
2026-04-22 17:16:30,345 - Peer 1006 received the 'not interested' message from 1005.
2026-04-22 17:16:30,346 - Peer 1006 has downloaded the piece 36 from 1002. Now the number of pieces it has is 1463.
2026-04-22 17:16:30,347 - Peer 1006 received the 'not interested' message from 1005.
2026-04-22 17:16:30,347 - Peer 1006 has downloaded the piece 950 from 1001. Now the number of pieces it has is 1464.
2026-04-22 17:16:30,349 - Peer 1006 has downloaded the piece 141 from 1005. Now the number of pieces it has is 1465.
2026-04-22 17:16:30,350 - Peer 1006 received the 'not interested' message from 1003.
2026-04-22 17:16:30,352 - Peer 1006 received the 'not interested' message from 1003.
2026-04-22 17:16:30,352 - Peer 1006 received the 'not interested' message from 1003.
2026-04-22 17:16:30,353 - Peer 1006 received the 'not interested' message from 1003.
2026-04-22 17:16:30,353 - Peer 1006 has downloaded the piece 1221 from 1004. Now the number of pieces it has is 1466.
2026-04-22 17:16:30,355 - Peer 1006 has downloaded the piece 470 from 1003. Now the number of pieces it has is 1467.
2026-04-22 17:16:30,359 - Peer 1006 received the 'not interested' message from 1002.
2026-04-22 17:16:30,360 - Peer 1006 received the 'not interested' message from 1002.
2026-04-22 17:16:30,360 - Peer 1006 received the 'not interested' message from 1004.
2026-04-22 17:16:30,362 - Peer 1006 received the 'not interested' message from 1002.
2026-04-22 17:16:30,362 - Peer 1006 received the 'not interested' message from 1001.
2026-04-22 17:16:30,362 - Peer 1006 received the 'not interested' message from 1005.
2026-04-22 17:16:30,362 - Peer 1006 received the 'not interested' message from 1003.
2026-04-22 17:16:30,362 - Peer 1006 received the 'not interested' message from 1004.
2026-04-22 17:16:30,363 - Peer 1006 received the 'not interested' message from 1002.
2026-04-22 17:16:30,363 - Peer 1006 received the 'not interested' message from 1005.
2026-04-22 17:16:30,364 - Peer 1006 received the 'not interested' message from 1001.
2026-04-22 17:16:30,364 - Peer 1006 received the 'not interested' message from 1003.
2026-04-22 17:16:30,364 - Peer 1006 received the 'not interested' message from 1004.
2026-04-22 17:16:30,365 - Peer 1006 received the 'not interested' message from 1002.
2026-04-22 17:16:30,365 - Peer 1006 received the 'not interested' message from 1005.
2026-04-22 17:16:30,366 - Peer 1006 received the 'not interested' message from 1001.
2026-04-22 17:16:30,366 - Peer 1006 received the 'not interested' message from 1004.
2026-04-22 17:16:30,366 - Peer 1006 received the 'not interested' message from 1002.
2026-04-22 17:16:30,367 - Peer 1006 received the 'not interested' message from 1005.
2026-04-22 17:16:30,367 - Peer 1006 received the 'not interested' message from 1001.
2026-04-22 17:16:30,367 - Peer 1006 received the 'not interested' message from 1001.
2026-04-22 17:16:30,367 - Peer 1006 received the 'not interested' message from 1005.
2026-04-22 17:16:30,367 - Peer 1006 has downloaded the piece 1598 from 1002. Now the number of pieces it has is 1468.
2026-04-22 17:16:30,368 - Peer 1006 received the 'not interested' message from 1004.
2026-04-22 17:16:30,368 - Peer 1006 received the 'not interested' message from 1003.
2026-04-22 17:16:30,368 - Peer 1006 has downloaded the piece 660 from 1001. Now the number of pieces it has is 1469.
2026-04-22 17:16:30,368 - Peer 1006 received the 'not interested' message from 1003.
2026-04-22 17:16:30,368 - Peer 1006 received the 'not interested' message from 1003.
2026-04-22 17:16:30,370 - Peer 1006 has downloaded the piece 370 from 1005. Now the number of pieces it has is 1470.
2026-04-22 17:16:30,370 - Peer 1006 received the 'not interested' message from 1003.
2026-04-22 17:16:30,371 - Peer 1006 has downloaded the piece 526 from 1003. Now the number of pieces it has is 1471.
2026-04-22 17:16:30,374 - Peer 1006 received the 'not interested' message from 1002.
2026-04-22 17:16:30,374 - Peer 1006 received the 'not interested' message from 1001.
2026-04-22 17:16:30,376 - Peer 1006 received the 'not interested' message from 1002.
2026-04-22 17:16:30,376 - Peer 1006 received the 'not interested' message from 1005.
2026-04-22 17:16:30,376 - Peer 1006 received the 'not interested' message from 1004.
2026-04-22 17:16:30,377 - Peer 1006 received the 'not interested' message from 1002.
2026-04-22 17:16:30,377 - Peer 1006 received the 'not interested' message from 1003.
2026-04-22 17:16:30,377 - Peer 1006 received the 'not interested' message from 1001.
2026-04-22 17:16:30,377 - Peer 1006 received the 'not interested' message from 1005.
2026-04-22 17:16:30,377 - Peer 1006 received the 'not interested' message from 1004.
2026-04-22 17:16:30,379 - Peer 1006 received the 'not interested' message from 1001.
2026-04-22 17:16:30,380 - Peer 1006 has downloaded the piece 657 from 1002. Now the number of pieces it has is 1472.
2026-04-22 17:16:30,380 - Peer 1006 received the 'not interested' message from 1005.
2026-04-22 17:16:30,381 - Peer 1006 received the 'not interested' message from 1004.
2026-04-22 17:16:30,381 - Peer 1006 received the 'not interested' message from 1001.
2026-04-22 17:16:30,381 - Peer 1006 received the 'not interested' message from 1004.
2026-04-22 17:16:30,382 - Peer 1006 has downloaded the piece 1000 from 1005. Now the number of pieces it has is 1473.
2026-04-22 17:16:30,382 - Peer 1006 has downloaded the piece 1153 from 1001. Now the number of pieces it has is 1474.
2026-04-22 17:16:30,384 - Peer 1006 has downloaded the piece 1492 from 1004. Now the number of pieces it has is 1475.
2026-04-22 17:16:30,389 - Peer 1006 received the 'not interested' message from 1003.
2026-04-22 17:16:30,389 - Peer 1006 received the 'not interested' message from 1002.
2026-04-22 17:16:30,389 - Peer 1006 received the 'not interested' message from 1001.
2026-04-22 17:16:30,389 - Peer 1006 received the 'not interested' message from 1004.
2026-04-22 17:16:30,389 - Peer 1006 received the 'not interested' message from 1005.
2026-04-22 17:16:30,390 - Peer 1006 received the 'not interested' message from 1002.
2026-04-22 17:16:30,390 - Peer 1006 received the 'not interested' message from 1001.
2026-04-22 17:16:30,391 - Peer 1006 received the 'not interested' message from 1005.
2026-04-22 17:16:30,391 - Peer 1006 received the 'not interested' message from 1002.
2026-04-22 17:16:30,392 - Peer 1006 received the 'not interested' message from 1001.
2026-04-22 17:16:30,392 - Peer 1006 received the 'not interested' message from 1005.
2026-04-22 17:16:30,392 - Peer 1006 received the 'not interested' message from 1002.
2026-04-22 17:16:30,392 - Peer 1006 received the 'not interested' message from 1001.
2026-04-22 17:16:30,393 - Peer 1006 received the 'not interested' message from 1005.
2026-04-22 17:16:30,393 - Peer 1006 received the 'not interested' message from 1002.
2026-04-22 17:16:30,393 - Peer 1006 received the 'not interested' message from 1005.
2026-04-22 17:16:30,394 - Peer 1006 has downloaded the piece 1434 from 1001. Now the number of pieces it has is 1476.
2026-04-22 17:16:30,394 - Peer 1006 received the 'not interested' message from 1004.
2026-04-22 17:16:30,394 - Peer 1006 received the 'not interested' message from 1003.
2026-04-22 17:16:30,395 - Peer 1006 has downloaded the piece 376 from 1002. Now the number of pieces it has is 1477.
2026-04-22 17:16:30,395 - Peer 1006 received the 'not interested' message from 1004.
2026-04-22 17:16:30,396 - Peer 1006 received the 'not interested' message from 1003.
2026-04-22 17:16:30,396 - Peer 1006 has downloaded the piece 883 from 1005. Now the number of pieces it has is 1478.
2026-04-22 17:16:30,398 - Peer 1006 has downloaded the piece 1565 from 1003. Now the number of pieces it has is 1479.
2026-04-22 17:16:30,402 - Peer 1006 received the 'not interested' message from 1004.
2026-04-22 17:16:30,403 - Peer 1006 received the 'not interested' message from 1004.
2026-04-22 17:16:30,404 - Peer 1006 received the 'not interested' message from 1002.
2026-04-22 17:16:30,404 - Peer 1006 received the 'not interested' message from 1003.
2026-04-22 17:16:30,405 - Peer 1006 received the 'not interested' message from 1004.
2026-04-22 17:16:30,405 - Peer 1006 received the 'not interested' message from 1001.
2026-04-22 17:16:30,405 - Peer 1006 received the 'not interested' message from 1002.
2026-04-22 17:16:30,406 - Peer 1006 received the 'not interested' message from 1003.
2026-04-22 17:16:30,406 - Peer 1006 received the 'not interested' message from 1005.
2026-04-22 17:16:30,406 - Peer 1006 received the 'not interested' message from 1004.
2026-04-22 17:16:30,407 - Peer 1006 received the 'not interested' message from 1001.
2026-04-22 17:16:30,407 - Peer 1006 received the 'not interested' message from 1002.
2026-04-22 17:16:30,408 - Peer 1006 received the 'not interested' message from 1003.
2026-04-22 17:16:30,408 - Peer 1006 received the 'not interested' message from 1005.
2026-04-22 17:16:30,408 - Peer 1006 received the 'not interested' message from 1001.
2026-04-22 17:16:30,408 - Peer 1006 received the 'not interested' message from 1002.
2026-04-22 17:16:30,408 - Peer 1006 received the 'not interested' message from 1004.
2026-04-22 17:16:30,408 - Peer 1006 received the 'not interested' message from 1003.
2026-04-22 17:16:30,409 - Peer 1006 received the 'not interested' message from 1005.
2026-04-22 17:16:30,409 - Peer 1006 received the 'not interested' message from 1001.
2026-04-22 17:16:30,409 - Peer 1006 received the 'not interested' message from 1003.
2026-04-22 17:16:30,409 - Peer 1006 received the 'not interested' message from 1005.
2026-04-22 17:16:30,411 - Peer 1006 has downloaded the piece 1539 from 1002. Now the number of pieces it has is 1480.
2026-04-22 17:16:30,411 - Peer 1006 has downloaded the piece 661 from 1004. Now the number of pieces it has is 1481.
2026-04-22 17:16:30,412 - Peer 1006 has downloaded the piece 251 from 1001. Now the number of pieces it has is 1482.
2026-04-22 17:16:30,413 - Peer 1006 received the 'not interested' message from 1003.
2026-04-22 17:16:30,413 - Peer 1006 has downloaded the piece 1251 from 1005. Now the number of pieces it has is 1483.
2026-04-22 17:16:30,415 - Peer 1006 received the 'not interested' message from 1003.
2026-04-22 17:16:30,417 - Peer 1006 received the 'not interested' message from 1004.
2026-04-22 17:16:30,417 - Peer 1006 received the 'not interested' message from 1002.
2026-04-22 17:16:30,417 - Peer 1006 received the 'not interested' message from 1001.
2026-04-22 17:16:30,417 - Peer 1006 received the 'not interested' message from 1003.
2026-04-22 17:16:30,419 - Peer 1006 received the 'not interested' message from 1002.
2026-04-22 17:16:30,419 - Peer 1006 received the 'not interested' message from 1001.
2026-04-22 17:16:30,419 - Peer 1006 received the 'not interested' message from 1002.
2026-04-22 17:16:30,420 - Peer 1006 received the 'not interested' message from 1001.
2026-04-22 17:16:30,421 - Peer 1006 received the 'not interested' message from 1002.
2026-04-22 17:16:30,421 - Peer 1006 received the 'not interested' message from 1001.
2026-04-22 17:16:30,421 - Peer 1006 has downloaded the piece 1487 from 1003. Now the number of pieces it has is 1484.
2026-04-22 17:16:30,422 - Peer 1006 received the 'not interested' message from 1005.
2026-04-22 17:16:30,422 - Peer 1006 received the 'not interested' message from 1005.
2026-04-22 17:16:30,422 - Peer 1006 received the 'not interested' message from 1005.
2026-04-22 17:16:30,423 - Peer 1006 has downloaded the piece 1306 from 1001. Now the number of pieces it has is 1485.
2026-04-22 17:16:30,423 - Peer 1006 received the 'not interested' message from 1005.
2026-04-22 17:16:30,423 - Peer 1006 received the 'not interested' message from 1004.
2026-04-22 17:16:30,424 - Peer 1006 received the 'not interested' message from 1004.
2026-04-22 17:16:30,424 - Peer 1006 has downloaded the piece 1155 from 1002. Now the number of pieces it has is 1486.
2026-04-22 17:16:30,426 - Peer 1006 has downloaded the piece 1131 from 1005. Now the number of pieces it has is 1487.
2026-04-22 17:16:30,427 - Peer 1006 received the 'not interested' message from 1004.
2026-04-22 17:16:30,429 - Peer 1006 received the 'not interested' message from 1001.
2026-04-22 17:16:30,430 - Peer 1006 received the 'not interested' message from 1004.
2026-04-22 17:16:30,430 - Peer 1006 received the 'not interested' message from 1001.
2026-04-22 17:16:30,431 - Peer 1006 received the 'not interested' message from 1003.
2026-04-22 17:16:30,432 - Peer 1006 received the 'not interested' message from 1001.
2026-04-22 17:16:30,432 - Peer 1006 received the 'not interested' message from 1002.
2026-04-22 17:16:30,432 - Peer 1006 received the 'not interested' message from 1005.
2026-04-22 17:16:30,433 - Peer 1006 received the 'not interested' message from 1001.
2026-04-22 17:16:30,433 - Peer 1006 received the 'not interested' message from 1003.
2026-04-22 17:16:30,434 - Peer 1006 received the 'not interested' message from 1002.
2026-04-22 17:16:30,434 - Peer 1006 received the 'not interested' message from 1005.
2026-04-22 17:16:30,434 - Peer 1006 received the 'not interested' message from 1003.
2026-04-22 17:16:30,434 - Peer 1006 received the 'not interested' message from 1002.
2026-04-22 17:16:30,435 - Peer 1006 has downloaded the piece 415 from 1004. Now the number of pieces it has is 1488.
2026-04-22 17:16:30,435 - Peer 1006 received the 'not interested' message from 1005.
2026-04-22 17:16:30,436 - Peer 1006 received the 'not interested' message from 1002.
2026-04-22 17:16:30,436 - Peer 1006 received the 'not interested' message from 1005.
2026-04-22 17:16:30,436 - Peer 1006 has downloaded the piece 1459 from 1001. Now the number of pieces it has is 1489.
2026-04-22 17:16:30,437 - Peer 1006 received the 'not interested' message from 1003.
2026-04-22 17:16:30,437 - Peer 1006 has downloaded the piece 878 from 1002. Now the number of pieces it has is 1490.
2026-04-22 17:16:30,439 - Peer 1006 has downloaded the piece 17 from 1005. Now the number of pieces it has is 1491.
2026-04-22 17:16:30,441 - Peer 1006 received the 'not interested' message from 1004.
2026-04-22 17:16:30,443 - Peer 1006 received the 'not interested' message from 1004.
2026-04-22 17:16:30,444 - Peer 1006 received the 'not interested' message from 1004.
2026-04-22 17:16:30,445 - Peer 1006 received the 'not interested' message from 1002.
2026-04-22 17:16:30,446 - Peer 1006 received the 'not interested' message from 1005.
2026-04-22 17:16:30,446 - Peer 1006 received the 'not interested' message from 1002.
2026-04-22 17:16:30,447 - Peer 1006 received the 'not interested' message from 1001.
2026-04-22 17:16:30,447 - Peer 1006 received the 'not interested' message from 1005.
2026-04-22 17:16:30,447 - Peer 1006 received the 'not interested' message from 1002.
2026-04-22 17:16:30,447 - Peer 1006 received the 'not interested' message from 1005.
2026-04-22 17:16:30,447 - Peer 1006 received the 'not interested' message from 1001.
2026-04-22 17:16:30,449 - Peer 1006 received the 'not interested' message from 1002.
2026-04-22 17:16:30,450 - Peer 1006 received the 'not interested' message from 1001.
2026-04-22 17:16:30,450 - Peer 1006 received the 'not interested' message from 1004.
2026-04-22 17:16:30,451 - Peer 1006 has downloaded the piece 974 from 1002. Now the number of pieces it has is 1492.
2026-04-22 17:16:30,451 - Peer 1006 received the 'not interested' message from 1001.
2026-04-22 17:16:30,452 - Peer 1006 has downloaded the piece 1093 from 1005. Now the number of pieces it has is 1493.
2026-04-22 17:16:30,453 - Peer 1006 has downloaded the piece 528 from 1001. Now the number of pieces it has is 1494.
2026-04-22 17:16:30,456 - Peer 1006 received the 'not interested' message from 1002.
2026-04-22 17:16:30,457 - Peer 1006 received the 'not interested' message from 1004.
2026-04-22 17:16:30,457 - Peer 1006 received the 'not interested' message from 1003.
2026-04-22 17:16:30,457 - Peer 1006 received the 'not interested' message from 1005.
2026-04-22 17:16:30,457 - Peer 1006 received the 'not interested' message from 1002.
2026-04-22 17:16:30,459 - Peer 1006 received the 'not interested' message from 1001.
2026-04-22 17:16:30,459 - Peer 1006 received the 'not interested' message from 1003.
2026-04-22 17:16:30,459 - Peer 1006 received the 'not interested' message from 1005.
2026-04-22 17:16:30,459 - Peer 1006 received the 'not interested' message from 1002.
2026-04-22 17:16:30,459 - Peer 1006 received the 'not interested' message from 1001.
2026-04-22 17:16:30,461 - Peer 1006 received the 'not interested' message from 1005.
2026-04-22 17:16:30,461 - Peer 1006 received the 'not interested' message from 1001.
2026-04-22 17:16:30,462 - Peer 1006 received the 'not interested' message from 1005.
2026-04-22 17:16:30,462 - Peer 1006 has downloaded the piece 191 from 1002. Now the number of pieces it has is 1495.
2026-04-22 17:16:30,463 - Peer 1006 has downloaded the piece 372 from 1001. Now the number of pieces it has is 1496.
2026-04-22 17:16:30,464 - Peer 1006 has downloaded the piece 951 from 1005. Now the number of pieces it has is 1497.
2026-04-22 17:16:30,467 - Peer 1006 received the 'not interested' message from 1001.
2026-04-22 17:16:30,467 - Peer 1006 received the 'not interested' message from 1001.
2026-04-22 17:16:30,469 - Peer 1006 received the 'not interested' message from 1005.
2026-04-22 17:16:30,469 - Peer 1006 received the 'not interested' message from 1002.
2026-04-22 17:16:30,469 - Peer 1006 received the 'not interested' message from 1001.
2026-04-22 17:16:30,469 - Peer 1006 received the 'not interested' message from 1003.
2026-04-22 17:16:30,469 - Peer 1006 received the 'not interested' message from 1005.
2026-04-22 17:16:30,469 - Peer 1006 received the 'not interested' message from 1002.
2026-04-22 17:16:30,470 - Peer 1006 received the 'not interested' message from 1005.
2026-04-22 17:16:30,470 - Peer 1006 received the 'not interested' message from 1002.
2026-04-22 17:16:30,472 - Peer 1006 has downloaded the piece 1332 from 1001. Now the number of pieces it has is 1498.
2026-04-22 17:16:30,473 - Peer 1006 received the 'not interested' message from 1004.
2026-04-22 17:16:30,473 - Peer 1006 has downloaded the piece 1214 from 1003. Now the number of pieces it has is 1499.
2026-04-22 17:16:30,473 - Peer 1006 received the 'not interested' message from 1004.
2026-04-22 17:16:30,475 - Peer 1006 has downloaded the piece 539 from 1002. Now the number of pieces it has is 1500.
2026-04-22 17:16:30,476 - Peer 1006 has downloaded the piece 1338 from 1005. Now the number of pieces it has is 1501.
2026-04-22 17:16:30,480 - Peer 1006 received the 'not interested' message from 1001.
2026-04-22 17:16:30,482 - Peer 1006 received the 'not interested' message from 1003.
2026-04-22 17:16:30,482 - Peer 1006 received the 'not interested' message from 1001.
2026-04-22 17:16:30,482 - Peer 1006 received the 'not interested' message from 1002.
2026-04-22 17:16:30,482 - Peer 1006 received the 'not interested' message from 1005.
2026-04-22 17:16:30,482 - Peer 1006 received the 'not interested' message from 1001.
2026-04-22 17:16:30,482 - Peer 1006 received the 'not interested' message from 1002.
2026-04-22 17:16:30,482 - Peer 1006 received the 'not interested' message from 1005.
2026-04-22 17:16:30,484 - Peer 1006 received the 'not interested' message from 1001.
2026-04-22 17:16:30,484 - Peer 1006 received the 'not interested' message from 1002.
2026-04-22 17:16:30,484 - Peer 1006 received the 'not interested' message from 1005.
2026-04-22 17:16:30,485 - Peer 1006 received the 'not interested' message from 1002.
2026-04-22 17:16:30,485 - Peer 1006 received the 'not interested' message from 1005.
2026-04-22 17:16:30,485 - Peer 1006 has downloaded the piece 124 from 1001. Now the number of pieces it has is 1502.
2026-04-22 17:16:30,486 - Peer 1006 has downloaded the piece 1561 from 1002. Now the number of pieces it has is 1503.
2026-04-22 17:16:30,487 - Peer 1006 has downloaded the piece 149 from 1005. Now the number of pieces it has is 1504.
2026-04-22 17:16:30,492 - Peer 1006 received the 'not interested' message from 1002.
2026-04-22 17:16:30,492 - Peer 1006 received the 'not interested' message from 1001.
2026-04-22 17:16:30,493 - Peer 1006 received the 'not interested' message from 1002.
2026-04-22 17:16:30,493 - Peer 1006 received the 'not interested' message from 1005.
2026-04-22 17:16:30,493 - Peer 1006 received the 'not interested' message from 1001.
2026-04-22 17:16:30,493 - Peer 1006 received the 'not interested' message from 1002.
2026-04-22 17:16:30,493 - Peer 1006 received the 'not interested' message from 1005.
2026-04-22 17:16:30,494 - Peer 1006 received the 'not interested' message from 1001.
2026-04-22 17:16:30,494 - Peer 1006 received the 'not interested' message from 1003.
2026-04-22 17:16:30,494 - Peer 1006 received the 'not interested' message from 1005.
2026-04-22 17:16:30,494 - Peer 1006 received the 'not interested' message from 1004.
2026-04-22 17:16:30,495 - Peer 1006 has downloaded the piece 991 from 1002. Now the number of pieces it has is 1505.
2026-04-22 17:16:30,496 - Peer 1006 has downloaded the piece 203 from 1001. Now the number of pieces it has is 1506.
2026-04-22 17:16:30,497 - Peer 1006 has downloaded the piece 1574 from 1005. Now the number of pieces it has is 1507.
2026-04-22 17:16:30,501 - Peer 1006 received the 'not interested' message from 1001.
2026-04-22 17:16:30,502 - Peer 1006 received the 'not interested' message from 1002.
2026-04-22 17:16:30,502 - Peer 1006 received the 'not interested' message from 1005.
2026-04-22 17:16:30,502 - Peer 1006 received the 'not interested' message from 1001.
2026-04-22 17:16:30,502 - Peer 1006 received the 'not interested' message from 1002.
2026-04-22 17:16:30,502 - Peer 1006 received the 'not interested' message from 1003.
2026-04-22 17:16:30,503 - Peer 1006 received the 'not interested' message from 1005.
2026-04-22 17:16:30,503 - Peer 1006 received the 'not interested' message from 1001.
2026-04-22 17:16:30,504 - Peer 1006 received the 'not interested' message from 1002.
2026-04-22 17:16:30,505 - Peer 1006 received the 'not interested' message from 1005.
2026-04-22 17:16:30,505 - Peer 1006 has downloaded the piece 1525 from 1004. Now the number of pieces it has is 1508.
2026-04-22 17:16:30,506 - Peer 1006 has downloaded the piece 152 from 1001. Now the number of pieces it has is 1509.
2026-04-22 17:16:30,506 - Peer 1006 has downloaded the piece 642 from 1002. Now the number of pieces it has is 1510.
2026-04-22 17:16:30,507 - Peer 1006 has downloaded the piece 1328 from 1005. Now the number of pieces it has is 1511.
2026-04-22 17:16:30,511 - Peer 1006 received the 'not interested' message from 1004.
2026-04-22 17:16:30,513 - Peer 1006 received the 'not interested' message from 1001.
2026-04-22 17:16:30,513 - Peer 1006 received the 'not interested' message from 1002.
2026-04-22 17:16:30,514 - Peer 1006 received the 'not interested' message from 1001.
2026-04-22 17:16:30,514 - Peer 1006 received the 'not interested' message from 1005.
2026-04-22 17:16:30,514 - Peer 1006 received the 'not interested' message from 1002.
2026-04-22 17:16:30,514 - Peer 1006 received the 'not interested' message from 1001.
2026-04-22 17:16:30,515 - Peer 1006 received the 'not interested' message from 1005.
2026-04-22 17:16:30,515 - Peer 1006 received the 'not interested' message from 1002.
2026-04-22 17:16:30,515 - Peer 1006 received the 'not interested' message from 1001.
2026-04-22 17:16:30,515 - Peer 1006 received the 'not interested' message from 1005.
2026-04-22 17:16:30,515 - Peer 1006 received the 'not interested' message from 1002.
2026-04-22 17:16:30,516 - Peer 1006 received the 'not interested' message from 1005.
2026-04-22 17:16:30,516 - Peer 1006 has downloaded the piece 898 from 1001. Now the number of pieces it has is 1512.
2026-04-22 17:16:30,517 - Peer 1006 has downloaded the piece 449 from 1002. Now the number of pieces it has is 1513.
2026-04-22 17:16:30,517 - Peer 1006 has downloaded the piece 885 from 1005. Now the number of pieces it has is 1514.
2026-04-22 17:16:30,522 - Peer 1006 received the 'not interested' message from 1001.
2026-04-22 17:16:30,522 - Peer 1006 received the 'not interested' message from 1003.
2026-04-22 17:16:30,523 - Peer 1006 received the 'not interested' message from 1001.
2026-04-22 17:16:30,524 - Peer 1006 received the 'not interested' message from 1002.
2026-04-22 17:16:30,524 - Peer 1006 received the 'not interested' message from 1004.
2026-04-22 17:16:30,524 - Peer 1006 received the 'not interested' message from 1005.
2026-04-22 17:16:30,524 - Peer 1006 received the 'not interested' message from 1001.
2026-04-22 17:16:30,525 - Peer 1006 received the 'not interested' message from 1002.
2026-04-22 17:16:30,525 - Peer 1006 received the 'not interested' message from 1005.
2026-04-22 17:16:30,526 - Peer 1006 received the 'not interested' message from 1002.
2026-04-22 17:16:30,526 - Peer 1006 received the 'not interested' message from 1005.
2026-04-22 17:16:30,526 - Peer 1006 has downloaded the piece 632 from 1001. Now the number of pieces it has is 1515.
2026-04-22 17:16:30,527 - Peer 1006 has downloaded the piece 1240 from 1002. Now the number of pieces it has is 1516.
2026-04-22 17:16:30,527 - Peer 1006 has downloaded the piece 1127 from 1005. Now the number of pieces it has is 1517.
2026-04-22 17:16:30,532 - Peer 1006 received the 'not interested' message from 1004.
2026-04-22 17:16:30,533 - Peer 1006 received the 'not interested' message from 1002.
2026-04-22 17:16:30,533 - Peer 1006 received the 'not interested' message from 1001.
2026-04-22 17:16:30,533 - Peer 1006 received the 'not interested' message from 1004.
2026-04-22 17:16:30,533 - Peer 1006 received the 'not interested' message from 1003.
2026-04-22 17:16:30,534 - Peer 1006 received the 'not interested' message from 1005.
2026-04-22 17:16:30,534 - Peer 1006 received the 'not interested' message from 1001.
2026-04-22 17:16:30,534 - Peer 1006 received the 'not interested' message from 1002.
2026-04-22 17:16:30,535 - Peer 1006 received the 'not interested' message from 1003.
2026-04-22 17:16:30,535 - Peer 1006 received the 'not interested' message from 1001.
2026-04-22 17:16:30,535 - Peer 1006 received the 'not interested' message from 1002.
2026-04-22 17:16:30,536 - Peer 1006 received the 'not interested' message from 1003.
2026-04-22 17:16:30,536 - Peer 1006 received the 'not interested' message from 1005.
2026-04-22 17:16:30,536 - Peer 1006 received the 'not interested' message from 1005.
2026-04-22 17:16:30,536 - Peer 1006 has downloaded the piece 1327 from 1001. Now the number of pieces it has is 1518.
2026-04-22 17:16:30,537 - Peer 1006 received the 'not interested' message from 1003.
2026-04-22 17:16:30,537 - Peer 1006 received the 'not interested' message from 1004.
2026-04-22 17:16:30,537 - Peer 1006 received the 'not interested' message from 1003.
2026-04-22 17:16:30,537 - Peer 1006 received the 'not interested' message from 1004.
2026-04-22 17:16:30,537 - Peer 1006 has downloaded the piece 1496 from 1002. Now the number of pieces it has is 1519.
2026-04-22 17:16:30,539 - Peer 1006 received the 'not interested' message from 1003.
2026-04-22 17:16:30,539 - Peer 1006 received the 'not interested' message from 1004.
2026-04-22 17:16:30,539 - Peer 1006 has downloaded the piece 1192 from 1005. Now the number of pieces it has is 1520.
2026-04-22 17:16:30,539 - Peer 1006 received the 'not interested' message from 1004.
2026-04-22 17:16:30,540 - Peer 1006 received the 'not interested' message from 1003.
2026-04-22 17:16:30,542 - Peer 1006 received the 'not interested' message from 1004.
2026-04-22 17:16:30,543 - Peer 1006 received the 'not interested' message from 1003.
2026-04-22 17:16:30,545 - Peer 1006 received the 'not interested' message from 1005.
2026-04-22 17:16:30,545 - Peer 1006 received the 'not interested' message from 1002.
2026-04-22 17:16:30,545 - Peer 1006 received the 'not interested' message from 1003.
2026-04-22 17:16:30,545 - Peer 1006 received the 'not interested' message from 1001.
2026-04-22 17:16:30,545 - Peer 1006 received the 'not interested' message from 1005.
2026-04-22 17:16:30,546 - Peer 1006 received the 'not interested' message from 1002.
2026-04-22 17:16:30,546 - Peer 1006 received the 'not interested' message from 1003.
2026-04-22 17:16:30,546 - Peer 1006 received the 'not interested' message from 1001.
2026-04-22 17:16:30,546 - Peer 1006 received the 'not interested' message from 1005.
2026-04-22 17:16:30,546 - Peer 1006 received the 'not interested' message from 1002.
2026-04-22 17:16:30,546 - Peer 1006 received the 'not interested' message from 1003.
2026-04-22 17:16:30,548 - Peer 1006 received the 'not interested' message from 1001.
2026-04-22 17:16:30,548 - Peer 1006 has downloaded the piece 978 from 1005. Now the number of pieces it has is 1521.
2026-04-22 17:16:30,549 - Peer 1006 received the 'not interested' message from 1004.
2026-04-22 17:16:30,549 - Peer 1006 has downloaded the piece 170 from 1002. Now the number of pieces it has is 1522.
2026-04-22 17:16:30,552 - Peer 1006 has downloaded the piece 318 from 1001. Now the number of pieces it has is 1523.
2026-04-22 17:16:30,552 - Peer 1006 received the 'not interested' message from 1004.
2026-04-22 17:16:30,553 - Peer 1006 received the 'not interested' message from 1004.
2026-04-22 17:16:30,553 - Peer 1006 received the 'not interested' message from 1004.
2026-04-22 17:16:30,554 - Peer 1006 has downloaded the piece 95 from 1003. Now the number of pieces it has is 1524.
2026-04-22 17:16:30,554 - Peer 1006 received the 'not interested' message from 1004.
2026-04-22 17:16:30,556 - Peer 1006 received the 'not interested' message from 1004.
2026-04-22 17:16:30,557 - Peer 1006 received the 'not interested' message from 1004.
2026-04-22 17:16:30,557 - Peer 1006 received the 'not interested' message from 1003.
2026-04-22 17:16:30,557 - Peer 1006 received the 'not interested' message from 1005.
2026-04-22 17:16:30,559 - Peer 1006 received the 'not interested' message from 1001.
2026-04-22 17:16:30,560 - Peer 1006 received the 'not interested' message from 1003.
2026-04-22 17:16:30,560 - Peer 1006 received the 'not interested' message from 1004.
2026-04-22 17:16:30,560 - Peer 1006 received the 'not interested' message from 1002.
2026-04-22 17:16:30,561 - Peer 1006 received the 'not interested' message from 1001.
2026-04-22 17:16:30,561 - Peer 1006 received the 'not interested' message from 1005.
2026-04-22 17:16:30,561 - Peer 1006 received the 'not interested' message from 1003.
2026-04-22 17:16:30,561 - Peer 1006 received the 'not interested' message from 1004.
2026-04-22 17:16:30,562 - Peer 1006 received the 'not interested' message from 1002.
2026-04-22 17:16:30,562 - Peer 1006 received the 'not interested' message from 1001.
2026-04-22 17:16:30,562 - Peer 1006 received the 'not interested' message from 1005.
2026-04-22 17:16:30,562 - Peer 1006 received the 'not interested' message from 1003.
2026-04-22 17:16:30,562 - Peer 1006 received the 'not interested' message from 1004.
2026-04-22 17:16:30,564 - Peer 1006 received the 'not interested' message from 1002.
2026-04-22 17:16:30,564 - Peer 1006 received the 'not interested' message from 1001.
2026-04-22 17:16:30,565 - Peer 1006 received the 'not interested' message from 1003.
2026-04-22 17:16:30,566 - Peer 1006 received the 'not interested' message from 1004.
2026-04-22 17:16:30,566 - Peer 1006 received the 'not interested' message from 1002.
2026-04-22 17:16:30,566 - Peer 1006 received the 'not interested' message from 1003.
2026-04-22 17:16:30,566 - Peer 1006 has downloaded the piece 1591 from 1005. Now the number of pieces it has is 1525.
2026-04-22 17:16:30,567 - Peer 1006 received the 'not interested' message from 1003.
2026-04-22 17:16:30,567 - Peer 1006 has downloaded the piece 779 from 1001. Now the number of pieces it has is 1526.
2026-04-22 17:16:30,567 - Peer 1006 received the 'not interested' message from 1003.
2026-04-22 17:16:30,567 - Peer 1006 received the 'not interested' message from 1003.
2026-04-22 17:16:30,569 - Peer 1006 has downloaded the piece 1107 from 1004. Now the number of pieces it has is 1527.
2026-04-22 17:16:30,569 - Peer 1006 received the 'not interested' message from 1003.
2026-04-22 17:16:30,569 - Peer 1006 received the 'not interested' message from 1003.
2026-04-22 17:16:30,569 - Peer 1006 has downloaded the piece 1591 from 1002. Now the number of pieces it has is 1527.
2026-04-22 17:16:30,570 - Peer 1006 received the 'not interested' message from 1003.
2026-04-22 17:16:30,572 - Peer 1006 received the 'not interested' message from 1003.
2026-04-22 17:16:30,574 - Peer 1006 received the 'not interested' message from 1004.
2026-04-22 17:16:30,574 - Peer 1006 received the 'not interested' message from 1003.
2026-04-22 17:16:30,575 - Peer 1006 received the 'not interested' message from 1001.
2026-04-22 17:16:30,576 - Peer 1006 received the 'not interested' message from 1005.
2026-04-22 17:16:30,576 - Peer 1006 received the 'not interested' message from 1004.
2026-04-22 17:16:30,576 - Peer 1006 received the 'not interested' message from 1003.
2026-04-22 17:16:30,576 - Peer 1006 received the 'not interested' message from 1002.
2026-04-22 17:16:30,576 - Peer 1006 received the 'not interested' message from 1001.
2026-04-22 17:16:30,576 - Peer 1006 received the 'not interested' message from 1005.
2026-04-22 17:16:30,576 - Peer 1006 received the 'not interested' message from 1004.
2026-04-22 17:16:30,578 - Peer 1006 received the 'not interested' message from 1003.
2026-04-22 17:16:30,578 - Peer 1006 received the 'not interested' message from 1002.
2026-04-22 17:16:30,578 - Peer 1006 received the 'not interested' message from 1001.
2026-04-22 17:16:30,579 - Peer 1006 received the 'not interested' message from 1005.
2026-04-22 17:16:30,580 - Peer 1006 received the 'not interested' message from 1004.
2026-04-22 17:16:30,581 - Peer 1006 received the 'not interested' message from 1003.
2026-04-22 17:16:30,581 - Peer 1006 received the 'not interested' message from 1002.
2026-04-22 17:16:30,581 - Peer 1006 received the 'not interested' message from 1003.
2026-04-22 17:16:30,582 - Peer 1006 received the 'not interested' message from 1004.
2026-04-22 17:16:30,582 - Peer 1006 received the 'not interested' message from 1005.
2026-04-22 17:16:30,582 - Peer 1006 received the 'not interested' message from 1001.
2026-04-22 17:16:30,582 - Peer 1006 received the 'not interested' message from 1002.
2026-04-22 17:16:30,583 - Peer 1006 received the 'not interested' message from 1003.
2026-04-22 17:16:30,583 - Peer 1006 received the 'not interested' message from 1004.
2026-04-22 17:16:30,583 - Peer 1006 received the 'not interested' message from 1005.
2026-04-22 17:16:30,584 - Peer 1006 received the 'not interested' message from 1003.
2026-04-22 17:16:30,585 - Peer 1006 received the 'not interested' message from 1003.
2026-04-22 17:16:30,585 - Peer 1006 has downloaded the piece 945 from 1001. Now the number of pieces it has is 1528.
2026-04-22 17:16:30,585 - Peer 1006 received the 'not interested' message from 1003.
2026-04-22 17:16:30,586 - Peer 1006 received the 'not interested' message from 1003.
2026-04-22 17:16:30,586 - Peer 1006 has downloaded the piece 1365 from 1002. Now the number of pieces it has is 1529.
2026-04-22 17:16:30,587 - Peer 1006 has downloaded the piece 1379 from 1005. Now the number of pieces it has is 1530.
2026-04-22 17:16:30,587 - Peer 1006 has downloaded the piece 106 from 1003. Now the number of pieces it has is 1531.
2026-04-22 17:16:30,593 - Peer 1006 received the 'not interested' message from 1003.
2026-04-22 17:16:30,593 - Peer 1006 received the 'not interested' message from 1005.
2026-04-22 17:16:30,594 - Peer 1006 received the 'not interested' message from 1002.
2026-04-22 17:16:30,594 - Peer 1006 received the 'not interested' message from 1003.
2026-04-22 17:16:30,594 - Peer 1006 received the 'not interested' message from 1001.
2026-04-22 17:16:30,594 - Peer 1006 received the 'not interested' message from 1005.
2026-04-22 17:16:30,595 - Peer 1006 received the 'not interested' message from 1001.
2026-04-22 17:16:30,595 - Peer 1006 received the 'not interested' message from 1002.
2026-04-22 17:16:30,595 - Peer 1006 received the 'not interested' message from 1005.
2026-04-22 17:16:30,595 - Peer 1006 received the 'not interested' message from 1001.
2026-04-22 17:16:30,595 - Peer 1006 received the 'not interested' message from 1002.
2026-04-22 17:16:30,595 - Peer 1006 received the 'not interested' message from 1005.
2026-04-22 17:16:30,596 - Peer 1006 received the 'not interested' message from 1001.
2026-04-22 17:16:30,596 - Peer 1006 received the 'not interested' message from 1002.
2026-04-22 17:16:30,597 - Peer 1006 has downloaded the piece 565 from 1005. Now the number of pieces it has is 1532.
2026-04-22 17:16:30,597 - Peer 1006 has downloaded the piece 647 from 1001. Now the number of pieces it has is 1533.
2026-04-22 17:16:30,599 - Peer 1006 has downloaded the piece 438 from 1002. Now the number of pieces it has is 1534.
2026-04-22 17:16:30,602 - Peer 1006 received the 'not interested' message from 1003.
2026-04-22 17:16:30,603 - Peer 1006 received the 'not interested' message from 1003.
2026-04-22 17:16:30,603 - Peer 1006 received the 'not interested' message from 1005.
2026-04-22 17:16:30,605 - Peer 1006 received the 'not interested' message from 1001.
2026-04-22 17:16:30,605 - Peer 1006 received the 'not interested' message from 1004.
2026-04-22 17:16:30,605 - Peer 1006 received the 'not interested' message from 1002.
2026-04-22 17:16:30,606 - Peer 1006 received the 'not interested' message from 1004.
2026-04-22 17:16:30,606 - Peer 1006 received the 'not interested' message from 1001.
2026-04-22 17:16:30,606 - Peer 1006 received the 'not interested' message from 1002.
2026-04-22 17:16:30,607 - Peer 1006 has downloaded the piece 465 from 1005. Now the number of pieces it has is 1535.
2026-04-22 17:16:30,607 - Peer 1006 received the 'not interested' message from 1003.
2026-04-22 17:16:30,607 - Peer 1006 received the 'not interested' message from 1004.
2026-04-22 17:16:30,607 - Peer 1006 received the 'not interested' message from 1002.
2026-04-22 17:16:30,607 - Peer 1006 received the 'not interested' message from 1001.
2026-04-22 17:16:30,609 - Peer 1006 received the 'not interested' message from 1004.
2026-04-22 17:16:30,611 - Peer 1006 received the 'not interested' message from 1004.
2026-04-22 17:16:30,611 - Peer 1006 received the 'not interested' message from 1004.
2026-04-22 17:16:30,611 - Peer 1006 received the 'not interested' message from 1004.
2026-04-22 17:16:30,612 - Peer 1006 has downloaded the piece 1452 from 1002. Now the number of pieces it has is 1536.
2026-04-22 17:16:30,613 - Peer 1006 has downloaded the piece 1147 from 1001. Now the number of pieces it has is 1537.
2026-04-22 17:16:30,613 - Peer 1006 received the 'not interested' message from 1005.
2026-04-22 17:16:30,614 - Peer 1006 received the 'not interested' message from 1003.
2026-04-22 17:16:30,614 - Peer 1006 received the 'not interested' message from 1005.
2026-04-22 17:16:30,615 - Peer 1006 received the 'not interested' message from 1003.
2026-04-22 17:16:30,615 - Peer 1006 received the 'not interested' message from 1005.
2026-04-22 17:16:30,615 - Peer 1006 received the 'not interested' message from 1003.
2026-04-22 17:16:30,617 - Peer 1006 received the 'not interested' message from 1002.
2026-04-22 17:16:30,617 - Peer 1006 received the 'not interested' message from 1001.
2026-04-22 17:16:30,617 - Peer 1006 received the 'not interested' message from 1002.
2026-04-22 17:16:30,617 - Peer 1006 received the 'not interested' message from 1001.
2026-04-22 17:16:30,617 - Peer 1006 has downloaded the piece 1109 from 1005. Now the number of pieces it has is 1538.
2026-04-22 17:16:30,619 - Peer 1006 received the 'not interested' message from 1002.
2026-04-22 17:16:30,619 - Peer 1006 received the 'not interested' message from 1001.
2026-04-22 17:16:30,619 - Peer 1006 has downloaded the piece 701 from 1003. Now the number of pieces it has is 1539.
2026-04-22 17:16:30,621 - Peer 1006 has downloaded the piece 1577 from 1002. Now the number of pieces it has is 1540.
2026-04-22 17:16:30,621 - Peer 1006 has downloaded the piece 1320 from 1001. Now the number of pieces it has is 1541.
2026-04-22 17:16:30,625 - Peer 1006 received the 'not interested' message from 1005.
2026-04-22 17:16:30,626 - Peer 1006 received the 'not interested' message from 1003.
2026-04-22 17:16:30,626 - Peer 1006 received the 'not interested' message from 1001.
2026-04-22 17:16:30,626 - Peer 1006 received the 'not interested' message from 1002.
2026-04-22 17:16:30,626 - Peer 1006 received the 'not interested' message from 1004.
2026-04-22 17:16:30,628 - Peer 1006 received the 'not interested' message from 1001.
2026-04-22 17:16:30,628 - Peer 1006 received the 'not interested' message from 1003.
2026-04-22 17:16:30,626 - Peer 1006 received the 'not interested' message from 1005.
2026-04-22 17:16:30,628 - Peer 1006 received the 'not interested' message from 1002.
2026-04-22 17:16:30,629 - Peer 1006 received the 'not interested' message from 1004.
2026-04-22 17:16:30,630 - Peer 1006 received the 'not interested' message from 1003.
2026-04-22 17:16:30,630 - Peer 1006 received the 'not interested' message from 1001.
2026-04-22 17:16:30,630 - Peer 1006 received the 'not interested' message from 1005.
2026-04-22 17:16:30,631 - Peer 1006 received the 'not interested' message from 1002.
2026-04-22 17:16:30,631 - Peer 1006 received the 'not interested' message from 1004.
2026-04-22 17:16:30,631 - Peer 1006 received the 'not interested' message from 1003.
2026-04-22 17:16:30,631 - Peer 1006 received the 'not interested' message from 1001.
2026-04-22 17:16:30,631 - Peer 1006 received the 'not interested' message from 1005.
2026-04-22 17:16:30,631 - Peer 1006 received the 'not interested' message from 1002.
2026-04-22 17:16:30,631 - Peer 1006 received the 'not interested' message from 1004.
2026-04-22 17:16:30,633 - Peer 1006 received the 'not interested' message from 1005.
2026-04-22 17:16:30,633 - Peer 1006 received the 'not interested' message from 1004.
2026-04-22 17:16:30,634 - Peer 1006 has downloaded the piece 744 from 1001. Now the number of pieces it has is 1542.
2026-04-22 17:16:30,634 - Peer 1006 received the 'not interested' message from 1005.
2026-04-22 17:16:30,635 - Peer 1006 has downloaded the piece 416 from 1002. Now the number of pieces it has is 1543.
2026-04-22 17:16:30,636 - Peer 1006 has downloaded the piece 1284 from 1004. Now the number of pieces it has is 1544.
2026-04-22 17:16:30,636 - Peer 1006 received the 'not interested' message from 1003.
2026-04-22 17:16:30,636 - Peer 1006 has downloaded the piece 1324 from 1005. Now the number of pieces it has is 1545.
2026-04-22 17:16:30,640 - Peer 1006 received the 'not interested' message from 1004.
2026-04-22 17:16:30,640 - Peer 1006 received the 'not interested' message from 1003.
2026-04-22 17:16:30,642 - Peer 1006 received the 'not interested' message from 1002.
2026-04-22 17:16:30,642 - Peer 1006 received the 'not interested' message from 1004.
2026-04-22 17:16:30,642 - Peer 1006 received the 'not interested' message from 1003.
2026-04-22 17:16:30,642 - Peer 1006 received the 'not interested' message from 1001.
2026-04-22 17:16:30,642 - Peer 1006 received the 'not interested' message from 1002.
2026-04-22 17:16:30,644 - Peer 1006 received the 'not interested' message from 1004.
2026-04-22 17:16:30,644 - Peer 1006 received the 'not interested' message from 1005.
2026-04-22 17:16:30,644 - Peer 1006 received the 'not interested' message from 1003.
2026-04-22 17:16:30,644 - Peer 1006 received the 'not interested' message from 1001.
2026-04-22 17:16:30,644 - Peer 1006 received the 'not interested' message from 1002.
2026-04-22 17:16:30,644 - Peer 1006 received the 'not interested' message from 1004.
2026-04-22 17:16:30,644 - Peer 1006 received the 'not interested' message from 1005.
2026-04-22 17:16:30,645 - Peer 1006 received the 'not interested' message from 1001.
2026-04-22 17:16:30,645 - Peer 1006 received the 'not interested' message from 1003.
2026-04-22 17:16:30,645 - Peer 1006 received the 'not interested' message from 1002.
2026-04-22 17:16:30,645 - Peer 1006 received the 'not interested' message from 1004.
2026-04-22 17:16:30,645 - Peer 1006 received the 'not interested' message from 1005.
2026-04-22 17:16:30,645 - Peer 1006 received the 'not interested' message from 1001.
2026-04-22 17:16:30,647 - Peer 1006 received the 'not interested' message from 1003.
2026-04-22 17:16:30,647 - Peer 1006 received the 'not interested' message from 1004.
2026-04-22 17:16:30,647 - Peer 1006 received the 'not interested' message from 1005.
2026-04-22 17:16:30,648 - Peer 1006 has downloaded the piece 636 from 1002. Now the number of pieces it has is 1546.
2026-04-22 17:16:30,648 - Peer 1006 received the 'not interested' message from 1004.
2026-04-22 17:16:30,649 - Peer 1006 received the 'not interested' message from 1004.
2026-04-22 17:16:30,649 - Peer 1006 has downloaded the piece 457 from 1001. Now the number of pieces it has is 1547.
2026-04-22 17:16:30,649 - Peer 1006 received the 'not interested' message from 1004.
2026-04-22 17:16:30,650 - Peer 1006 received the 'not interested' message from 1004.
2026-04-22 17:16:30,650 - Peer 1006 has downloaded the piece 515 from 1003. Now the number of pieces it has is 1548.
2026-04-22 17:16:30,650 - Peer 1006 received the 'not interested' message from 1004.
2026-04-22 17:16:30,651 - Peer 1006 received the 'not interested' message from 1004.
2026-04-22 17:16:30,651 - Peer 1006 received the 'not interested' message from 1004.
2026-04-22 17:16:30,651 - Peer 1006 has downloaded the piece 460 from 1005. Now the number of pieces it has is 1549.
2026-04-22 17:16:30,651 - Peer 1006 received the 'not interested' message from 1004.
2026-04-22 17:16:30,653 - Peer 1006 received the 'not interested' message from 1004.
2026-04-22 17:16:30,654 - Peer 1006 received the 'not interested' message from 1004.
2026-04-22 17:16:30,656 - Peer 1006 received the 'not interested' message from 1002.
2026-04-22 17:16:30,656 - Peer 1006 received the 'not interested' message from 1003.
2026-04-22 17:16:30,656 - Peer 1006 received the 'not interested' message from 1004.
2026-04-22 17:16:30,656 - Peer 1006 received the 'not interested' message from 1002.
2026-04-22 17:16:30,657 - Peer 1006 received the 'not interested' message from 1004.
2026-04-22 17:16:30,657 - Peer 1006 received the 'not interested' message from 1005.
2026-04-22 17:16:30,657 - Peer 1006 received the 'not interested' message from 1003.
2026-04-22 17:16:30,657 - Peer 1006 received the 'not interested' message from 1001.
2026-04-22 17:16:30,657 - Peer 1006 received the 'not interested' message from 1002.
2026-04-22 17:16:30,657 - Peer 1006 received the 'not interested' message from 1005.
2026-04-22 17:16:30,657 - Peer 1006 received the 'not interested' message from 1004.
2026-04-22 17:16:30,659 - Peer 1006 received the 'not interested' message from 1003.
2026-04-22 17:16:30,659 - Peer 1006 received the 'not interested' message from 1001.
2026-04-22 17:16:30,659 - Peer 1006 received the 'not interested' message from 1002.
2026-04-22 17:16:30,659 - Peer 1006 received the 'not interested' message from 1005.
2026-04-22 17:16:30,660 - Peer 1006 received the 'not interested' message from 1003.
2026-04-22 17:16:30,660 - Peer 1006 received the 'not interested' message from 1001.
2026-04-22 17:16:30,661 - Peer 1006 received the 'not interested' message from 1005.
2026-04-22 17:16:30,662 - Peer 1006 has downloaded the piece 1512 from 1004. Now the number of pieces it has is 1550.
2026-04-22 17:16:30,662 - Peer 1006 received the 'not interested' message from 1001.
2026-04-22 17:16:30,662 - Peer 1006 received the 'not interested' message from 1003.
2026-04-22 17:16:30,662 - Peer 1006 has downloaded the piece 595 from 1002. Now the number of pieces it has is 1551.
2026-04-22 17:16:30,665 - Peer 1006 has downloaded the piece 313 from 1005. Now the number of pieces it has is 1552.
2026-04-22 17:16:30,666 - Peer 1006 has downloaded the piece 12 from 1001. Now the number of pieces it has is 1553.
2026-04-22 17:16:30,668 - Peer 1006 received the 'not interested' message from 1002.
2026-04-22 17:16:30,669 - Peer 1006 received the 'not interested' message from 1004.
2026-04-22 17:16:30,669 - Peer 1006 received the 'not interested' message from 1002.
2026-04-22 17:16:30,671 - Peer 1006 received the 'not interested' message from 1005.
2026-04-22 17:16:30,671 - Peer 1006 received the 'not interested' message from 1001.
2026-04-22 17:16:30,671 - Peer 1006 received the 'not interested' message from 1002.
2026-04-22 17:16:30,671 - Peer 1006 received the 'not interested' message from 1005.
2026-04-22 17:16:30,672 - Peer 1006 received the 'not interested' message from 1001.
2026-04-22 17:16:30,672 - Peer 1006 received the 'not interested' message from 1002.
2026-04-22 17:16:30,672 - Peer 1006 received the 'not interested' message from 1001.
2026-04-22 17:16:30,672 - Peer 1006 received the 'not interested' message from 1005.
2026-04-22 17:16:30,673 - Peer 1006 received the 'not interested' message from 1001.
2026-04-22 17:16:30,673 - Peer 1006 received the 'not interested' message from 1005.
2026-04-22 17:16:30,674 - Peer 1006 received the 'not interested' message from 1003.
2026-04-22 17:16:30,674 - Peer 1006 received the 'not interested' message from 1003.
2026-04-22 17:16:30,674 - Peer 1006 has downloaded the piece 328 from 1002. Now the number of pieces it has is 1554.
2026-04-22 17:16:30,675 - Peer 1006 received the 'not interested' message from 1003.
2026-04-22 17:16:30,676 - Peer 1006 has downloaded the piece 1414 from 1001. Now the number of pieces it has is 1555.
2026-04-22 17:16:30,677 - Peer 1006 has downloaded the piece 18 from 1005. Now the number of pieces it has is 1556.
2026-04-22 17:16:30,677 - Peer 1006 has downloaded the piece 1243 from 1003. Now the number of pieces it has is 1557.
2026-04-22 17:16:30,683 - Peer 1006 received the 'not interested' message from 1003.
2026-04-22 17:16:30,684 - Peer 1006 received the 'not interested' message from 1003.
2026-04-22 17:16:30,685 - Peer 1006 received the 'not interested' message from 1001.
2026-04-22 17:16:30,685 - Peer 1006 received the 'not interested' message from 1003.
2026-04-22 17:16:30,685 - Peer 1006 received the 'not interested' message from 1005.
2026-04-22 17:16:30,685 - Peer 1006 received the 'not interested' message from 1001.
2026-04-22 17:16:30,685 - Peer 1006 received the 'not interested' message from 1002.
2026-04-22 17:16:30,686 - Peer 1006 received the 'not interested' message from 1005.
2026-04-22 17:16:30,686 - Peer 1006 received the 'not interested' message from 1001.
2026-04-22 17:16:30,687 - Peer 1006 received the 'not interested' message from 1002.
2026-04-22 17:16:30,687 - Peer 1006 received the 'not interested' message from 1003.
2026-04-22 17:16:30,687 - Peer 1006 received the 'not interested' message from 1005.
2026-04-22 17:16:30,687 - Peer 1006 received the 'not interested' message from 1001.
2026-04-22 17:16:30,687 - Peer 1006 received the 'not interested' message from 1002.
2026-04-22 17:16:30,688 - Peer 1006 received the 'not interested' message from 1002.
2026-04-22 17:16:30,688 - Peer 1006 received the 'not interested' message from 1005.
2026-04-22 17:16:30,690 - Peer 1006 has downloaded the piece 1244 from 1001. Now the number of pieces it has is 1558.
2026-04-22 17:16:30,691 - Peer 1006 has downloaded the piece 65 from 1002. Now the number of pieces it has is 1559.
2026-04-22 17:16:30,692 - Peer 1006 has downloaded the piece 1244 from 1005. Now the number of pieces it has is 1559.
2026-04-22 17:16:30,695 - Peer 1006 received the 'not interested' message from 1003.
2026-04-22 17:16:30,696 - Peer 1006 received the 'not interested' message from 1005.
2026-04-22 17:16:30,696 - Peer 1006 received the 'not interested' message from 1003.
2026-04-22 17:16:30,696 - Peer 1006 received the 'not interested' message from 1002.
2026-04-22 17:16:30,696 - Peer 1006 received the 'not interested' message from 1001.
2026-04-22 17:16:30,696 - Peer 1006 received the 'not interested' message from 1005.
2026-04-22 17:16:30,697 - Peer 1006 received the 'not interested' message from 1003.
2026-04-22 17:16:30,697 - Peer 1006 received the 'not interested' message from 1002.
2026-04-22 17:16:30,697 - Peer 1006 received the 'not interested' message from 1001.
2026-04-22 17:16:30,698 - Peer 1006 received the 'not interested' message from 1005.
2026-04-22 17:16:30,698 - Peer 1006 received the 'not interested' message from 1003.
2026-04-22 17:16:30,698 - Peer 1006 received the 'not interested' message from 1002.
2026-04-22 17:16:30,698 - Peer 1006 received the 'not interested' message from 1001.
2026-04-22 17:16:30,700 - Peer 1006 has downloaded the piece 1477 from 1005. Now the number of pieces it has is 1560.
2026-04-22 17:16:30,700 - Peer 1006 has downloaded the piece 1535 from 1003. Now the number of pieces it has is 1561.
2026-04-22 17:16:30,702 - Peer 1006 has downloaded the piece 150 from 1001. Now the number of pieces it has is 1562.
2026-04-22 17:16:30,703 - Peer 1006 has downloaded the piece 207 from 1002. Now the number of pieces it has is 1563.
2026-04-22 17:16:30,707 - Peer 1006 received the 'not interested' message from 1005.
2026-04-22 17:16:30,707 - Peer 1006 received the 'not interested' message from 1003.
2026-04-22 17:16:30,709 - Peer 1006 received the 'not interested' message from 1005.
2026-04-22 17:16:30,709 - Peer 1006 received the 'not interested' message from 1002.
2026-04-22 17:16:30,709 - Peer 1006 received the 'not interested' message from 1005.
2026-04-22 17:16:30,709 - Peer 1006 received the 'not interested' message from 1003.
2026-04-22 17:16:30,710 - Peer 1006 received the 'not interested' message from 1002.
2026-04-22 17:16:30,711 - Peer 1006 received the 'not interested' message from 1001.
2026-04-22 17:16:30,711 - Peer 1006 received the 'not interested' message from 1003.
2026-04-22 17:16:30,711 - Peer 1006 received the 'not interested' message from 1002.
2026-04-22 17:16:30,712 - Peer 1006 received the 'not interested' message from 1001.
2026-04-22 17:16:30,712 - Peer 1006 received the 'not interested' message from 1002.
2026-04-22 17:16:30,712 - Peer 1006 received the 'not interested' message from 1001.
2026-04-22 17:16:30,713 - Peer 1006 received the 'not interested' message from 1001.
2026-04-22 17:16:30,732 - Peer 1006 received the 'not interested' message from 1004.
2026-04-22 17:16:30,732 - Peer 1006 received the 'not interested' message from 1003.
2026-04-22 17:16:30,732 - Peer 1006 received the 'not interested' message from 1004.
2026-04-22 17:16:30,733 - Peer 1006 received the 'not interested' message from 1004.
2026-04-22 17:16:30,733 - Peer 1006 received the 'not interested' message from 1004.
2026-04-22 17:16:30,736 - Peer 1006 received the 'not interested' message from 1003.
2026-04-22 17:16:30,736 - Peer 1006 received the 'not interested' message from 1003.
2026-04-22 17:16:30,736 - Peer 1006 received the 'not interested' message from 1004.
2026-04-22 17:16:30,739 - Peer 1006 received the 'not interested' message from 1003.
2026-04-22 17:16:30,740 - Peer 1006 received the 'not interested' message from 1004.
2026-04-22 17:16:30,742 - Peer 1006 received the 'not interested' message from 1004.
2026-04-22 17:16:30,764 - Peer 1006 has downloaded the piece 533 from 1005. Now the number of pieces it has is 1564.
2026-04-22 17:16:30,766 - Peer 1006 has downloaded the piece 327 from 1002. Now the number of pieces it has is 1565.
2026-04-22 17:16:30,766 - Peer 1006 has downloaded the piece 42 from 1003. Now the number of pieces it has is 1566.
2026-04-22 17:16:30,767 - Peer 1006 has downloaded the piece 1218 from 1001. Now the number of pieces it has is 1567.
2026-04-22 17:16:30,767 - Peer 1006 has downloaded the piece 1414 from 1004. Now the number of pieces it has is 1567.
2026-04-22 17:16:30,774 - Peer 1006 received the 'not interested' message from 1002.
2026-04-22 17:16:30,775 - Peer 1006 received the 'not interested' message from 1004.
2026-04-22 17:16:30,775 - Peer 1006 received the 'not interested' message from 1005.
2026-04-22 17:16:30,775 - Peer 1006 received the 'not interested' message from 1001.
2026-04-22 17:16:30,775 - Peer 1006 received the 'not interested' message from 1002.
2026-04-22 17:16:30,775 - Peer 1006 received the 'not interested' message from 1004.
2026-04-22 17:16:30,776 - Peer 1006 received the 'not interested' message from 1005.
2026-04-22 17:16:30,776 - Peer 1006 received the 'not interested' message from 1001.
2026-04-22 17:16:30,776 - Peer 1006 received the 'not interested' message from 1002.
2026-04-22 17:16:30,776 - Peer 1006 received the 'not interested' message from 1004.
2026-04-22 17:16:30,776 - Peer 1006 received the 'not interested' message from 1005.
2026-04-22 17:16:30,776 - Peer 1006 received the 'not interested' message from 1001.
2026-04-22 17:16:30,777 - Peer 1006 received the 'not interested' message from 1002.
2026-04-22 17:16:30,777 - Peer 1006 received the 'not interested' message from 1004.
2026-04-22 17:16:30,777 - Peer 1006 received the 'not interested' message from 1005.
2026-04-22 17:16:30,777 - Peer 1006 received the 'not interested' message from 1001.
2026-04-22 17:16:30,777 - Peer 1006 received the 'not interested' message from 1002.
2026-04-22 17:16:30,777 - Peer 1006 received the 'not interested' message from 1004.
2026-04-22 17:16:30,779 - Peer 1006 received the 'not interested' message from 1005.
2026-04-22 17:16:30,779 - Peer 1006 received the 'not interested' message from 1003.
2026-04-22 17:16:30,779 - Peer 1006 received the 'not interested' message from 1001.
2026-04-22 17:16:30,779 - Peer 1006 received the 'not interested' message from 1004.
2026-04-22 17:16:30,780 - Peer 1006 received the 'not interested' message from 1005.
2026-04-22 17:16:30,780 - Peer 1006 received the 'not interested' message from 1004.
2026-04-22 17:16:30,781 - Peer 1006 has downloaded the piece 743 from 1002. Now the number of pieces it has is 1568.
2026-04-22 17:16:30,781 - Peer 1006 received the 'not interested' message from 1004.
2026-04-22 17:16:30,782 - Peer 1006 received the 'not interested' message from 1004.
2026-04-22 17:16:30,782 - Peer 1006 received the 'not interested' message from 1004.
2026-04-22 17:16:30,783 - Peer 1006 has downloaded the piece 963 from 1001. Now the number of pieces it has is 1569.
2026-04-22 17:16:30,783 - Peer 1006 received the 'not interested' message from 1004.
2026-04-22 17:16:30,784 - Peer 1006 received the 'not interested' message from 1004.
2026-04-22 17:16:30,784 - Peer 1006 has downloaded the piece 486 from 1005. Now the number of pieces it has is 1570.
2026-04-22 17:16:30,787 - Peer 1006 received the 'not interested' message from 1002.
2026-04-22 17:16:30,787 - Peer 1006 received the 'not interested' message from 1001.
2026-04-22 17:16:30,787 - Peer 1006 received the 'not interested' message from 1002.
2026-04-22 17:16:30,789 - Peer 1006 received the 'not interested' message from 1001.
2026-04-22 17:16:30,789 - Peer 1006 received the 'not interested' message from 1002.
2026-04-22 17:16:30,789 - Peer 1006 received the 'not interested' message from 1001.
2026-04-22 17:16:30,789 - Peer 1006 received the 'not interested' message from 1005.
2026-04-22 17:16:30,789 - Peer 1006 received the 'not interested' message from 1005.
2026-04-22 17:16:30,792 - Peer 1006 has downloaded the piece 82 from 1002. Now the number of pieces it has is 1571.
2026-04-22 17:16:30,797 - Peer 1006 received the 'not interested' message from 1005.
2026-04-22 17:16:30,797 - Peer 1006 received the 'not interested' message from 1003.
2026-04-22 17:16:30,799 - Peer 1006 received the 'not interested' message from 1004.
2026-04-22 17:16:30,804 - Peer 1006 has downloaded the piece 1307 from 1001. Now the number of pieces it has is 1572.
2026-04-22 17:16:30,805 - Peer 1006 received the 'not interested' message from 1003.
2026-04-22 17:16:30,805 - Peer 1006 has downloaded the piece 802 from 1005. Now the number of pieces it has is 1573.
2026-04-22 17:16:30,809 - Peer 1006 received the 'not interested' message from 1002.
2026-04-22 17:16:30,813 - Peer 1006 received the 'not interested' message from 1004.
2026-04-22 17:16:30,818 - Peer 1006 received the 'not interested' message from 1003.
2026-04-22 17:16:30,820 - Peer 1006 has downloaded the piece 681 from 1002. Now the number of pieces it has is 1574.
2026-04-22 17:16:30,822 - Peer 1006 received the 'not interested' message from 1005.
2026-04-22 17:16:30,823 - Peer 1006 received the 'not interested' message from 1001.
2026-04-22 17:16:30,823 - Peer 1006 received the 'not interested' message from 1004.
2026-04-22 17:16:30,824 - Peer 1006 received the 'not interested' message from 1003.
2026-04-22 17:16:30,825 - Peer 1006 received the 'not interested' message from 1005.
2026-04-22 17:16:30,826 - Peer 1006 received the 'not interested' message from 1005.
2026-04-22 17:16:30,827 - Peer 1006 received the 'not interested' message from 1002.
2026-04-22 17:16:30,830 - Peer 1006 received the 'not interested' message from 1004.
2026-04-22 17:16:30,844 - Peer 1006 has downloaded the piece 116 from 1003. Now the number of pieces it has is 1575.
2026-04-22 17:16:30,846 - Peer 1006 received the 'not interested' message from 1001.
2026-04-22 17:16:30,847 - Peer 1006 has downloaded the piece 577 from 1005. Now the number of pieces it has is 1576.
2026-04-22 17:16:30,850 - Peer 1006 received the 'not interested' message from 1002.
2026-04-22 17:16:30,851 - Peer 1006 received the 'not interested' message from 1004.
2026-04-22 17:16:30,853 - Peer 1006 received the 'not interested' message from 1001.
2026-04-22 17:16:30,854 - Peer 1006 received the 'not interested' message from 1002.
2026-04-22 17:16:30,855 - Peer 1006 received the 'not interested' message from 1003.
2026-04-22 17:16:30,855 - Peer 1006 received the 'not interested' message from 1003.
2026-04-22 17:16:30,856 - Peer 1006 has downloaded the piece 1043 from 1004. Now the number of pieces it has is 1577.
2026-04-22 17:16:30,857 - Peer 1006 received the 'not interested' message from 1005.
2026-04-22 17:16:30,857 - Peer 1006 has downloaded the piece 1466 from 1002. Now the number of pieces it has is 1578.
2026-04-22 17:16:30,859 - Peer 1006 received the 'not interested' message from 1005.
2026-04-22 17:16:30,859 - Peer 1006 received the 'not interested' message from 1003.
2026-04-22 17:16:30,863 - Peer 1006 received the 'not interested' message from 1004.
2026-04-22 17:16:30,865 - Peer 1006 received the 'not interested' message from 1002.
2026-04-22 17:16:30,865 - Peer 1006 received the 'not interested' message from 1004.
2026-04-22 17:16:30,866 - Peer 1006 received the 'not interested' message from 1005.
2026-04-22 17:16:30,866 - Peer 1006 received the 'not interested' message from 1003.
2026-04-22 17:16:30,866 - Peer 1006 received the 'not interested' message from 1002.
2026-04-22 17:16:30,867 - Peer 1006 received the 'not interested' message from 1004.
2026-04-22 17:16:30,868 - Peer 1006 received the 'not interested' message from 1003.
2026-04-22 17:16:30,868 - Peer 1006 has downloaded the piece 531 from 1005. Now the number of pieces it has is 1579.
2026-04-22 17:16:30,868 - Peer 1006 received the 'not interested' message from 1002.
2026-04-22 17:16:30,868 - Peer 1006 received the 'not interested' message from 1004.
2026-04-22 17:16:30,869 - Peer 1006 received the 'not interested' message from 1003.
2026-04-22 17:16:30,869 - Peer 1006 received the 'not interested' message from 1002.
2026-04-22 17:16:30,869 - Peer 1006 has downloaded the piece 218 from 1001. Now the number of pieces it has is 1580.
2026-04-22 17:16:30,869 - Peer 1006 received the 'not interested' message from 1004.
2026-04-22 17:16:30,871 - Peer 1006 received the 'not interested' message from 1003.
2026-04-22 17:16:30,872 - Peer 1006 has downloaded the piece 1494 from 1002. Now the number of pieces it has is 1581.
2026-04-22 17:16:30,873 - Peer 1006 received the 'not interested' message from 1003.
2026-04-22 17:16:30,873 - Peer 1006 received the 'not interested' message from 1004.
2026-04-22 17:16:30,875 - Peer 1006 received the 'not interested' message from 1003.
2026-04-22 17:16:30,876 - Peer 1006 received the 'not interested' message from 1005.
2026-04-22 17:16:30,876 - Peer 1006 received the 'not interested' message from 1004.
2026-04-22 17:16:30,877 - Peer 1006 received the 'not interested' message from 1001.
2026-04-22 17:16:30,877 - Peer 1006 received the 'not interested' message from 1002.
2026-04-22 17:16:30,878 - Peer 1006 received the 'not interested' message from 1005.
2026-04-22 17:16:30,878 - Peer 1006 received the 'not interested' message from 1004.
2026-04-22 17:16:30,879 - Peer 1006 received the 'not interested' message from 1001.
2026-04-22 17:16:30,879 - Peer 1006 received the 'not interested' message from 1002.
2026-04-22 17:16:30,879 - Peer 1006 has downloaded the piece 785 from 1003. Now the number of pieces it has is 1582.
2026-04-22 17:16:30,879 - Peer 1006 received the 'not interested' message from 1005.
2026-04-22 17:16:30,879 - Peer 1006 received the 'not interested' message from 1004.
2026-04-22 17:16:30,880 - Peer 1006 received the 'not interested' message from 1001.
2026-04-22 17:16:30,881 - Peer 1006 received the 'not interested' message from 1002.
2026-04-22 17:16:30,881 - Peer 1006 received the 'not interested' message from 1005.
2026-04-22 17:16:30,882 - Peer 1006 received the 'not interested' message from 1004.
2026-04-22 17:16:30,882 - Peer 1006 received the 'not interested' message from 1001.
2026-04-22 17:16:30,883 - Peer 1006 received the 'not interested' message from 1003.
2026-04-22 17:16:30,884 - Peer 1006 received the 'not interested' message from 1001.
2026-04-22 17:16:30,884 - Peer 1006 received the 'not interested' message from 1003.
2026-04-22 17:16:30,884 - Peer 1006 received the 'not interested' message from 1001.
2026-04-22 17:16:30,885 - Peer 1006 has downloaded the piece 1234 from 1002. Now the number of pieces it has is 1583.
2026-04-22 17:16:30,885 - Peer 1006 received the 'not interested' message from 1003.
2026-04-22 17:16:30,885 - Peer 1006 received the 'not interested' message from 1001.
2026-04-22 17:16:30,886 - Peer 1006 has downloaded the piece 971 from 1005. Now the number of pieces it has is 1584.
2026-04-22 17:16:30,886 - Peer 1006 received the 'not interested' message from 1003.
2026-04-22 17:16:30,886 - Peer 1006 received the 'not interested' message from 1001.
2026-04-22 17:16:30,886 - Peer 1006 has downloaded the piece 687 from 1004. Now the number of pieces it has is 1585.
2026-04-22 17:16:30,889 - Peer 1006 has downloaded the piece 785 from 1001. Now the number of pieces it has is 1585.
2026-04-22 17:16:30,891 - Peer 1006 received the 'not interested' message from 1005.
2026-04-22 17:16:30,892 - Peer 1006 received the 'not interested' message from 1002.
2026-04-22 17:16:30,894 - Peer 1006 received the 'not interested' message from 1004.
2026-04-22 17:16:30,894 - Peer 1006 received the 'not interested' message from 1003.
2026-04-22 17:16:30,896 - Peer 1006 received the 'not interested' message from 1005.
2026-04-22 17:16:30,896 - Peer 1006 received the 'not interested' message from 1002.
2026-04-22 17:16:30,897 - Peer 1006 received the 'not interested' message from 1001.
2026-04-22 17:16:30,897 - Peer 1006 received the 'not interested' message from 1004.
2026-04-22 17:16:30,900 - Peer 1006 received the 'not interested' message from 1003.
2026-04-22 17:16:30,901 - Peer 1006 received the 'not interested' message from 1005.
2026-04-22 17:16:30,901 - Peer 1006 received the 'not interested' message from 1002.
2026-04-22 17:16:30,901 - Peer 1006 received the 'not interested' message from 1005.
2026-04-22 17:16:30,901 - Peer 1006 received the 'not interested' message from 1004.
2026-04-22 17:16:30,902 - Peer 1006 received the 'not interested' message from 1001.
2026-04-22 17:16:30,902 - Peer 1006 received the 'not interested' message from 1002.
2026-04-22 17:16:30,903 - Peer 1006 received the 'not interested' message from 1004.
2026-04-22 17:16:30,903 - Peer 1006 received the 'not interested' message from 1001.
2026-04-22 17:16:30,904 - Peer 1006 has downloaded the piece 687 from 1003. Now the number of pieces it has is 1585.
2026-04-22 17:16:30,904 - Peer 1006 received the 'not interested' message from 1004.
2026-04-22 17:16:30,904 - Peer 1006 received the 'not interested' message from 1001.
2026-04-22 17:16:30,905 - Peer 1006 has downloaded the piece 724 from 1005. Now the number of pieces it has is 1586.
2026-04-22 17:16:30,905 - Peer 1006 received the 'not interested' message from 1001.
2026-04-22 17:16:30,906 - Peer 1006 has downloaded the piece 1003 from 1002. Now the number of pieces it has is 1587.
2026-04-22 17:16:30,907 - Peer 1006 has downloaded the piece 1149 from 1001. Now the number of pieces it has is 1588.
2026-04-22 17:16:30,907 - Peer 1006 received the 'not interested' message from 1004.
2026-04-22 17:16:30,911 - Peer 1006 received the 'not interested' message from 1004.
2026-04-22 17:16:30,911 - Peer 1006 received the 'not interested' message from 1004.
2026-04-22 17:16:30,912 - Peer 1006 received the 'not interested' message from 1005.
2026-04-22 17:16:30,913 - Peer 1006 received the 'not interested' message from 1002.
2026-04-22 17:16:30,913 - Peer 1006 received the 'not interested' message from 1005.
2026-04-22 17:16:30,914 - Peer 1006 received the 'not interested' message from 1002.
2026-04-22 17:16:30,914 - Peer 1006 received the 'not interested' message from 1005.
2026-04-22 17:16:30,914 - Peer 1006 received the 'not interested' message from 1001.
2026-04-22 17:16:30,915 - Peer 1006 received the 'not interested' message from 1002.
2026-04-22 17:16:30,915 - Peer 1006 received the 'not interested' message from 1005.
2026-04-22 17:16:30,915 - Peer 1006 received the 'not interested' message from 1001.
2026-04-22 17:16:30,915 - Peer 1006 received the 'not interested' message from 1002.
2026-04-22 17:16:30,916 - Peer 1006 received the 'not interested' message from 1005.
2026-04-22 17:16:30,916 - Peer 1006 received the 'not interested' message from 1001.
2026-04-22 17:16:30,916 - Peer 1006 received the 'not interested' message from 1002.
2026-04-22 17:16:30,917 - Peer 1006 received the 'not interested' message from 1001.
2026-04-22 17:16:30,919 - Peer 1006 has downloaded the piece 1061 from 1005. Now the number of pieces it has is 1589.
2026-04-22 17:16:30,919 - Peer 1006 has downloaded the piece 281 from 1002. Now the number of pieces it has is 1590.
2026-04-22 17:16:30,921 - Peer 1006 has downloaded the piece 1062 from 1001. Now the number of pieces it has is 1591.
2026-04-22 17:16:30,923 - Peer 1006 received the 'not interested' message from 1003.
2026-04-22 17:16:30,923 - Peer 1006 received the 'not interested' message from 1003.
2026-04-22 17:16:30,923 - Peer 1006 received the 'not interested' message from 1003.
2026-04-22 17:16:30,924 - Peer 1006 has downloaded the piece 628 from 1004. Now the number of pieces it has is 1592.
2026-04-22 17:16:30,926 - Peer 1006 received the 'not interested' message from 1002.
2026-04-22 17:16:30,927 - Peer 1006 received the 'not interested' message from 1002.
2026-04-22 17:16:30,927 - Peer 1006 received the 'not interested' message from 1002.
2026-04-22 17:16:30,927 - Peer 1006 received the 'not interested' message from 1005.
2026-04-22 17:16:30,929 - Peer 1006 received the 'not interested' message from 1001.
2026-04-22 17:16:30,929 - Peer 1006 received the 'not interested' message from 1005.
2026-04-22 17:16:30,929 - Peer 1006 received the 'not interested' message from 1001.
2026-04-22 17:16:30,929 - Peer 1006 has downloaded the piece 703 from 1002. Now the number of pieces it has is 1593.
2026-04-22 17:16:30,929 - Peer 1006 received the 'not interested' message from 1005.
2026-04-22 17:16:30,929 - Peer 1006 received the 'not interested' message from 1004.
2026-04-22 17:16:30,929 - Peer 1006 received the 'not interested' message from 1003.
2026-04-22 17:16:30,930 - Peer 1006 received the 'not interested' message from 1001.
2026-04-22 17:16:30,931 - Peer 1006 received the 'not interested' message from 1005.
2026-04-22 17:16:30,932 - Peer 1006 received the 'not interested' message from 1001.
2026-04-22 17:16:30,932 - Peer 1006 received the 'not interested' message from 1002.
2026-04-22 17:16:30,934 - Peer 1006 received the 'not interested' message from 1005.
2026-04-22 17:16:30,934 - Peer 1006 received the 'not interested' message from 1002.
2026-04-22 17:16:30,935 - Peer 1006 has downloaded the piece 1366 from 1001. Now the number of pieces it has is 1594.
2026-04-22 17:16:30,936 - Peer 1006 has downloaded the piece 1366 from 1005. Now the number of pieces it has is 1594.
2026-04-22 17:16:30,937 - Peer 1006 has downloaded the piece 196 from 1002. Now the number of pieces it has is 1595.
2026-04-22 17:16:30,938 - Peer 1006 received the 'not interested' message from 1003.
2026-04-22 17:16:30,939 - Peer 1006 received the 'not interested' message from 1003.
2026-04-22 17:16:30,939 - Peer 1006 received the 'not interested' message from 1004.
2026-04-22 17:16:30,942 - Peer 1006 received the 'not interested' message from 1003.
2026-04-22 17:16:30,943 - Peer 1006 received the 'not interested' message from 1005.
2026-04-22 17:16:30,943 - Peer 1006 received the 'not interested' message from 1004.
2026-04-22 17:16:30,944 - Peer 1006 received the 'not interested' message from 1005.
2026-04-22 17:16:30,944 - Peer 1006 received the 'not interested' message from 1001.
2026-04-22 17:16:30,944 - Peer 1006 received the 'not interested' message from 1002.
2026-04-22 17:16:30,944 - Peer 1006 received the 'not interested' message from 1004.
2026-04-22 17:16:30,944 - Peer 1006 received the 'not interested' message from 1005.
2026-04-22 17:16:30,944 - Peer 1006 has downloaded the piece 307 from 1003. Now the number of pieces it has is 1596.
2026-04-22 17:16:30,945 - Peer 1006 received the 'not interested' message from 1001.
2026-04-22 17:16:30,945 - Peer 1006 received the 'not interested' message from 1002.
2026-04-22 17:16:30,945 - Peer 1006 received the 'not interested' message from 1004.
2026-04-22 17:16:30,945 - Peer 1006 received the 'not interested' message from 1005.
2026-04-22 17:16:30,946 - Peer 1006 received the 'not interested' message from 1001.
2026-04-22 17:16:30,946 - Peer 1006 received the 'not interested' message from 1002.
2026-04-22 17:16:30,946 - Peer 1006 received the 'not interested' message from 1004.
2026-04-22 17:16:30,947 - Peer 1006 received the 'not interested' message from 1001.
2026-04-22 17:16:30,949 - Peer 1006 received the 'not interested' message from 1004.
2026-04-22 17:16:30,949 - Peer 1006 received the 'not interested' message from 1004.
2026-04-22 17:16:30,949 - Peer 1006 has downloaded the piece 475 from 1005. Now the number of pieces it has is 1597.
2026-04-22 17:16:30,951 - Peer 1006 has downloaded the piece 894 from 1002. Now the number of pieces it has is 1598.
2026-04-22 17:16:30,952 - Peer 1006 has downloaded the piece 1296 from 1001. Now the number of pieces it has is 1599.
2026-04-22 17:16:30,953 - Peer 1006 has downloaded the piece 894 from 1004. Now the number of pieces it has is 1599.
2026-04-22 17:16:30,955 - Peer 1006 received the 'not interested' message from 1003.
2026-04-22 17:16:30,956 - Peer 1006 received the 'not interested' message from 1003.
2026-04-22 17:16:30,957 - Peer 1006 received the 'not interested' message from 1002.
2026-04-22 17:16:30,957 - Peer 1006 received the 'not interested' message from 1003.
2026-04-22 17:16:30,959 - Peer 1006 received the 'not interested' message from 1005.
2026-04-22 17:16:30,959 - Peer 1006 received the 'not interested' message from 1002.
2026-04-22 17:16:30,959 - Peer 1006 received the 'not interested' message from 1004.
2026-04-22 17:16:30,960 - Peer 1006 received the 'not interested' message from 1003.
2026-04-22 17:16:30,960 - Peer 1006 received the 'not interested' message from 1001.
2026-04-22 17:16:30,960 - Peer 1006 received the 'not interested' message from 1005.
2026-04-22 17:16:30,961 - Peer 1006 received the 'not interested' message from 1004.
2026-04-22 17:16:30,961 - Peer 1006 received the 'not interested' message from 1003.
2026-04-22 17:16:30,961 - Peer 1006 received the 'not interested' message from 1001.
2026-04-22 17:16:30,962 - Peer 1006 received the 'not interested' message from 1005.
2026-04-22 17:16:30,962 - Peer 1006 received the 'not interested' message from 1004.
2026-04-22 17:16:30,962 - Peer 1006 received the 'not interested' message from 1003.
2026-04-22 17:16:30,962 - Peer 1006 received the 'not interested' message from 1001.
2026-04-22 17:16:30,962 - Peer 1006 received the 'not interested' message from 1005.
2026-04-22 17:16:30,964 - Peer 1006 received the 'not interested' message from 1004.
2026-04-22 17:16:30,964 - Peer 1006 received the 'not interested' message from 1003.
2026-04-22 17:16:30,964 - Peer 1006 received the 'not interested' message from 1001.
2026-04-22 17:16:30,964 - Peer 1006 received the 'not interested' message from 1005.
2026-04-22 17:16:30,965 - Peer 1006 received the 'not interested' message from 1004.
2026-04-22 17:16:30,965 - Peer 1006 received the 'not interested' message from 1003.
2026-04-22 17:16:30,965 - Peer 1006 received the 'not interested' message from 1001.
2026-04-22 17:16:30,966 - Peer 1006 received the 'not interested' message from 1004.
2026-04-22 17:16:30,966 - Peer 1006 received the 'not interested' message from 1003.
2026-04-22 17:16:30,966 - Peer 1006 received the 'not interested' message from 1003.
2026-04-22 17:16:30,966 - Peer 1006 has downloaded the piece 1212 from 1005. Now the number of pieces it has is 1600.
2026-04-22 17:16:30,968 - Peer 1006 has downloaded the piece 1212 from 1001. Now the number of pieces it has is 1600.
2026-04-22 17:16:30,969 - Peer 1006 has downloaded the piece 1212 from 1003. Now the number of pieces it has is 1600.
2026-04-22 17:16:30,971 - Peer 1006 received the 'not interested' message from 1002.
2026-04-22 17:16:30,971 - Peer 1006 received the 'not interested' message from 1001.
2026-04-22 17:16:30,972 - Peer 1006 received the 'not interested' message from 1002.
2026-04-22 17:16:30,972 - Peer 1006 has downloaded the complete file.
2026-04-22 17:16:30,972 - Peer 1006 received the 'not interested' message from 1001.
2026-04-22 17:16:30,973 - Peer 1006 received the 'not interested' message from 1002.
2026-04-22 17:16:30,974 - Peer 1006 received the 'not interested' message from 1005.
2026-04-22 17:16:30,974 - Peer 1006 received the 'not interested' message from 1005.
2026-04-22 17:16:30,975 - Peer 1006 received the 'not interested' message from 1005.
2026-04-22 17:16:30,975 - Peer 1006 has downloaded the piece 1212 from 1002. Now the number of pieces it has is 1600.
2026-04-22 17:16:30,976 - Peer 1006 received the 'not interested' message from 1003.
2026-04-22 17:16:30,976 - Peer 1006 received the 'not interested' message from 1003.
2026-04-22 17:16:30,976 - Peer 1006 received the 'not interested' message from 1003.
2026-04-22 17:16:30,977 - Peer 1006 received the 'not interested' message from 1002.
2026-04-22 17:16:30,977 - Peer 1006 received the 'not interested' message from 1005.
2026-04-22 17:16:30,977 - Peer 1006 received the 'not interested' message from 1003.
2026-04-22 17:16:30,977 - Peer 1006 received the 'not interested' message from 1002.
2026-04-22 17:16:30,977 - Peer 1006 received the 'not interested' message from 1002.
2026-04-22 17:16:30,977 - Peer 1006 received the 'not interested' message from 1002.
2026-04-22 17:16:30,981 - Peer 1006 received the 'not interested' message from 1003.
2026-04-22 17:16:30,982 - Peer 1006 received the 'not interested' message from 1001.
2026-04-22 17:16:30,982 - Peer 1006 received the 'not interested' message from 1001.
2026-04-22 17:16:30,986 - Peer 1006 received the 'not interested' message from 1003.
2026-04-22 17:16:30,987 - Peer 1006 received the 'not interested' message from 1003.
2026-04-22 17:16:31,023 - Peer 1006 received the 'not interested' message from 1004.
2026-04-22 17:16:31,023 - Peer 1006 received the 'not interested' message from 1004.
2026-04-22 17:16:31,023 - Peer 1006 received the 'not interested' message from 1004.
2026-04-22 17:16:31,023 - Peer 1006 received the 'not interested' message from 1004.
2026-04-22 17:16:31,025 - Peer 1006 has downloaded the piece 1212 from 1004. Now the number of pieces it has is 1600.
2026-04-22 17:16:31,025 - Peer 1006 received the 'not interested' message from 1001.
2026-04-22 17:16:31,025 - Peer 1006 received the 'not interested' message from 1002.
2026-04-22 17:16:31,026 - Peer 1006 received the 'not interested' message from 1005.
2026-04-22 17:16:31,032 - Peer 1006 received the 'not interested' message from 1004.
2026-04-22 17:16:31,032 - Peer 1006 received the 'not interested' message from 1004.
2026-04-22 17:16:31,032 - Peer 1006 received the 'not interested' message from 1004.
2026-04-22 17:16:31,032 - Peer 1006 received the 'not interested' message from 1004.
2026-04-22 17:16:31,033 - Peer 1006 received the 'not interested' message from 1003.
2026-04-22 17:16:31,036 - Peer 1006 received the 'not interested' message from 1004.
2026-04-22 17:16:31,037 - Peer 1006 received the 'not interested' message from 1003.
2026-04-22 17:16:33,871 - Peer 1006 is choked by 1001.
2026-04-22 17:16:35,307 - Peer 1006 is choked by 1003.
